nmId,productValuation,color,text,answer
0,1,," 5 попыток было испечь хлеб с этой муки, и один результат  - ""пирог из глины"". ",
0,1,,"1 звезда за то что нет даты изготовления и пить прийдеться на свой страх и риск, печально конечно 🤔😓","Срок годности может стоять вне окошка. Проверьте по площади всей банки. Также гарантируем, что протеин свежий, так как он пользуется высоким спросом, поэтому мы осуществляем регулярные поставки свежего продукта."
0,1,,"2 недели уже стоит, так ничего и не взошло",Добрый день! Некоторым растениям иногда требуется больше времени на всхожесть. Рекомендуем продолжить уход за растением и подождать еще. Многое зависит и от условий выращивания и полива.
0,1,,"25.07.21 получил данный товар. Упаковка была надорвана.. Количество заявленных мешков сопадало с указанным на кробке.
По приезду домой обнаружилось, что товар не соответствует заказу и не подходит к указанному мною пылесосу. Сама форма мешка и главное картридж для установки не соответствует заказанному товару.  Фотографии имеются, но вставить не удается. Оценка плохо.",
0,1,,2x  увелечение.,
0,1,,"4 раза покупала пасту этой фирмы на подарки, из-за отзывов. только один раз пришла упакована нормально, в спаяный пакет. Причем самая дешевая из них! 1 раз вскрытая и надъеденая, 1раз протекшая, 1раз со следами от грязных пальцев. Одно разочарование! Не понимаю прикола, покупаешь шампунь за 200 р попакуют в сто пакетов и коробку, покупаешь пасту за 850р приходит банка как есть. Все помацали кто мог, кушайте на здоровье!","Видимо потому, что с ростом заказов в онлайне в 2020м году маркетплейс не справился, и на продуктах питания по какой-то причине это очень распространенный отзыв. Сколько было съедено наших паст логистами и курьерами маркетплейса - нам до сих пор не понятно."
0,1,,"""Гипоалергенный""??? На каком же основании производитель это пишет?! Во-первых, от приторного, химически-сладкого запаха сразу началось раздражение слизистой носа и глаз! Во-вторых, при мытье начало печь голову и появился зуд! У меня при осветлении и окрашивании волос никогда такого небыло, а тут из-за шампуня! С аналогичной бальзамом-маской, кстати, та же история.
Производители, зачем вводите людей в заблуждение?! Ведь у человека-аллергика может случиться приступ во время или после использования вашей ""химии""! И где потом виноватых искать?! Засудить таких производителей надо! Называйте вещи своими именами!
Еще и почти 800 р.просто выкинула в помойку, поверив вам!",
0,1,,"А где сыворотка? Будет ли в них вообще толк, для красоты их использовать? Сухие ","Добрый день. Сожалеем, что службы площадки доставили товар в таком виде. Поставщик всегда проверяет продукцию и не отгружает изначальный брак. Еще раз приносим извинения за ситуацию."
0,1,,А мне вообще вместо мешков для пылесоса прислали овощерезку. Жду возврат... ,"Да, овощерезкой дом не пропылесосить.... Видимо сотрудники склада Wildberries что-то напутали. Нам очень жаль, что из-за этого Вы снижаете рейтинг нашего товара. Если несложно измените оценку, ведь она не отражает качество данных пылесборников. Спасибо!"
0,1,,"Абсолютно бесполезная штука,не очищает,не пенится, ни капли не отбеливает,ощущения чистоты даже нет","Здравствуйте, сожалеем, что товар вам не подошел и вы остались не довольны."
0,1,,Аллергия от них жуткая!,
0,1,,"Аромата розы нет вообще, зато есть ощущение, что ешь вприкуску с духами какими-то.",Очень сожалеем что Вам не понравился наш продукт(((
0,1,,Аромата розы почти не ощущается( ,Очень сожалеем что Вам не понравился наш продукт(((
0,1,,База не просыхает,Добрый день. Благодарим Вас за обратную связь. Наши камуфлирующие базы хорошо ложатся и сохнут. Мы рекомендуем сушить их в исправной лед лампе мощностью от 36 ватт от 60 секунд каждый слой.
0,1,,"База неплохая, но снимаю звёзды за аллергическую реакцию. Впервые в жизни возникла такая ужасная реакция, и только с этой базой. Под ногтями образовались волдыря, все зудело и болело. Обидно. Всем, кто склонен к аллергии - осторожно.",
0,1,,"База ужасна, не самовыравнивается,  проплешины, растекается, не советую!!!","Добрый день. Благодарим Вас за обратную связь. Нам жаль, что камуфлирующая база Вам не понравилась. При необходимости Вы можете доработать покрытие тонкой кистью. Чтобы база не растекалась, рекомендуем Вам брать каплю поменьше."
0,1,,Бальзам Звездочка *️⃣ неприятный запах,
0,1,,"Банка приехала с неплотно закрытой крышкой, часть урбеча вытекла. Всю банку придется выкинуть. Заказывала в другом месте, банка была плотно закрыта. Обидно. Больше не буду заказывать здесь продукты.",Добрый день. Благоарим Вас за выбор нашей продукции и сигнал - это для нас важно. Будем искать решение совместно с сервисом WB
0,1,,"Банка приехала с порваной фольгой, вся в потёках. От товара отказалась.","Добрый день. По поводу качества доставки обращайтесь в службу доставки, снижая звезду производителю проблему не решает. "
0,1,,"Банка пришла вся разбитая!!! Уважаемый  Вайлдберриз, неужели сложно упаковать баночку в коробку, а не тупо ее класть в пакетик?! Даже не стала забирать, упаковано в мягкий пакет и внутри все было разбито!!!!","Оксана, добрый день! Очень жаль, что вы получили свой заказ в таком виде. Мы очень хотим, чтобы заказы радовали наших покупателей. Пожалуйста, напишите на нашу почту или позвоните по телефону горячей линии, мы вышлем вам целую баночку этого десерта бесплатно! Надеемся, нам удастся сгладить неприятное впечатление от случившегося!)"
0,1,,"Банка пришла разбитая на мелкие осколочки, я вся порезалась!!! Я настолько опешила, что даже не сфотографировала это все, побежала обрабатывать руки!! Ужас!!!","Наталья, добрый день! Нам искренне жаль из-за произошедшего недоразумения. Мы передадим замечание в отдел доставки. В качестве компенсации мы хотели бы отправить вам целую баночку этого десерта. Пожалуйста, напишите на нашу эл.почту (адрес вы можете найти на официальном сайте нашего интернет-магазина в разделе ""Контакты""). Надеемся, что нам удастся сгладить неприятное впечатление, а дальнейшие заказы нашей продукции будут вас только радовать. "
0,1,,Банка пришла разбитая.,
0,1,,Банка с пастой пришла повреждённая на дне. Часть пасты вытекла.,"Добрый день! Благодарим Вас за обратную связь.  Нам очень жаль, что Вы получили заказ в таком состоянии.  Наша компания всячески пытается избежать подобных ситуаций, но есть случаи когда мы не можем брать всю ответственность за работу других поставщиков и платформ.  В любом случае нам важно, чтобы наша продукция дарила Вам только положительные эмоции.  По вопросам транспортировки и упаковки продукции необходимо обратиться в службу поддержки клиентов Wildberries.  Надеемся, что Вы останетесь нашим постоянным покупателем. "
0,1,,"Банка, как и у многих, пришла разбитая. К сожалению, обнаружили это уже придя домой. Вкус оценивать не рискнули, так есть мелкие осколки стекла. Поставщику, очевидно, следует продумать более надежную упаковку, учитывая ""бережное"" отношение к посылкам службы доставки.","Алексей, добрый день! Жаль, что баночка была повреждена во время транспортировки(. Мы очень хотим, чтобы заказы продукции ""Иван-поле"" радовали покупателей, поэтому хотим выслать вам целую баночку этого десерта бесплатно! Пожалуйста, напишите на нашу почту (вы можете найти ее на сайте нашего интернет-магазина) или позвоните по телефону горячей линии (указан на каждой упаковке), будем ждать. Надеемся, что продукт в итоге заслужит вашу высокую оценку! 
Мы работаем над тем, чтобы сделать упаковку более крепкой и надежной, очень надеемся, что совсем скоро таких проблем больше не будет возникать."
0,1,,"Бесполезная покупка, очень не удобен к применению и ничего не отбеливает","Здравствуйте, сожалеем, что товар вам не подошел и вы остались не довольны."
0,1,,Бесполезные абсолютно.,
0,1,,Беспонтовые,"Уважаемые конкуренты, повышайте качество собственной продукции, чтобы не приходилось писать фиктивные отзывы другим поставщикам. "
0,1,,"Большая, бестолковая, не адаптированная для детей 21 века. Можно было подобрать куда более подходящие произведения.","Здравствуйте! Спасибо за Вашу оценку и уделённое время. Для того, чтобы Вам определиться с целесообразностью приобретения данной книги, мы размещаем размеры книги, содержание, развороты и видеообзор в разделе иллюстраций. 
"
0,1,,"Брала в чёрной упаковке с пептидами , очень понравился, этот пока не пробовала, позже напишу)))","Добрый день! Благодарим Вас за то, что нашли время оставить отзыв. Нам жаль, что Вы оценили крем в 1 балл из 5 возможных. C уважением, команда LIMONI"
0,1,,Брала за 305 руб. Вообще не советую! Плёнкой отходит от ногтя через несколько дней!,"Добрый день! Порядок подготовки ногтевой пластины:
1. Обезжириваем ногтевую пластину.
2. Приподнимаем чешуйки ногтевой пластины пилкой 180 или 200 грит или бафом 150 грит.
3. Очищаем ногтевую пластину от опила.
4. Используем праймер.
5. Первый слой наносим тонкий втирающий, второй - выравнивающий.

Если материал не носится, то, вероятно, есть эффект привыкания ногтей к кислотным базам. В таком случае на данную базу переход должен быть постепенным - первое время с подложкой из привычной базы."
0,1,,"Бумага пришла в отвратительном состоянии, упаковка грязная с подтеками. Отказ.","Здравствуйте! Уверяем, что отправляем только качественные товары в надлежащем виде. Приносим свои извинения за службу доставки Wildberries.  Правильно сделали оформив отказ. Рекомендуем сделать повторный заказ, данное изделие достойно Вашего внимания! "
0,1,,Бумажные лучше! Не рекомендую!!!,
0,1,,"Был распакован и склеен скотчем ,линяет , не рекомендую!!!",
0,1,,"В клавиатуре справкой стороны западали цифры, особенно 012, очень сильный запах пластика, через месяц работы колёсико в мышке перестала работать. Пожалела, что купила, пустая трата денег","Сожалеем, что Вам пришлось столкнуться с неудобствами во время использования нашего товара. Допускаем, что Вам пришло бракованное изделие. Товар можно вернуть, предварительно оформив заявку в личном кабинете «Проверка товара – Возврат после оплаты по браку». Не забудьте приложить к заявлению видео, где видна проблема. Обращение рассматривается в срок до 5 дней. После подтверждения заявки денежные средства возвращаются на баланс сразу же после фактической передачи товара."
0,1,,"В комплекте небыло выносного датчика температуры. Поняли это только дома, когда стали включать. Очень обидно.",
0,1,,В наборе нет семян... ребёнок расстроился... совести у вас нет...,"Здравствуйте, нам очень жаль, что вам пришлось столкнуться с такой ситуацией. Обратитесь пожалуйста к производителю, он обязательно восполнит вам недостаток семян. Также вы можете оформить возврат. Если ничего не получится, напишите нашему менеджеру: lapina@bumbaram.ru"
0,1,,В наборе семян НЕТ. Обман. Купила землю. Ребёнок расстроен. Похоже не у меня одной такое. Не рекомендую.,"Добрый день! Приносим свои извинения за сложившуюся ситуацию. Обычно семена закреплены в хедере набора (на одной из фото товара Вы можете увидеть, где точно они должны лежать). Если семян в наборе нет, оформите, пожалуйста, претензию через свой личный кабинет. Очень надеемся, что ситуация решится в ближайшее время."
0,1,,"В наш город перестали завозить этот корм, а котейка его любит. Заказывали несколько раз на вб - все было ок. В последний раз и этот корм, и с индейкой, видимо, были с нарушением хранения. Коту было очень плохо - рвота, понос. Вайлдберриз, как так? Это корм, его надо хранить и транспортировать по правилам!",
0,1,,"В флаконе меньше половины, ","Добрый день! Это брак, сожалеем о вашем опыте. Сделаем все возможное, чтобы такого больше не повторялось."
0,1,,В целом тубусе пришла помятая раскраска...,
0,1,,"Взяла на пробу, банка не полная!!!! 
Следов как будто её вскрывали не обнаружила...","Здравствуйте, Наталия! Благодарим Вас за покупку регенерирующей маски Skin Helpers. Объем соответствует заявленным 50 мл. Желаем Вам приятного использования."
0,1,,"Вкус не понравился, как дешëвый в брикетах ""плодово-выгодный . Не советую, разочарование ☹️","Здравствуйте! Спасибо за покупку.

Мы очень огорчены сравнением нашего натурального и качественного продукта с дешевыми «киселями». Наш Кисель не заслуживает такой низкой оценки! Вкус Вам может и не понравится, все зависит от Ваших вкусовых предпочтений. Но это не значит, что продукт плохой! Это значит, что Вам просто нужно попробовать другой вкус нашего Киселя или добавить к нему сахара или сиропа, чтобы сделать вкус слаще и насыщеннее. Или Кисель вообще не Ваш продукт, такое тоже бывает. Мы производим наши Кисели только из натуральных ягод, не используем никаких красителей, консервантов и ароматизаторов!

Попробуйте наши вкусные натуральный Морс Облепиховый с тыквой и апельсином Арт. 41461907 это пребиотический напиток с пищевыми волокнами, которые способствуют росту полезной микрофлоры, нормализации процессов пищеварения, ускорению и облегчению пищевого цикла и повышению иммунитета. Сочетание мякоти тыквы с ягодами облепихи и апельсина является источником бетакаротина.

Здоровья Вам"
0,1,,"Вкус прогорклый,как будто истёк срок годности,запах кокоса,не навязчивый.если б можно было бы вернуть,вернула бы.на губах прогорклая горечь.хотя срок годности до декабря 2021года.","Добрый день. Спасибо за отзыв. Жаль, что продукт Вам не понравился. В бальзаме использованы только натуральные компоненты высокого качества."
0,1,,Вместо бумаги пришла лежанка для животных...,
0,1,,"Вместо льняного семя прислали ореховую пасту из миндаля. На пункте выдачи этого не увидела, только дома когда открыла. И вместо двух банок пришла одна, а вторая висит в статусе «На поиске» И сколько так будет продолжаться? Нет товара, верните деньги. Тем более не надо присылать другой товар. ","Добрый день. Мы абсолютно с Вами согласны, подобный сервис не допустим. Нам искренне жаль что так произошло. Надеемся что сервисная служба WB сможет разрешить данный вопрос. Благоарим Вас за выбор нашей продукции. "
0,1,,Вместо молока была серая водичка с белыми хлопьями. Пришлось всё выкинуть. Очень обидно.,
0,1,,Вместо монеты пришли одеяло и подушка,"Добрый день! Спасибо, что сообщили о проблеме! Доставку обеспечивают сотрудники Wildberries. Мы уже сообщили о проблеме с пересортом данного товара на склад и совместно со специалистами Wildberries работаем над исправлением ситуации. 
Благодарим за понимание!

С любовью и благодарностью, 
Ваша ОптимаБизнес
"
0,1,,Вместо нори  пришли носки мужские в консервной банке. ,"Добрый день.
Сборкой и доставкой заказа, занимаются службы Вб. Рекомендуем обратиться в службу поддержки Вб."
0,1,,"Вместо патчей пришёл совершенно другой товар,какой-то крем для лица... товар приобретался как подарок..",
0,1,,Вместо рисовой муки пришла зелёная гречка.,"Приветствуем вас!
Во избежание неприятных ситуаций, связанных с порчей или несоответствием продукта, мы настоятельно рекомендуем вам проверять продукцию в пункте выдачи или при курьере.
Со своей стороны мы делаем все, что касается регламента Wildberries для транспортировки товара и даже больше, но, к сожалению, мы не можем контролировать качество самой транспортировки до пунктов выдачи и в таких случаях рекомендуем вам оформлять возврат товара.
По вопросам качества доставки вы можете обратиться в магазин через раздел ""обращения"" в личном кабинете и оставить жалобу. Надеемся, что качество доставки вас больше не подведёт."
0,1,,"Вместо сахаразаменителя прислали вот это, деньги до сих пор не вернулись","Добрый день! Спасибо за доверие к нашему бренду. Очень жаль, что Вы получили заказ с неверным вложением, за что мы приносим свои извинения! К сожалению, производитель не может контролировать продукцию на этапе доставки, поэтому просим Вас сообщить об этом представителям службы доставки в Личном кабинете в разделе Обращения. Мы и служба логистики Wildberries стремимся к тому, чтобы заказы были доставлены в целостности и в кратчайшие сроки. Благодарим за понимание!"
0,1,,"Во-первых, кофе не такой уж и хороший. Средненький по качеству и вкусу. А во-вторых, совесть-то имейте, товарищи продавцы, взвинтить цены на кофе вашей марки в два раза, это уж слишком. Ведь производится он в России, под санкции не попал. Что ж вы так зверствуете?","Добрый день! Спасибо за отзыв, для нас это важно.  Грустно, что этот продукт не впечатлил Вас. У каждого свои вкусовые предпочтения. Надеемся, что в нашем большом ассортименте Вы сможете подобрать для себя что-то более подходящее. Что касается увеличения цены на кофе российского производителя, к сожалению кофе в нашей любимой стране не растет и стоимость сырья для производства кофе зависит от курса мировых валют. С уважением, команда MAGICGROUP!  "
0,1,,"Возрастные ограничения не соответствуют действительности. Необходимо в описании приложить скрин страницы про описание сперматозоидов, чтобы люди наглядно увидели содержание книги для детей 5+! Возврат был именно из за этого момента! Книгу брали на возраст 5-6лет. Удержали 62% от стоимости. С возвратом полной суммы жду результатов уже вторую неделю. Очень долго!","Здравствуйте! Спасибо за ваш отзыв! Отметим, что на обложке книги стоит возраст 5+. Нельзя сказать точно, в каком возрасте нужно разговаривать на эти темы. Как правило, вы смотрите на ребёнка и понимаете, что ему пора знать некоторые вещи. Но чем раньше начинать половое просвещение, тем проще маме или папе разговаривать с детьми об этом. Психологи считают, что к 3-4 годам хорошо, чтобы ребёнок знал, кто он, мальчик или девочка, знал, что мальчики от девочек отличаются половыми органами, и узнал, как они называются. А дальше - на Ваше усмотрение. Если Вы считаете, что Ваш ребёнок не готов, отложите чтение этого раздела на более позднее время. Возвратом денежных средств занимается непосредственно Вайлдберриз. Напишите свой вопрос в профиле в разделе ""Обращения"", Вам обязательно помогут."
0,1,,"Вообще не вкусно.. Сах зам противный 
Не советую","Вероника, добрый день! Спасибо за обратную связь. Искренне сожалеем, что вкус шоколадной пасты не оправдал ваших ожиданий. Этот десерт разработали специально для людей, ведущих строгий учёт сахаров в своём рационе. А тёртое какао и полезные пищевые волокна в составе, делают наш продукт не только вкусным, но и полезным. Надеемся, что последующие заказы продукции от ""Иван-поле"" вас не разочаруют. "
0,1,,"Вообще не держится, брала на пробу","Здравствуйте! Возможно, была использована неверная технология нанесения. Перед нанесением необходимо выполнить подготовку ногтевой платсины: шлифовка бафом 150 грит или пилкой 180-200 грит в одну сторону снизу-вверх, затем обезжириватель и праймер. Затем тонким втирающем слоем наносится база. Если есть проблемы в носке, этот слой полимеризуется, и уже на втором слое выполняется более объёмное покрытие. Надеемся, это исправит проблему. Также обращаем ваше внимание, что данная базы подходит для крепких, здоровых ногтей. Для проблемных ногтей лучше использовать базу ASW-190."
0,1,,"Вообще не понимаю, кто говорит, что она классная. На второй день отслоилась... Либо вы совсем посуду не моете и по дому ничего не делаете... База никакая. Не самовыравнивается.","Добрый день. Благодарим Вас за обратную связь. Мы рекомендуем наносить под камуфлирующую базу тонкую подложку из прозрачной базы. И при выполнении работы по дому обязательно использовать перчатки, чтобы защитить покрытие и нежную кожу рук от агрессивного воздействия."
0,1,,"Вообще не понравился, сушит волосы, расход большой","Спасибо за отзыв, Диана! Бальзам по определению не может сушить волосы, так как в составе уходы для волос. Наша компания строго следит за качеством производимых продуктов. Мнение каждого их наших покупателей, крайне важно для нас. Благодарим Вас!"
0,1,,"Вообще не поняла эту пасту. Делала все по инструкции, а результата ноль. Обрабатывала порядка 5 растений в разных местах (не более 3 точек пробуждения на растении), но НИ НА ОДНОМ не появилось новых почек в тех местах, где нанесла пасту по технологии, указаной на упаковке. Уже прошло больше месяца, я расстроена",
0,1,,Вообще не то что я заказала. Ооочень ждала.... Ооочень разочарована!!!,
0,1,,"Вообще не тот запах, рядом не стоял, так сильно расстроился...","Добрый день, нам очень жаль что вам не понравилась данная позиция.Надеемся вас заинтересуют другие товары нашего бренда."
0,1,,"Вообще ни  о чем, мне лично ничего не убрали",
0,1,,"Вообще ни какого эффекта, салфетки внутри почти сухие, брала до этого на сервисе СП, вот там было реально огонь, поэтому тут и заказала, но, очевидно, подделка. Деньги на ветер, не рекомендую.","Добрый день!
Мы поставляем на Вайлдберриз только оригинальные товары, что подтверждается документально.
Приносим извинения, что товар оказался некачественным. Такое могло произойти из-за разгерметизации упаковки (заводской брак).
Можете оставить в личном кабинете заявку на возврат товара.
Приятного дня!"
0,1,,Вообще никакого эффекта. ,
0,1,,"Вообще пришёл другой ,просто золотистый гель-лак, забрала не глянула","Добрый день.
Товар покупателю направляет не бренд, сожалеем о Вашем опыте. Пожалуйста, обратитесь в клиентскую службу поддержки wildberries."
0,1,,Вопрос производителю: Как действует крем на сустав?  Какая периодичность использования крема?  Ожог кожи  это норма? И вопрос магазину: Несет ли ответственность магазин за продаваемый товар?,"Елена, доброго дня!
Спасибо Вам за покупку! 
Крем оказывает обезболивающее и согревающее действие, улучшает подвижность сустава, способствует устранению скованности. 
Мумие в составе крема запускает регенеративные процессы в поврежденном суставе и при длительном применении способствует улучшению состояния сустава. 

Рекомендуем наносить 2-3 раза в день на поврежденный или больной сустав. 
Ожог это не норма. 
Может быть индивидуальная непереносимость компонентов. 
Крем содержит экстракт красного перца, чувствительность кожи у всех разная. 
Может Вы нанесли большую концентрацию крема, рекомендовано наносить тонким слоем. Мы несем ответственность за качество продукции, индивидуальная непереносимость к качеству не относится.
Для здоровья суставов в комплексной терапии рекомендуем Вам пропить травяной сбор и бальзам: 
Травяной сбор Здоровые суставы арт 9213236

Медовый густой концентрированный бальзам для здоровья суставов арт 10250546
Желаем Вам здоровья и ждём за покупками!"
0,1,,Вот в таком виде получила товар,
0,1,,"Вот такая «красота». Принесла домой из пункта выдачи, открыла и очень расстроилась ","Алена, пожалуйста, не расстраивайтесь! С молоком все в порядке. Это молоко сделано без добавления воды и эмульгаторов, поэтому на холоде расслаивается на 2 фракции: густые сливки и жидкую часть молока. Этим свойством даже пользуются кондитеры, чтобы получить очень густые кокосовые сливки.

Если Вы храните молоко в холодильнике или принесли его с улицы, упаковку нужно поместить в ёмкость с горячей водой примерно на 5 минут, далее достать и интенсивно взболтать. Молоко сразу станет однородным. Закрытые упаковки можно хранить при комнатной температуре.
"
0,1,,"Вот такой обман .. написано 100гр, на деле 50, за почти 800₽... Вот это прям подстава... 😢😤 Хорошо что не в подарок взяла... И согласна в предыдущим комментатором, ЭТО не ГАБА, вообще не разу...","Здравствуйте! Спасибо за обратную связь, для нас это важно. Сожалеем, что Вам пришел недовес. Пожалуйста, напишите нам на электронную почту, указанную на обороте упаковки и мы уладим данную ситуацию. Со своей стороны мы проведем проверку на производстве для того, чтобы подобных ситуаций не повторилось."
0,1,,"Вот уж г.....о г.....м  Такое я еще не пробовала, как будто мыло ешь. Ни консистенция самого продукта ни вкус, НИЧЕГО не понравилось.УЖАСНО просто",Очень сожалеем что Вам не понравился наш продукт(((
0,1,,"Впервый раз купила молоко этой фирмы и полное разочерование, оно испорченно, вода и сгусток кокоса. Хорошо, что упаковку не закащала, теперь нет доверия вашей продукции.","Наталья, добрый день! Если Вы внимательно прочитаете описание продукта, то увидите, что там написано о свойстве этого натурального кокосового молока расслаиваться в холодное время года, так как в нем нет эмульгаторов и прочих синтетических добавок. Для того, чтобы стабилизировать молоко и сделать его однородно жидким, подержите упаковку в горячей воде и интенсивно взболтайте. Спасибо за обратную связь."
0,1,,"Врет, показывает больше на 3 градуса",
0,1,,"Все пришло хорошо упакованым.
Ну вкус чувствуется химия очень сильно.
На любителя","Здравствуйте! За вкус в составе отвечают: какао тёртое, какао-порошок, молоко сухое обезжиренное и соль - всё это 100% натуральные компоненты. Спасибо за обратную связь!"
0,1,,"Всегда брал казеин этой фирмы и нарицаний не было. Сегодня получил и после вскрытия пакета сразу насторожился, потому что по виду был похож на обычное сухое молоко. Раньше для разведения одной порции до жидкого состояния требовалось не менее 200 мл молока, сейчас двойная порция легко растворилась в 100 мл даже не створаживоясь. Больше ""насорога"" никогда брать не буду.","Добрый день. Для Казеина у нас используется сырье двух ведущих  европейских производителей из Новой Зеландии и Франции, консистенция продукта может отличатся, но все основные характеристики и качества продукта идеyтичны у обоих видов сырья. Возможно, до этого Вам приходил всегда одинаковый вид сырья. Спасибо что выбрали Prime Kraft!"
0,1,,"Всегда отличный продукт был, а тут пришла упаковка с подкисшим продуктом. Да, расслаиваться должно молоко, но здесь при нагревании отделяется просто жир, собрать  его в однородную массу невозможно. Кофе покрылось как бульон жиром (обычно наподобие сливок взбитых), пить невозможно, и привкус с кислинкой. Я уже порядка 10 пачек покупала, такое в первый раз. Партия от 19.07.20.",напишите пожалуйста на order@unicatrade.ru
0,1,,Вскрытый мешок. Не хватает 1 кг.,"Оксана, добрый день! Мы сожалеем, что Вы столкнулись с данной проблемой. Упаковка и доставка товара осуществляется силами компании Wildberries. Благодарим за обратную связь."
0,1,,"Всходы появились через сутки, чем была крайне удивлена, но на третьи сутки пропали. Так что увы, но деньги на ветер. Одна звезда только потому что без звёздочек отзыв не оставить🥴","Добрый день! Сожалеем, что Ваше растение погибло. К сожалению, рост растений зависит от многих факторов, в числе которых условия освещения, температура и многие другие. Надеемся, что результат не очень сильно Вас расстроил, и Вы попробуете вырастить растение еще раз."
0,1,,Вся вытекла😔 возврат,"Очень жаль, обратитесь к Вайлдберриз за возвратом денег"
0,1,,"Всё бы хорошо. Бумага плотная, но пришла мятая, заломлена. Через Вайлдберис не рекомендую. А так производитель  неплохой. ",
0,1,,"Всё расплывается, товар не рекомендую!!!",
0,1,,Второй раз беру испорченное молоко!верните деньги!,
0,1,,"Второй раз заказываю, первое молоко было хорошо упаковано, в коробке, в этот раз прислали кокосовую воду вместо молока, обмотанную пленкой, возврат!",
0,1,,Второй раз подряд прислали банку с вытекшей пастой. ,"Добрый день. Для решения вопросов касающихся некачественной упаковки и доставки товара, просим во-вкладке ""ДОСТАВКА"" выбрать товар и нажать кнопку ""ОЦЕНИТЬ ДОСТАВКУ"". В данной вкладке проставьте соответствующую оценку и оставьте комментарий. Данная оценка попадет в службу логистики и будет проведено расследование данного инцидента. К сожалению в отзывах на товар производитель не имеет возможности отследить поврежденный товар и связаться со складом. С нашей стороны мы оплачиваем доставку товара и упаковку товара силами Вайлдберриз, также компенсируем брак и утилизацию поврежденного товара. Нам очень жаль, что Вы столкнулись с такой ситуацией"
0,1,,Вчера заказала муку по акции 2 по цене1....сег пришла получать..БИНГО!!! одну пачку привезли,"Благодарим вас за обратную связь! Нам очень жаль, что такие ситуации влияют на оценку самого продукта. Сборкой и отправкой заказ занимаются сотрудники WB.  Рекомендуем написать в службу поддержки WB, через раздел ""Обращения"" в личном кабинете. "
0,1,,Вы куда цены задрали? Спекулянты. Наживаются на покупателях ,"Добрый день! Уважаемый покупатель, цена в данный момент динамична и связана со следующими факторами:
1. Увеличение стоимости сырья, тары, упаковки, транспортировочных затрат и рост курса валют.
2. Часть импортного товара оплачивается производителю по факту продажи, соответственно по новому курсу доллара. 
Мы прикладываем максимальные усилия для сдерживания еще большего роста цен и надеемся на Ваше понимание. 
Просим Вас не писать отрицательные отзывы по поводу цены, т.к. они не касаются качества продукта, а только напрямую отражают затраты, на которые мы в данном случае повлиять не можем. 
В текущих условиях мы постараемся сделать все возможное, чтобы продолжать предоставлять нашему потребителю необходимые товары.
Будем признательны за Ваше понимание."
0,1,,Выброшенные на ветер деньги! Ничего не взошло!,"Очень жаль. Надеемся, в следующий раз повезет больше."
0,1,,"Вызвал жуткую аллергию, кожа покраснела, стала очень сухой, шелушится, под кожей образовались какие-то бугры (по типу прыщей). 😱 ","Здравствуйте, Кристина! Ранее мы не получали подобных отзывов о креме от покупателей, поэтому несколько обескуражены. Уверяем Вас, что вся продукция LIMONI проходит проверку качества и имеет соответствующие сертификаты: все компоненты находятся в средствах в такой концентрации и в таком соотношении, что не вредят здоровью, а наоборот, помогают справляться с проблемами. Наносить крем для глаз нужно в небольшом количестве, размером с рисовое зернышко на каждый глаз, круговыми движениями (по орбитальной косточке). Если Вы уверены, в том, что именно использование крема привело к появлению аллергии, то прекратите использование крема. С уважением, команда LIMONI"
0,1,,Выкинула деньги! Не взошло СОВСЕМ! НИ ОДНОГО!!!!!,"Здравствуйте. Нам очень жаль, что так получилось. Пожалуйста, не расстраивайтесь. Не всегда получается гарантировать 100% всхожесть, так как это живое растение. Рекомендуем вам немного подождать, а если не получится - попробовать ещё раз. "
0,1,,"Выписывала Денис ,а пришла Скарабей.Только дома увидела.","Добрый день! Спасибо, что сообщили о проблеме. Доставку обеспечивают сотрудники Wildberries. К сожалению, по данному вопросу поставщик не может Вам помочь. Рекомендуем создать заявку в соответствующем разделе личного кабинета. Благодарим за понимание!

С любовью и признательностью, 
Ваша ОптимаБизнес
"
0,1,,"Выросли 3 веточки по 0,5 см и всё. Выкинули","Добрый день! Бывает так, что оставшиеся семена дают всходы позже. Рекомендуем в таких случаях не прекращать уход за растением."
0,1,,"Гадость. Не поняла восторженных отзывов. Ни какого вкуса мороженого. До этого брала шоколад и клубнику этого же производителя, претензий к вкусу не было. А тут даже пенки нет при взбивании блэндером, какая то тяжёлая смесь с гадким вкусом.","Хотим обратить Ваше внимание, что это соевый изолят, он имеет характерный вкус. В большей степени его предпочитают люди с непереносимостью лактозы и веганы. В остальных случаях, вы можете пить сывороточный белок."
0,1,,"Говняшка. Не берите такое. Пришло с комом внутри. По инструкции стала нагревать и мешать, вроде растаяло. В кофе отделяется на жирные пятна. В холодильнике снова в комок застыло",
0,1,,"Голимый мускус, больше ничего. Тошнотворный запах",
0,1,,"Горчит, по сравнению с другими 😩😩😩","Добрый день. Спасибо за обратную связь. Мы сожалеем, что наша продукция не оправдала Ваши ожидания. Мы постоянно работаем над совершенствованием наших продуктов. Будем рады предложить более детально ознакомиться с нашей продукцией на официальном сайте или по телефону горячей линии, указанной на упаковке. Мы уверены, что в нашем широком ассортименте вы сможете подобрать то, что подходит именно Вам. Ждем обратной связи о Ваших новых впечатлениях!"
0,1,,"Горькая! Срок годности в норме, но на вкус горькая. Видимо неправильно хранилась",
0,1,,"Горькие, ребёнку не понравились",Очень сожалеем что Вам не понравился наш продукт(((
0,1,,"Готовить интересно,есть не возможно","Здравствуйте, результаты опытов не предназначены для еды. ;("
0,1,,"Градусник не показывает температуру, присоски не держат, цвет не насыщенный ",
0,1,,ДОСТАТОЧНО ТОГО.ЧТО В ОТЗЫВЕ О ГРЕЧИШНОМ............ЭТО НЕСТОИТ ТОГО ЧТОБЫ ОСТАВЛЯТЬ ОТЗЫВ!  ПРОСМОТРИТЕ ПРОСТО ЕГО РОЛИЕ .НУ СМЕХ. И КАК ТО ЖАЛЬ ЭТУ СЕМЬЮ. ВСЕ ПО БОГОМ ХОДИМ А РОКЛЯТИЯ ДО 7 КОЛЕНА!!!!ЗАДУМАЙТЕСЬ...........,"Добрый день! Спасибо, что купили наш мёд и уделили время на отзыв! Сожалеем, что у вас сложилось такое впечатление. Надеемся, что следующие покупки Вас будут только радовать. "
0,1,,"Да, база не очень. Подготовливала НП по инструкции, у двух клиенток через неделю слезло по 1-2 ногтя😞","Возможно, технология нанесения или подготовка ногтевой пластины были нарушены. Вы использовали праймер? Также обращаем ваше внимание, что эта база бескислотная. Она могла вам не подойти, особенно если вы привыкли к суперкислотной."
0,1,,"Давно хотела приобрести. На оф сайте стоит 2000. Тут я купила 755. 
Но того не стоит. Стоимость в реале такой книги 100-200р, не более. 
В книге есть информацию о шугаринге, но рекламы больше! Большой шифр, много воды и белых листов, пропусков- из за этого книга кажется большой. Как хорошо,что не купила 2000, ни о чем. Хотя для нее 755р много. Расстроена.","Добрый день. Благодарим Вас за обратную связь. В описание товара есть вся информация по  содержанию. Нам очень жаль, что Вам не понравилось данное пособие. "
0,1,,"Даже не могу оценить качество товара, т.к. вытекла вся жидкость.",
0,1,,"Даже нет возможности попробовать эту пасту. Два раза заказывала и два раза приходила просрочка. В этот раз дата изготовления 07.08.2019, а срок хранения 6 месяцев. Я весьма огорчена и раздосадована!!!","Здравствуйте! Нам жаль, что сервисная служба WB не контролирует отправку продукции покупателю. Мы как производитель предоставляем продукцию на склад с остаточным сроком годности не менее 70%."
0,1,,Данные карточки пришли мятые.Попробую перезаказать.Надеюсь получить товар надлежащего товарного вида.,"Благодарим Вас за отзыв! В любом тираже существует минимальный % брака. Сожалеем, что Вам попался именно такой экземпляр. Приносим свои извинения за доставленные неудобства. Будем рады Вашим новым покупкам продукции Феникс+."
0,1,,Данный товар прослужил ровно 3 часа с отдыхом каждые 15 мин работы. Товаром не доволен,
0,1,,Дата упаковки 21.06.2020!!! Скоро срок годности истечет... ,"Здравствуйте, позвоните пожалуйста на горячую линию производителя и вам заменят кофе!"
0,1,,"Делала с ним маникюр два раза. Первый раз проходила где-то 1,5 недели,  делала всё по правилам. Второй раз-через 5 дней всё сошло пластом. Ни с одной базой такого не было","Добрый день. Благодарим Вас за обратную связь. Мы рекомендуем наносить камуфлирующую базу на тонкую подложку из прозрачной базы, тогда камуфлирующая база хорошо носится. Надеемся, Вы подружитесь с нашей продукцией."
0,1,,"Для дома амулет не плох, но для человека как огромная медаль.","Добрый день!
Благодарим за отзыв. У нас есть защитный амулет на шею; артикул:11805140. Все размеры амулетов присутствуют в описании. Желаем Вам приятных покупок.
С уважением,
Ваш ОптимаБизнес"
0,1,,"До 04.2022 года, корока помятая, крышка баночки вся в царапинах, как будто с витрины, НЕ РЕКОМЕНДУЮ ПРОДАВЦА!!! Сама маска замечательная, работаю с ней давно.","Здравствуйте, Екатерина! Спасибо Вам за обратную связь и выбор Маски регенерирующей с лактобионовой кислотой и маслом бораго Skin Helpers. Мы сожалеем, что Вы получили заказ в таком состоянии. По вопросам транспортировки и упаковки продукции рекомендуем обратиться в службу поддержки клиентов Wildberries. Для нас важно, чтобы подобное больше не повторилось. Надеемся, что несмотря на сложившуюся ситуацию, Вы останетесь нашим постоянным покупателем!"
0,1,,"До этого брал с фисташкой, все было гуд, пена, вкус, протеин хрусте между пальцами. ВЗЯЛ СО ВКУСОМ АНАНАСА И ОЧЕНЬ РАССТРОИЛСЯ. вкусовые качества никакие, протеин между пальцев не скрипит. Неделю пью и пошла потеря массы. Прочитал как отличить подделку. Не буду удивлён что вместо протеина там крахмал. Больше брать протеин этой марки не буду. РАЗОЧАРОВАН!!!","Здравствуйте! Судя по тому, что Вы ранее брали со вкусом фисташки, это был сывороточный протеин, а данный протеин - Казеин , они разные по консистенции, вкусовым качествам и времени усвоения организмом. Спасибо за ваш отзыв и что выбрали продукцию Prime Kraft! "
0,1,,"До этого заказывала молоко, было густое, вкусное. В последний раз пришла еле забеленная вода.. Больше заказывать не буду.","Добрый день. Напишите нам пожалуйста на электронную почту order@unicatrade.ru, мы поможем решить эту проблему. Спасибо."
0,1,,"Добрый вечер. Конфитюр замечательный, но банка пришла разбитая. Очень жаль, что так плохо пакуете товар.","Добрый день! Благодарим вас за отзыв и интерес к продукции «Иван-поле». Искренне сожалеем из-за возникшего недоразумения. Мы учтём ваше замечание и обязательно отправим претензию маркетплейсу. Со своей стороны, в качестве компенсации, мы хотели бы отправить вам новую баночку конфитюра. Пожалуйста, напишите на нашу почту (адрес вы можете найти на официальном сайте нашего интернет-магазина в разделе ""Контакты""). Отметим, что оформляя заказы в нашем брендовом интернет-магазине вы можете быть уверены в аккуратности доставки. Также, вам будут доступны: товары из самых свежих партий, расширенный ассортимент, программа лояльности для постоянных покупателей и много чего ещё. Желаем вам только приятных покупок:)"
0,1,,"Добрый день! Не проверила лупу на пункте выдаче, а он оказался со сколом. Буду делать возврат. На пункте выдачи отказались принять товар. ",
0,1,,"Добрый день, мед совершенно не загустел не смотря на то, что куплен в апреле 2021 г., а собран в 2020 г. Обычно к новому году он становится сахарным. Не пробовала, не знаю из чего это сделано.","Здравствуйте, спасибо что купили наш Боярышниковый мёд и уделили время на отзыв! Весь мёд после откачки мы храним в специальных теплых помещениях, где он дольше остается жидким. Весь наш мёд проходит проверку в ветеринарной лаборатории Иглинского района. Мы гарантируем, что мёд высокого качества и 100% натуральный."
0,1,,"Дома показывает правильную температуру. +24. На улице при минус 10, показывает +2...",
0,1,,"Дорогие работники,кто собирает заказы!!! Вы хотя бы читайте,что на флакончиках пишут. Топ или база!!!! Это разные вещи. Заказала топ,а пришла база камуфдяж. Она мне вообще не нужна. ","Добрый день! Благодарим вас за отзыв, рады что вы выбрали топ для ногтей с липким слоем LIANAIL. Товар покупателю направляет не бренд, сожалеем о Вашем опыте. Пожалуйста, обратитесь в клиентскую службу поддержки wildberries.
Рекомендуем попробовать такие продукты как : база для гель лака LIANAIL и  обезжириватель для ногтей LIANAIL.
Приятных покупок! Надеемся увидеть вас снова."
0,1,,Доставили не те насадки,"Добрый день! Вам необходимо оформить возврат и перезаказать насадки под правильным артикулом 24829576.

"
0,1,,"Доставили совершенно не то, что заказывали","Благодарим за отзыв! Нам очень жаль, что вам пришло не то, что вы заказывали! К сожалению мы как производители на сборку и доставку заказов повлиять не можем, т.к этим занимаются сотрудники WB. С нашей стороны будет направлено обращение в клиентский отдел WB, для того, чтобы подобных ситуаций больше не было.  Просим вас сделать заказ снова! С уважением, ""Житница здоровья""."
0,1,,"Доставка подвела, это молоко просто отличное, Но большое но, его привезли перемороженное и жир спресовался комком и его пить сейчас просто невозможно, знаете цена то не маленькая, могли бы и не портить товар, больше тут не закажу",
0,1,,"Дрянь термометр и не держится ни с лбезжиривателем ни с водой ни с тем и другим, температуру показывает как придётся. В минусовые у нас показывает плюс, в плюсовые ещё плюс градусов 15. Так что игрушка для детей и деньги на ветер.",
0,1,,Думаю комментарии излишни!!!!,"Мария, здравствуйте! Очень жаль, что баночка повредилась при транспортировке. Напишите, пожалуйста, на нашу почту или позвоните по телефону горячей линии, мы бы хотели выслать вам товар в целой упаковке. Надеемся, что нам удастся сгладить неприятное впечатление от сложившейся ситуации."
0,1,,"Дурдом... заказывала топ а пришла база, нужна была бы база я бы не заказывала топ. Пришло это безобразие ко мне без коробки просто в зиплоке. Получала не я, а так бы сразу вернула, хотя на сайте указано что товар невозвратный. Если отправляете невозвратный товар то хоть убедитесь что отсылаете то что нужно, а не то что под руку попалось",
0,1,,"Дырка в упаковке. Жаль, что не проверила в пункте выдачи. Уже не первый раз сталкиваюсь с проблемами при покупках у Вальберис. Администрации необходимо работать с персоналом, которому по всей видимости наплевать на качество, не проверяют товар перед отгрузкой и продажей. ","Добрый день!
Нам жаль, что покупка Вас расстроила.
Мы обязательно свяжемся в Wildberries и донесем о данной проблеме."
0,1,,"Ем без проблем 😉 
Съели соус , остальное стали закапывать . Не понравился двум кошкам . ","Добрый день! Сожалеем, что наш продукт не понравился Вашим кошкам. Переход с одного корма на другой часто у кошек проходит сложно. Наш корм состоит только из натуральных компонентов, без каких-либо добавок и усилителей вкуса. Часто именно с этим связана сложность перехода на натуральный корм у кошек. Попробуйте через некоторое время предложить наш продукт еще раз. Здоровья Вашим питомцам! С уважением, команда ООО Торговый Дом ""Нара""."
0,1,,"Ерунда какая-то. Пришло молоко кусками, как творог по консистенции. Больше покупать не буду!",
0,1,,"Ерунда,зря только деньги выкинули",
0,1,,Ерунда...а не лупа,
0,1,,"Если честно, не представляю, как это возможно, но колени стали хрустеть еще больше. Приобретала ранее три коллагена разных фирм, поэтому есть с чем сравнить. Вкус не впечатлил, напиток похож скорее на чай каркаде без сахара, нежели на вишню. Увы-увы, не советую.","Здравствуйте! Очень жаль, что вкус вам не понравился. Рекомендуем разводить с водой или соком. Коллаген обладает накопительными свойствами, курс приема 2 недели, перерыв неделю и еще 2 недели. От коллагена ""Хрустеть колени еще больше"" не могут, проконсультируйтесь с врачом."
0,1,,"Ехал месяц, пакет открыл носками вонят. 🤦‍♂️","Здравствуйте! Очень жаль, что служба доставки долго везла наш товар до Вас. Надеемся, что вкус протеина Вам понравится!  Спасибо за ваш отзыв и что выбрали продукцию Prime Kraft! "
0,1,,"Еще не использовал, но уже разочарован покупкой при сборки. Щель на ручке, и кто-то уже пытался эту щель убрать, и испортил винтик. Отсутствуют шурупы для крепления защитного кожуха. Еще в пакете лежали отломленные части чего-то","Здравствуйте!
Сожалеем, что Ваш заказ был поврежден при транспортировке со склада WB. Перед отправкой товара на склад Вайлдберриз товар проходит первичную проверку, чтобы быть уверенными на 100%, что наши покупатели получат качественный и комплектный товар. Не смотря на все действия, иногда возникают ситуации, которые нам не подвластны. К сожалению, бывают недобросовестные покупатели, которые при осмотре товара, возвращают его не в полной комплектации, ошибки в транспортировке грузов между складами WB, поэтому мы настоятельно рекомендуем Вам проверять все покупки в пункте самовывоза, чтобы в таких случаях сразу вернуть товар. Вы можете оформить возврат через форму в личном кабинете Вайлдберриз, приложив фото и видео, подтверждающие эту неисправность.
С Уважением, официальный магазин производителя брендов ""Ресанта"", ""Вихрь"", ""Huter"", ""Eurolux"".
"
0,1,,Ещё и 50р за возврат удержали😡 Возврат не по моей вине!!!,
0,1,,"Жалею, что рискнула и не послушала другие отзывы - отвратительный топ. Пузыри невозможно убрать, попадаются полимеризовавшиеся ошметки, высох неровно. ","Добрый день! Сожалеем, что покупка не принесла должной радости. Ваш отзыв поможет сделать продукцию ещё лучше!"
0,1,,"Ждала доставку 2 недели🤦 одна звёздочка не за товар, а за качество обслуживания wb. Почтой России и то быстрее бы доставили...",
0,1,,"Ждала доставку неделю, пришёл гель со сломанным дозатором.",
0,1,,Ждала неделю... Доставки не дождалась. ,"Здравствуйте. По вопросам связанным с доставкой заказа необходимо обратиться к специалисту Wildberries, сделать это можно создав обращение в личном профиле, раздел ""Обратная связь""."
0,1,,Жидкая как вода,
0,1,,"Жидкость не вытекла, но они сползают ,не берите!!!",
0,1,,"Жижа, а не база. Каплю не держит. Боковые и торец постоянно лысые. Если пытаться стянуть по бокам, капля уже успевает растечься. Вобщем либо на выброс, либо куда нибудь в замес добавлять к густым. Вообще лаки этой фирмы брать не буду, все непредсказуемые, то густые, то жидкие. Ни одного нет, чтоб кайфовать при нанесении.
Нравится только стронг база, её снова закажу.","Добрый день. Благодарим Вас за обратную связь. Наша база имеет среднюю консистенцию. Поскольку мастера работают с разными материалами, то и консистенция наших баз воспринимается ими по-разному. Нам жаль, что Вас консистенция базы не устроила."
0,1,,"За более чем два месяца ничего не взошло
НЕ РЕКОМЕНДУЮ","Добрый день! Нам очень жаль, что Вы получили негативный опыт. Делали ли Вы все по инструкции?Очень многое зависит и от условий выращивания и полива."
0,1,,"Забрала без проверки сроков годности, тк банки были хорошо упакованы. Продавать с истекающим через 4 дня сроком годности?! Это нормально?! Это одна звезда не производителю, а Вайлдберриз. У остальных конфитюров срок истекает через месяц","Ксения, добрый день! Пожалуйста, напишите на нашу почту или позвоните по телефону горячей линии - пришлем свежий конфитюр бесплатно и надеемся, что он заслужит вашу высокую оценку!) Спасибо, что выбираете продукцию ""Иван-поле""!"
0,1,,"Заказ забирал муж, бальзам мне не положили, очень расстроена ","Добрый день, Ксения! К сожалению, обращения по доставке и комплектации в разделе Отзывы не обрабатываются. Мы никак не можем повлиять на решение данного вопроса, рекомендуем обратится в службу поддержки Wildberries. Благодарим за обратную связь!"
0,1,,"Заказ пришел не упакованный и поэтому тара вся порваная и коктель высыпался. Возврат товара, но деньги не вернули еще. 👎","Здравствуйте! Очень жаль, что в процессе доставки продукт был испорчен и доставлен во вскрытом виде. Приносим извинения за сотрудников Wildberries и надеемся, что такого с нашими продуктами больше не случится. Во избежание подобных ситуаций своим покупателям мы рекомендуем тщательно осматривать товар перед приемкой. Кроме того, с этого года все наши продукты мы упаковываем в дополнительную защитную упаковку. Спасибо, что выбрали нашу продукцию!"
0,1,,Заказ пришёл в ужасном состоянии !!!!малого того рваная коробка так ещё и капсул 60 штук вместо 120 !!не рекомендую!,"Здравствуйте! Мы сожалеем и приносим извинения от лица производителя, что Вы столкнулись с данной ситуацией. При поставке мы привозим товар на склад Wildberries в надлежащем виде. "
0,1,,"Заказал лупу со скидкой 75%, итого по цене 199 рублей (от цены около 800рублей). Дошла в срок. Только в МЕТРО она стоит 79 рублей (посетил магазин после ). Это разводилово!!!!!!!!!!! Разве так можно? Бизнес бизнесом,но совесть то иметь надо!",
0,1,,"Заказал мультик,пришел товар расыпчатый в пакете,запах химии ужасный срок годности остался месяц,походу он умер уже",
0,1,,"Заказал один вкус, пришло без вкуса. Ошибок не прощаю все же вы давно в бизнесе. Больше брать не буду. И почти рваный пакет. Запарил вельбарис без упаковок все делать.","Здравствуйте! Данный протеин со вкусом ""Клубничный йогурт"", в нашей линейке нет протеина без вкуса. Возможно в процессе доставки отклеился вкусовой стикер. Приносим извинения за доставку товара в таком ""потрепанном"" виде, к сожалению, такие случаи на Wildberries не редкость. Рекомендуем своим покупателям перед приемом тщательно проверять товар. Спасибо, что выбрали продукцию Prime Kraft и нашли время написать отзыв о ней. Мы это очень ценим!"
0,1,,"Заказал одно, а доставили другое. Жаль заметил только дома.",
0,1,,"Заказал три банки, одна была разбита(","Здравствуйте, сожалеем, что доставили в таком виде. В ближайшее время вся продукция Иван-поле в стекле будет дополнительно упакована в картонную коробку - это позволит минимизировать подобные случаи. Спасибо за обратную связь."
0,1,,"Заказал чёрные щетки для модели RL 010, пришли белые щётки для модели RL 030","Добрый день, уважаемый пользователь. Компания Revyline искренне сожалеет о том, что Вам пришлось столкнуться с такой неприятной ситуацией. Если упаковка не была нарушена , то Вы можете оформить возврат и заказать насадки повторно."
0,1,,"Заказала 2 таких, пришла одна норм, втораЯ маленькая 300 гр и с солью, вы хотели впихнуть маленькую баночку по цене большой?!!!! Заказываю эту пасту не в первый раз, оч люблю её, но прям теперь подумаю, неожиданно было!","Добрый день, уважаемый клиент! Спасибо, что выбираете нас. Мы поставляем нашу продукцию большими партиями на склад Wildberries, где сотрудники Wildberries обрабатывают и отправляют заказы покупателям. В данном случае ошибка на стороне Wildberries. Эта ситуация абсолютно недопустима. Обратитесь, пожалуйста, в службу поддержки Wildberries, чтобы Вам произвели обмен или возврат средств. Хотим также сообщить, что Ваша оценка влияет только на рейтинг нашего бренда на площадке, но никак не на сервис обслуживания клиентов Wildberries.
"
0,1,,"Заказала 2 шоколадки...Одна пришла с истекшим сроком годности (ноябрь 2020) - возврат на пункте выдачи, а вторая от октября 2021 - забрала, т.к. срок хранения 6 месяцев. Дома откусив кусочек увидела внутри кучу белых шевелящихся червей... Я с дочкой в шоке!!!","Здравствуйте, напишите нам на почту, указанную сзади на упаковке, сделаем замену."
0,1,,"Заказала 4 коробки, пришло три, одна провисела в стадии «в розыске» в разделе «мои доставки» и пропала. 
WB, как так?! Можно не присылать товары, которые уже оплачены, и не возвращать за них деньги? ",
0,1,,"Заказала 4 штуки этой пасты, прислали 1 классическую, а остальные с топинамбуром, и 3 из 4 были открыты, заметили только дома. Ужасно не приятно. Будьте внимательны. Больше заказывать не буду.","Добрый день. Для решения вопросов касающихся некачественной упаковки и доставки товара, просим во-вкладке ""ДОСТАВКА"" выбрать товар и нажать кнопку ""ОЦЕНИТЬ ДОСТАВКУ"". В данной вкладке проставьте соответствующую оценку и оставьте комментарий. Данная оценка попадет в службу логистики и будет проведено расследование данного инцидента. К сожалению в отзывах на товар производитель не имеет возможности отследить поврежденный товар и связаться со складом. С нашей стороны мы оплачиваем доставку товара и упаковку товара силами Вайлдберриз, также компенсируем брак и утилизацию поврежденного товара. Нам очень жаль, что Вы столкнулись с такой ситуацией"
0,1,,Заказала две монеты пришла одна ...где вторая,
0,1,,"Заказала две упаковки. Сегодня пришла только одна. Пакет рваный, ластик в пакете только один... Дополнительно никак не упакован, вот и рвется.. На выдаче в таком виде и отдают, а вдруг покупатель не заметит..",
0,1,,"Заказала мешки для пылесоса  PHILIPS, пришли на BOSCH. Что к чему? Если бы мне нужны были на BOSCH, то я бы и заказала на него. ",
0,1,,"Заказала чипсы,а отправили мне кокосовую стружку . Своих денег не стоит , деньги просто на ветер ушли. Очень пожалела ,что купила. ","Добрый день!
Мы очень сожалеем, что складская служба WB перепутала товар и вам прислали не то, что вы заказывали.
Вы поставили нашему товару низкую оценку и нам очень жаль, ведь нашей вины здесь нет :(
Пожалуйста, зафиксируйте в оценке по качеству доставки и попробуйте оформить возврат, указав причину, что вам прислали не тот товар. Таким образом, возможно, получится повлиять на подобные ситуации. 
Благодарим за понимание, хорошего дня"
0,1,,"Заказала, 2 упаковки, вместо молока положили скраб для губ. Не уже ли не отличить молоко, от косметики. Упаковка картонная открывается без труда. Что за не уважение к покупателям?? 
",
0,1,,Заказывал Анна. Пришла Екатерина,"Добрый день! Спасибо, что сообщили о проблеме! Доставку обеспечивают сотрудники Wildberries. Мы уже сообщили о проблеме с пересортом данного товара на склад и совместно со специалистами Wildberries работаем над исправлением ситуации. 
Благодарим за понимание!

С любовью и благодарностью, 
Ваша ОптимаБизнес
"
0,1,,"Заказывал Габа 100 гр., прислали Массала 50 гр. в связи с тем что упаковки практически одинаковы (разница только в небольшой строчке на лицевой части упаковки), не обратил внимание на название и вскрыл пачку. 
Массала конечно тоже не плохо, но я заказывал абсолютно другое.... Чай, а не приправу для плова....","Здравствуйте. Сожалеем о случившемся, но мы не можем повлиять на доставку. С данным вопросом рекомендуем обратиться в службу поддержки Вайлдберрис для осуществления замены. Со своей стороны мы проверили данную позицию, пересорта нет."
0,1,,Заказывала rl10 пришли 30,"Добрый день, уважаемый пользователь. Компания Revyline искренне сожалеет о том, что Вам пришлось столкнуться с такой неприятной ситуацией. Если упаковка не была нарушена , то Вы можете оформить возврат и заказать насадки повторно."
0,1,,"Заказывала в подарок, пришёл товар просроченный","Добрый день! Приносим свои извинения. Пожалуйста, чтобы мы смогли как можно быстрее разрешить сложившуюся ситуацию, обратитесь к производителю по контактам, указанным на упаковке товара."
0,1,,"Заказывала имя Ольга, пришёл Максим. Обидно, это должен был быть подарок","Добрый день! Спасибо, что сообщили о проблеме! Доставку обеспечивают сотрудники Wildberries. Мы уже сообщили о проблеме с пересортом данного товара на склад и совместно со специалистами Wildberries  работаем над исправлением ситуации.  
Благодарим за понимание!

С любовью и благодарностью, 
Ваша ОптимаБизнес
"
0,1,,"Заказывала молоко в мае. Всё крупинками :(  посмотрела здесь, в мае один отзыв аналогичен моему. Видимо, партия такая попалась.",
0,1,,"Заказывала молоко по многочисленным положительным отзывам. Да, пришло отслоившееся, но при комнатной температуре и сильном встряхивании молоко приобрело нормальную текстуру, кроме того, что оно было мелкими хлопьями, будто прокисшее, поэтому пока вернулась к Aroy D, к сожалению",
0,1,,"Заказывала монету с именем Дмитрий, а пришла с именем Олеся, печально","Добрый день! Спасибо, что сообщили о проблеме! Доставку обеспечивают сотрудники Wildberries. Мы уже сообщили о проблеме с пересортом данного товара на склад и совместно со специалистами Wildberries  работаем над исправлением ситуации.  
Благодарим за понимание!
С любовью и благодарностью, 
Ваша ОптимаБизнес
"
0,1,,"Заказывала насадки RL 010, а пришли RL 030, поменяйте насадки!!! Они стоят не 100 рублей, а 700!","Добрый день! К сожалению с карточками товара произошел технический сбой, на данный момент все информация актуальна. Если Вам пришел товар отличающий от заказанного, необходимо оформить возврат. Все заказанные с сегодняшнего дня насадки, будут поступать корректно. Приносим свои извинения."
0,1,,"Заказывала племянникам на подарки, очень было обидно, когда у всех были семена, а в ягодах годжи нет, после чего заказывала ещё несколько раз, соответственно снова оплачивала, но проверяла уже на пункте выдачи, ни в одной упаковке семян ягод годжи не было!","Добрый день! Спасибо за обратную связь. Нам очень жаль, что вам достался такой товар. На коробке указаны контакты производителя. Пожалуйста, свяжитесь с ним, вам заменят товар.
С уважением, представитель бренда на wildberries.
"
0,1,,Заказывала шампунь для волос. Прислали бальзам. Больше не буду заказывать !,"Добрый день. Очень сожалеем, что во время доставки, товар был перепутан. За этот процесс отвечает WB, а здесь вы общаетесь с представителем поставщика. Перед отправкой на склад WB товар тщательно  проверяется."
0,1,,"Заказывала эту лупу три раза. Первый раз так и не пришла, следующие две ужасные по качеству. Стекло или расцарапано, или мутное с пятнами внутри ",
0,1,,"Заказываю лупы часто, описание об увеличении не соответствует заявленному. Поэтому отказ. Прошу не снимать % скидки. Спасибо.","Добрый день. Данная лупа полностью соответствует описанию имеет 6 кратное увеличение. Возможно Вам больше подойдет лупа по коду 11054309, которая имеет 8 кратное увеличение и дополнительно есть подсветка.
"
0,1,,Замечательные семена чиа возможно. Но мне из не попробовать. Что за невнимательность!!! Зачем мне кокос,
0,1,,Запах на любителя... как  у морской капусты,"Спасибо за отзыв! Жаль, что товар Вам не понравился."
0,1,,"Запах не похож на Дживанши! Да, приятный, но не похож от слова СОВСЕМ.",
0,1,,"Запах отсутствует от слова СОВСЕМ. Ждала сутки, думала, проявится. Но, к сожалению, почувствовать его можно, если только максимально приблизить флакон к носу. Исходя из того, что это не первый аромат BAGO, который я покупаю, и знаю, что пахнут они довольно интенсивно, то предполагаю, что данный товар является фальсификатом, или был жестко на каком-то этапе разбавлен. Судя по отзывам, не всем попадаются такие флаконы, соответственно, скорее всего, на складе разбавляют, а потом снова упаковывают в плёнку. Для сравнения хочу купить такой же аромат в другом магазине. Сам аромат приятный, сладковатый. Пахнет заявленной в описании корицей и немного яблоком.",
0,1,,Запаха нет. Подделка,Добрый день! В данный момент масла выпускаются с умеренной отдушкой. Спасибо за обратную связь!
0,1,,Зачем вообще такой товар продавать. Весь ободранный. На окне не держится. Буду возвращать обратно.,
0,1,,Зашибись попробовала смородинки,"Виктория, добрый день! Жаль, что баночка была повреждена во время транспортировки(. Мы очень хотим, чтобы заказы продукции ""Иван-поле"" радовали покупателей, поэтому хотим выслать вам целую баночку этого конфитюра бесплатно! Пожалуйста, напишите на нашу почту (вы можете найти ее на сайте нашего интернет-магазина) или позвоните по телефону горячей линии (указан на каждой упаковке). Будем ждать. Надеемся, что продукт в итоге заслужит вашу высокую оценку! "
0,1,,Защитная пленка под крышкой была вскрыта.... такое впервые сколько заказываю .....,
0,1,,"Звезды не ставлю. Пришел разбитый(((( очень расстроена,заказывала в подарок.","Добрый день! Нам очень жаль, что Вам доставили товар в таком виде. Если Вы не проверили набор при получении, то рекомендуем создать заявку через личный кабинет, чтобы урегулировать ситуацию в кратчайшие сроки."
0,1,,"Здравствуйте! Вчера пришло три пачки молока, все странной консистенции, вода и комочки, запах тоже странный, попробовала сделать, как написано на упаковке, ничего не вышло. Заказываю в четвёртый раз, первый раз пришло в таком виде. Что посоветуете?","Добрый день. Молоко в холодное время года при транспортировке расслаивается на кокосовые сливки и воду, так как это полностью натуральный продукт и в нем нет эмульгатора, в отличие от других производителей. Это указано в описании. Для того, чтобы стабилизировать это молоко и сделать его однородным и жидким, необходимо подержать его под струей горячей воды или в кастрюле с горячей водой и интенсивно взболтать. Напишите нам пожалуйста на order@unicatrade.ru"
0,1,,Здравствуйте! К сожалению пришел не тот товар. И это очень не приятно! А ещё и Коты не оценили. Есть не стали! Хотя совсем не привередливые в еде.,
0,1,,Здравствуйте! Стала заканчивается упаковка считаю что должно хватить на 1.5 месяца а по факту не хватает в банке 10 штук! Как вы так делаете? Из за такого обмана заказывать больше не буду или проверять надо как то!,"Добрый день, сожалеем, что так получилось, это производственная ошибка, мы обязательно об этом сообщим"
0,1,,"Здравствуйте, попробовали всей семьей, такого ужасного продукта не пробовали. Не просто не вкусный, он ужасен и совершено не растворяется ",
0,1,,"Здравствуйте.  Заказала базу с номером 015 , а прислали базу 025. Как так?! Как база по качеству незнаю,  пока не использовала.","Добрый день. Благодарим Вас за обратную связь. Мы также огорчены, что Вам пришел не тот товар. Конечной доставкой до покупателя занимается склад ВБ, мы будем выяснять почему так произошло. Вы можете обратиться в службу поддержки через личный кабинет, раздел Обращения, и оформить возврат."
0,1,,"Здравствуйте. Какао не понравилось. Искала натурал ный и без сахара. Да, какао не сладкий, отлично. Но вкус не просто с кислинкой, а какой то с присутствием чего то химического. Не посоветую и сама не преобрету к сожалению.","Добрый день!

Мы не можем в это поверить, т.к. это не правда ))
Какао натуральный и без какой либо химии.

С уважением, команда El Gusto."
0,1,,"Здравствуйте.Было неприятно,что вместо масло расторопши положили льняное масло.Поэтому отказ","Подскажите,а вы заглянули в коробочку? Коробочку перепутали скорее всего чудно внутрь смотреть"
0,1,,Зое потраченные деньги ,"Добрый день! Спасибо, что выбрали наш товар и рассказали о Вашем впечатлении! Мы ценим мнение каждого.
Данный брелок является неплохим вариантом бюджетного брелока и его качество полностью соответствует ценовой политике. Брелоки этой коллекции изготовлены из медицинской стали, которая известна такими свойствами, как твердость, износостойкость и гипоаллергенность. 

С любовью и признательностью, 
Ваша ОптимаБизнес
"
0,1,,"И5 звёзд Валдьерису, он же не изготовляета поставляет
Ничего не растёт, к сожалению","Здравствуйте. Нам очень жаль, что ваши растения не выросли. На всхожесть и успешный рост влияют множество факторов: свет, температура, влажность, и другие. К сожалению, 100% всхожесть никто не может гарантировать, так как это живое растение. "
0,1,,"Из 4 заказаных привезти 2 других. Беспроводные с мышкой. Сделал возврат, сняли 200р за доставку (((","Добрый день! Благодарим вас за выбор товара ТМ Defender и за обратную связь. Компания Defender приносит свои извинения за работу склада и службы доставки Wildberries. Мы хотим исправить данную ситуацию, и поэтому просим Вас помочь. Для этого, пожалуйста, измените отзыв о товаре на отзыв о доставке. Спасибо Вам за помощь и за Ваш выбор! "
0,1,,"Из Испорченного сырья, аж горло жгёт","Добрый день.
Признательны за выбор нашей продукции и обратную связь.
В производстве традиционной пасты урбеч мы используем высококачественное, свежее и проверенное сырье у надежных поставщиков.
Стоит обратить внимание на индивидуальные вкусовые предпочтения и органолептические свойства человека. "
0,1,,"Из жаренных орехов. На этикетке информации об этом нет. Консистенция не однородная, густая, напоминает арахисовую пасту, даже на вкус. Сливочный вкус отсутствует, а брали исключительно для приготовления веганского творога. Разочарование. ","Добрый день.
Благоарим Вас за выбор нашей продукции и обратную связь.
На упаковке присутствует информация об отделении масла, перед употреблением необходимо перемешать. Все наше сырье перед перетиранием проходит термическую обработку в виде сушки при температурах от 40 до 60 градусов."
0,1,,"Из хорошего! Num lock и Scroll lock работают. Ещё работают [],./\' 
Из плохого! Работают только они.
(Проверено на двух машинах.)
Очень достойная клавиатура если нужны лишь указанные клавиши","Сожалеем, что Вам пришлось столкнуться с неудобствами во время использования нашего товара. Допускаем, что Вам пришло бракованное изделие. Товар можно вернуть, предварительно оформив заявку в личном кабинете «Проверка товара – Возврат после оплаты по браку». Не забудьте приложить к заявлению видео, где видна проблема. Обращение рассматривается в срок до 5 дней. После подтверждения заявки денежные средства возвращаются на баланс сразу же после фактической передачи товара."
0,1,,"Интересно почему топ пришел, а в бутылке меньше половины?!? Прошу вернуть деньги!!!!","Добрый день! Очевидно, это брак. Приносим свои извинения! Пожалуйста, обратитесь в службу поддержки WB для оформления возврата."
0,1,,Испорченное ,
0,1,,Испорченый ! Молоко свернулось . Горячая вода и интенсивное встряхивание не помогло . Вот сливки пришли хорошие . ,Добрый день. Молоко может свернуться от перегрева. Напишите нам пожалуйста на order@unicatrade.ru
0,1,,К большому сожалению не стала распаковывать в пункте выдачи!!! Открыв дома была в шоке!Кофе в ужасном состоянии! Пакет весь мятый!!! По ощущениям что его возили по асфальту!,"Добрый день!
Нам жаль, что покупка Вас расстроила.
Возможно, при транспортировке упаковка кофе пострадала.
"
0,1,,К сожаление пришёл треснутый(((,"Добрый день! Спасибо, что сообщили о проблеме. Мы полностью отвечаем за качество продукта в первичной упаковке. 
Доставка и возврат производится за счет поставщика, поэтому у Вас есть возможность выбрать подходящий товар или вернуть его, если качество Вас не устроило. Дабы не возникли проблемы с возвратом, рекомендуем проверять вложения сразу на пункте выдачи.

С любовью и пониманием, Ваша ОптимаБизнес
"
0,1,,"К сожалению не поверив отзывам заказала, т.к. доверяю этом бренду. Еле уловимый запах, который держится одну-две минуты. Это совсем не похоже на товар этого бренда. И реально это выброшенные деньги плюс еще и вопрос к вайбересу, что пускает на свою площадку не добросовестных поставщиков. Фу. Ставлю единицу и то только за то, что заказывала еще один запах, он держится чуть больше и более активно раскрывается аромат.",Добрый день. Товар сертифицированный и оригинальный. Мы являемся официальным поставщиков бренда Shaik на территории РФ.
0,1,,"К сожалению не проверила на пункте выдачи на комплектацию, мышки в коробке не оказалось","Пожалуйста напишите в службу поддержки на сайте Defender, мы вышлем Вам мышь."
0,1,,"К сожалению не удалось оценить качество товара, так как упаковка была вскрыта и один бальзам из набора отсутствовал. По этой причине возврат. Попробую заказать еще раз","Спасибо за отзыв .Жаль, что низкую оценку Вы поставили продукту, снизив его рейтинг, не оценив продукт в действии. Ведь на работу интернет-магазина мы, как производитель, повлиять не можем."
0,1,,"К сожалению никак не помогли , зря деньги потратила ",
0,1,,К сожалению срок годности этого продукта подошёл к его окончанию. Пасту получили сухую.,"Здравствуйте!

Спасибо, что сообщили о данном инциденте!

К сожалению, сервис не уведомляет об оставшихся сроках годности!

Приносим искренние извинения и обещаем усилить контроль и сделать всё от нас зависящее, чтобы не допустим подобного вновь!

Мы уже отметили эту единицу товара как брак, пожалуйста обратитесь в службу поддержки клиентов за возвратом!
"
0,1,,"К сожалению топ совершенно не глянцевый. Тусклый, никакой. Очень странное качество для Oniq. Вообще на подделку похоже. От топов oniq отказываемся","Добрый день! Благодарим вас за отзыв, рады что вы выбрали топ для ногтей без липкого слоя ONIQ.
Скорее всего, это брак. Рекомендуем оформить возврат. 
Рекомендуем попробовать такие продукты как : база для гель лака ONIQ и масло для кутикулы ONIQ.
Приятных покупок! Надеемся увидеть вас снова."
0,1,,"К сожалению, дно у банки пришло разбитое ( товар невозвратный, доставка сработала плохо, очень жаль потраченных средств","Добрый день! Благодарим Вас за обратную связь. Нам очень жаль, что так получилось. 
По вопросам транспортировки  продукции рекомендуем Вам обратиться в службу поддержки Wildberries.
"
0,1,,"К сожалению, ничего не выросло(( всё делали по инструкции. Цветочки этой же фирмы, но другие сорта, выросли)","Добрый день! Мы стараемся сделать все возможное для всхожести растений: дополняем набор обогащённым грунтом, кладем хорошие семена, но очень многое зависит от условий выращивания и полива, так как это живое растение. Надеемся, что Вы не расстроились, и попробуете вырастить растение ещё раз."
0,1,,"К сожалению, ничего не проросло, ни травинки...Печаль.","Добрый день. Некоторым растениям требуется больше времени на всхожесть. Если семена не взошли через несколько недель, то рекомендуем все же продолжить уход за растением и подождать еще немного. Также очень многое зависит от условий выращивания и полива, так как это живое растение. Надеемся, что Вы не расстроились, и попробуете вырастить растение ещё раз."
0,1,,"К сожалению, ребенок порвал силикон так и не успев отучиться от сосания пальца.","Сожалеем( Насадка сделана из эластичного силикона, поэтому, если ребенок постоянно будет пытаться ее сорвать, она может порваться. Поэтому крайне важно не навязывать насильно ношение насадки, а ""договориться"" с ребенком."
0,1,,"К товару претензий нет, заказываю постоянно, но служба доставки вб это нечто! В запакованной картонной коробке был уже открытый тетрапак, в котором отпито 100 грамм молока!!!!  Специально взвесила на весах и сравнила нетронутый и этот.  Это просто нечто, получается, что ваши работники на складе отпивают молоко, потом упаковывают его и отправляют нам, какая прелесть, и все за наш счет! В общем, проверяйте целостность кольца прямо на тетрапаке",
0,1,,"К
 сожалению температуру показывает неправильно..просто лягуха на окно и всё",
0,1,,Как будто из мусорного бака,"Добрый день! Нам очень жаль что работники склада и службы доставки не уважительно относятся к целостности упаковки. Поверьте, мы поставляем нашу продукцию на ВБ в идеальном состоянии. К Сожалению Ваша низкая оценка товара, из за мятой коробки, может ввести в заблуждение потенциальных покупателей нашей качественной продукции. Спасибо."
0,1,,"Как бы не работает, только забрал с вб","Никита, добрый день! Спасибо за обратную связь. Товар необходимо вернуть. При сдаче обязательно сообщить менеджеру на пункте выдачи, чтобы он пометил товар как брак. Это позволит не допустить повторную продажу данной единицы. Приносим свои извинения за неприятный опыт, который сложился у Вас с данным товаром."
0,1,,"Как же вы стали плохо работать. Неужели нельзя как то упаковывать дополнительно товар который нуждается в этом.  Привезли банку с арахисовой пастой жуть на что похожа: мятая, подавленная. Вы бы сами купили такое в магазине???????Так почему такое отношение вы допускаете к своим покупателям??????Заранее берёте деньги и присылаете черти что. Магазин давно превратился в большую помойку.","Добрый день. Мы получаем от Вас деньги, спустя неделю и только в том случае, если Вы не откажетесь забирать товар. Мы оплачиваем полную упаковку товара и доставку его до Вас. Мы привозим на склад Вайлдберриз целый и свежий товар. И на отзывы Ваши отвечаем тоже мы. Мы - производители. Если Вы хотите вернуть товар, вернуть деньги, пожаловаться на логистику, то Вам не к нам обращаться - мы не брали Ваших денег, и не отправляли заказ, и не били банку. Вам писать претензию ВАЙЛДБЕРРИЗ через вкладку в личном кабинете"
0,1,,"Как и у многих пришла просрочка. Еще плюсом вытекла масляная жидкость из банки :( На вкус не стали пробовать. Лучше подумайте перед тем, как брать такое. Но задумка интересная.","Благоарим за выбор нашей продукции.
Согласно существующих требований WB к поставщику/производителю очень высокие, которые мы регулярно выполняем, однако сервис WB оставляет желать лучшего."
0,1,,"Как и у многих,ничего не взошло.Жаль. НЕ рекомендую к покупке.","Добрый день! Мы стараемся сделать все возможное для всхожести растений: дополняем набор обогащённым грунтом, кладем хорошие семена, но очень многое зависит от условий выращивания и полива, так как это живое растение. Надеемся, что Вы не расстроились, и попробуете вырастить растение ещё раз."
0,1,,"Как масло, не вкусно",
0,1,,"Как можно было прислать это недоразумение , которого и так в магазинах тьма . Заказала пасту пришёл торт 🤦‍♀️ все чаще и чаще стала всякая Хрень приходить ","Добрый день. Нам очень жаль, что происходят ошибки при комплектовании заказов. Однако Вы снижаете звезду производителю, а не Вайлдберриз или сотрудникам склада. Нам очень жаль, что это происходит и Вы не смогли получить и оценить наш продукт"
0,1,,"Как не пытался заварить в кофе машине всё равно дерьмо получается. Слабый запах айриш-крим присутствует, но сам кофе это тёмная водичка, дерьмо пить такое нельзя - это не кофе. Обжарка вроде не старая 20.11.2020. Попробую ещё размолоть и приготовить в турке. Вообщем однозначно не стоит брать этот кофе потому как в очень плохой кофе ещё добавили вкусовой наполнитель. Плотность кофе - отсутствует, вкус - дерьмо, запах - айриш крим - слабый присутствует.","Добрый день!
Нам жаль, что покупка Вас расстроила.
Вкусовые ощущения субъективны и могут отличаться у разных людей.
Благодарим за Ваш отзыв, он будет полезен другим покупателям."
0,1,,"Как пластилин. Очень надеялась и ждала этот тон. Думала, что дома база отогреется и станет мягкая, но, как я не пыталась, даже капля с неё не свисает. Хотя, может мне такая попалась.","Добрый день.  Благодарим Вас за отзыв. Наша база имеет среднюю консистенцию. Мастера привыкли работать с разными базами, поэтому каждый воспринимает консистенцию нашей базы по-разному. Нам жаль, что Вам база не совсем подошла. Будем рады видеть Вас снова!"
0,1,,Как собирается заказ?Вместо сахаразаменителя прислали чай!,"Здравствуйте! Приносим извинения за предоставленные неудобства. К сожалению, в разделе отзывы личные заказы не отображаются, и мы не можем уточнить детали Вашего заказа и доставки. Благодарим, что сообщили нам об этом. Перед каждой отправкой товара на склад, мы контролируем сроки годности и тщательно проверяем комплектацию и целостность упаковки товара. Мы понимаем, что Вы были огорчены, получив продукт не верной комплектации и рекомендуем Вам проверять  товар в пункте выдачи заказов. Просим Вас сообщить о ситуации в разделе Обращения в Личном кабинете. Мы и служба логистики Wildberries стремимся к тому, чтобы заказы были доставлены в целостности и в кратчайшие сроки. Благодарим за понимание!"
0,1,,"Как так могло получиться,что я товар так и не забрала,а в личном кабинете я его,якобы,получила?
Очень огорчена,я ждала эту маску.","Добрый вечер.  Нам очень жаль, что так получилось. Рекомендуем Вам обратиться в службу поддержки Wildberries для решения данной проблемы. "
0,1,,"Как то обидно. В теплый период заказывала молоко, было все отлично. Прежде чем разлить по маленьким емкостям, я молоко перемешивала в пакете и оно доводилось до консистенции однородного напитка. В холодильники конечно загустевало, но оно было однородное густое. Вчера получила 4 пачки. Сроки те же, что и летом, еще не просрочка, но перемешивая молоко, понимаю, что то не то. В итоге разлила как обычно по маленьким емкостям и в холодильник. Молоко расслоилось. Просто в прошлый раз так не было и мне есть с чем сравнить. Не могу пока найти этому объяснение. Пока открыла одну пачку, посмотрим, что будет в остальных.","Добрый день. Напишите нам пожалуйста на электронную почту order@unicatrade.ru, мы поможем решить эту проблему. Спасибо."
0,1,,"Какой персик? Какая груша и ваниль? Обсиканный кошачий лоток, который не мыли месяца два. Мускус. Животный мускус от которого глаза слезятся, как от нашатыря и сопли текут. А ведь был у меня два года назад махонький отливантик Кирке, который лежал в шкатулке, и не смотря на это завонял всю комнату. Наносила буквально два намаза кончиком палочки на крышке, а вонища стояла такая, что у сотрудницы на работе аж нос ""пробило"" и насморк прошёл. Все сказали, что духи капец какие вонючие. А тут пшики...Ну пшикнула, как получила и пошла  в Магнит, люди в масках обходили меня стороной, это ж какая вонь стояла**... Ума не приложу зачем купила эту вонючку ещё раз? Тем более тот отливант выбросила, вызывал рвотный рефлекс, а шкатулка до сих пор кошачей мочой воняет. Не понимаю хвалебных отзывов. ""В люди"" с таким ""амбрэ"" нельзя, объявят газовую атаку.",
0,1,,"Какой там мел и ментол в составе, откуда! Откуда в... алмазам взяться.. Испортилось все - даже зубной порошок невозможно найти нормальный. Обычный! Если бы там были мел и ментол! Это просто какие-то отходы какого-то полиэтиленового завода.. Не встречала ещё такого отвратительного химического вкуса ни у порошка, ни у зубной пасты, нигде вообще. ",
0,1,,"Картинка безбожно врет. Фисташек там кот наплакал. Пропорции на картинке совершенно не соблюдены. Чистой воды обман покупателя. Я в Турции купил недавно, так там в 10 раз больше фисташек было, при ещё в 10 раз меньше. В общем не советую.",Очень сожалеем что Вам не понравился наш продукт(((
0,1,,Качество не очень,"Добрый день! Спасибо, что выбрали наш товар и рассказали о Вашем впечатлении! Мы ценим мнение каждого.

С любовью и признательностью, 
Ваша ОптимаБизнес
"
0,1,,"Качество никакое.
Волосы выпадают.",
0,1,,"Кисть пришла с неровным загнутым ворсом, в доставке видимо хотели затолкать ее в коробку, отказ.","Добрый день! Благодарим вас за обратную связь! Очень жаль, что кисть пришла в таком состоянии. Обязательно передадим информацию об этом ответственным лицам компании Wildberries! 



"
0,1,,"Клавиатура либо не реагирует либо с запазданием в 3 секунды,брал ребёнку в гоночки играть,с таким затупом не возможно играть. Мышка работает только отлично.","Сожалеем, что Вам пришлось столкнуться с неудобствами во время использования нашего товара. Допускаем, что Вам пришло бракованное изделие. Товар можно вернуть, предварительно оформив заявку в личном кабинете «Проверка товара – Возврат после оплаты по браку». Обращение рассматривается в срок до 5 дней. После подтверждения заявки денежные средства возвращаются на баланс сразу же после фактической передачи товара."
0,1,,"Клавиатура не работает, хотя что можно было ожидать за такие деньги","Сожалеем, что Вам пришлось столкнуться с неудобствами во время использования нашего товара. Допускаем, что Вам пришло бракованное изделие. Товар можно вернуть, предварительно оформив заявку в личном кабинете «Проверка товара – Возврат после оплаты по браку». Обращение рассматривается в срок до 5 дней. После подтверждения заявки денежные средства возвращаются на баланс сразу же после фактической передачи товара."
0,1,,Клавиатуры хватило на 2 недели а мышку на 1 неделю лис никому не советую товар,"Сожалеем, что Вам пришлось столкнуться с неудобствами во время использования нашего товара. Допускаем, что Вам пришло бракованное изделие. Товар можно вернуть, предварительно оформив заявку в личном кабинете «Проверка товара – Возврат после оплаты по браку». Не забудьте приложить к заявлению видео, где видна проблема. Обращение рассматривается в срок до 5 дней. После подтверждения заявки денежные средства возвращаются на баланс сразу же после фактической передачи товара."
0,1,,"Консистенция очень сухая, скраб осыпается  , сильно мелкий абразив",
0,1,,"Консистенция у базы ужасная. Ооочень густая.. Выравнивание сделать можно, но очень долго уходит на это времени. В лампе просыхает плохо. Из плюсов (как писали ниже) только запах и цвет. К покупке не рекомендую. ","Добрый день. Благодарим Вас за обратную связь. Наши базы хорошо ложатся в два слоя. Рекомендуем сушить их в исправной лампе мощностью от 36 ватт от 60 секунд. Нам жаль, что база Вам не понравилась."
0,1,,"Конфеты перепутали, вместо карамели кофейных прислали драже в шоколаде, на рассмотрении возврата уже 3 недели,",приносим свои извинения за доставленные неудобства
0,1,,"Кора пришла в разорванной упаковке. Заявлено на товаре 3 литра, по факту литра два. Отказ.","Добрый день. Нам очень жаль, что Вам пришлось столкнуться с безответственной доставкой со стороны Wildberries. Спасибо что вернули! В свою очередь, мы утилизируем эту упаковку на складе, что бы она не попала в руки другим покупателям. Надеемся, что дальнейшие покупки продукции Green Garden Pro принесут Вам только положительные эмоции!"
0,1,,"Коробка была без слюды,холостых пшиков не было.Штрих код не читается.Я знакома с оригиналом вообще не похож, стойкости нет вообще,про шлейф вообще говорить не стоит.Ни какого винограда не слышу, лимон сочный кислый лимон,затем запах сигарет и на этом всё.Цена 600 руб.это очень дорого для такого качества.Не советую.Не тратьте деньги.",
0,1,,Коробка в клочья...,"Добрый день! К сожалению мы не можем контролировать работу сотрудников склада и службы доставки. Заверяем Вас, что мы поставляем свою продукцию в идеальном состоянии и полной комплектации. За одну звезду очень обидно. Спасибо."
0,1,,Коробка все мятая!,"Очень жаль, что отдел доставки магазина допустил небрежность. Надеемся, в следующий раз доставка будет более аккуратной!"
0,1,,Коробка вся рваная и мятая. Ужас. Как можно доставлять такое?,"Добрый день! К сожалению мы не можем контролировать работу сотрудников склада и службы доставки. Заверяем Вас, что мы поставляем свою продукцию в идеальном состоянии и полной комплектации. За одну звезду очень обидно. Спасибо."
0,1,,Коробка вся рваная,"Добрый день! К сожалению мы не можем контролировать работу сотрудников склада и службы доставки. Заверяем Вас, что мы поставляем свою продукцию в идеальном состоянии и полной комплектации. За одну звезду очень обидно. Спасибо."
0,1,,Коробка порвана все рассыпано но по комплектности норма,"Добрый день!
Со своей стороны мы контролируем целостность ни только товара, но и упаковки. Надеемся, что впредь такого не повториться и Вы поставите оценку выше!
Спасибо!
"
0,1,,"Коробка пришла вскрытая,джем внутри растёкся. 2 банки вскрыты и с плесенью.","Ирина, добрый день! Нам очень жаль, что вы получили заказ в таком виде( Вероятно, в процессе транспортировки целостность упаковки была повреждена, вследствие чего образовалась плесень. Мы очень хотим, чтобы заказы продукции ""Иван-поле"" радовали покупателей, поэтому хотим выслать вам две баночки этого джема бесплатно! Пожалуйста, напишите на нашу почту (вы можете найти ее на сайте нашего интернет-магазина) Будем ждать. Надеемся, что продукт в итоге заслужит вашу высокую оценку! "
0,1,,"Коробка пришла вся драная до невозможности ! Хорошо что мешки все целые , взяла от безысходности .",
0,1,,Коробка пришла мятая и рваная (. А заказывала на подарок.,"Добрый день! Спасибо за Ваш отзыв. Нам действительно очень жаль, что товар приехал к Вам в помятой коробке. Очень надеемся, что все следующие покупки доставят Вам исключительно положительные эмоции."
0,1,,"Коробка разорвана , 1 мешка нет, спасибо хоть один вытащили! Не стала отказываться т.к. Мешки очень нужны и ждать не могу! Просто кошмар!",
0,1,,"Коробка рваная на столько, что её перематывали тремя разными скотчами. Триммер пришёл другой марки, с меньшей мощностью и намного дешевле заявленного. Однозначный возврат.","Здравствуйте!
Сожалеем о произошедшей ситуации, просим Вас продублировать данный отзыв в раздел сайта ""обратная связь"", чтобы Вайлдберриз был в курсе ошибки склада, т.к. в данном блоке Ваш отзыв видит только производитель (поставщик) товара.

Спасибо за Ваш отзыв и обратную связь, с Уважением, команда HUTER."
0,1,,"Коробки мятые, а это были подарки детям в детский сад","Добрый день, нам очень жаль, что произошла такая ситуация. Это действительно ужасно, получить такой товар! К сожалению мы, как производители, не можем повлиять на службу доставки. Со своей стороны мы всегда полностью укомплектовываем наши наборы и аккуратно упаковываем их, гарантируя качество упаковки и содержимого. Спасибо, что проверяете товар в пункте выдачи. Рекомендуем вам попробовать заказать данный товар еще раз."
0,1,,"Коробочка очень маленькая, вкус очень странный, просто крахмал сваренный с сахаром и эфирным маслом розы",
0,1,,"Кости с мизинец, ну ужас","Здравствуйте, Уважаемый покупатель! Эта странная ситуация для нас, мы всегда за честность с покупателями. Спасибо за вашу обратную связь. Мы работаем над тем, чтоб стать лучшими, и Вы нам помогаете в этом. Мы проверим данную партию."
0,1,,"Котики есть не стали. Даже тот, кто обычно хомячит всё подряд. Странно....",
0,1,,"Коты слизывают жидкость и все на этом,очень плохо едят,хотя остальные фирмы практически все пробовали и они ели.мне показалось что корм похож на фирму пробаланс,которую мои коты тоже есть не стали.шотландец и золотая шиншила ","Добрый день! Сожалеем, что наш продукт не понравился Вашим котам. Переход с одного корма на другой часто у кошек проходит сложно. Наш корм состоит только из натуральных компонентов, без каких-либо добавок и усилителей вкуса. Часто именно с этим связана сложность перехода на натуральный корм у кошек. Попробуйте через некоторое время предложить наш продукт еще раз. Здоровья Вашим питомцам! С уважением, команда ООО Торговый Дом ""Нара""."
0,1,,Кофе 2020 года изготовления с истёкшим сроком годности. Возврат на пункте выдачи,"Здравствуйте. Спасибо за Ваш отзыв, ваше мнение очень важно для нас, ведь благодаря вам мы становимся лучше
С уважением, UNITY COFFEE."
0,1,,"Кошмар! Заказывала много всего этой и другой фирмы, на два пакета получилось, спешила не стала проверять.. Прихожу домой а тут шоколадный дессерт без наклейки и не полный! Видно что его кто-то до меня уже поел. Люди, имейте совесть! Зачем вы так поступаете, я свои деньги заплатила чтобы объедки чьи -то есть? Ничего больше не буду заказывать, кошмар просто...",
0,1,,Крем не оригинал! По qr коду проверку не прошел,"Добрый день, 
ну что же вы такое пишете?! 
У вас на скрине указано, что вы даже не перешли на сайт проверки, и что возможная причина - проблема с интернетом. Когда продукт не проходит проверку, там прямо указывается ""товар не оригинальный"". 
Попробуйте еще раз! 
Либо перейдите на официальный сайт elizavecca, найдите раздел проверки по инд. коду и введите его (предварительно сотрите на упаковке защитный слой, под ним будет инд. проверочный код). 
Мы гарантируем оригинальность продукции, т.к. завозим товар напрямую с завода-изготовителя в Южной Корее "
0,1,,"Крем не по составу, не по консистенции, не по запаху НЕ похож на оригинал! Очень разочарована, надеюсь раздражения не будет...","Добрый день,
весь вопрос в том, с каким оригиналом вы сравниваете.
Скорее всего, вы сравниваете с предыдущей версией, которая больше не выпускается.
В данный момент выпускается только новая версия крема, которую вы и заказали.
Из состава были исключены все эфирные масла и отдушки, благодаря чему крем сейчас практически не имеет запаха.
На упаковке также появилось новое обозначение - Essential Oil Free (без эфирных масел), что видно на фото товара.
Пожалуйста, не сомневайтесь - вы приобрели оригинальный и качественный товар в последней актуальной версии.
Желаем вам приятного пользования!"
0,1,,"Крем совсем не понравился. Очень липкий. Наносила на ночь, через пару дней заметила, что глаза припухают и при этом никакого эффекта разглаживания. Очень удивилась, что кому-то он очень понравился.","Здравствуйте, Наталья! Нам очень жаль, что Вы разочарованы покупкой. Для обеспечение заявленного действия крем нужно наносить на очищенную и подготовленную кожу дважды в день на протяжении 28 дней. Как показывает практика, первые положительные изменения будут заметны уже в первую неделю применения в случае регулярного использования. С уважением, команда LIMONI"
0,1,,"Кстати кокосовые чипсы стоят 209р, там вес всего 125гр. Заказала еще раз семена, надеюсь теперь не перепутают",
0,1,,"Купил данный триммер, так как при получении был с двумя детьми проверить нормально не удалось, включил в разетку посмотрел что двигатель работает и все а внутри не крутился вал и только это заметил как стал собирать уже дома. Поехал возращать приняли без проблем как брак и вернули деньги. Только впечатление испорчена и потрачено время нервы за все это. Товаром не доволен!","Здравствуйте!
Сожалеем о произошедшей ситуации, вся техника HUTER проходит три этапа контроля качества, сертифицирована и соответствует всем мировым стандартам качества. Проблема произошедшая у Вас скорее всего возникла из-за того, что при сборке одна часть вала не попала в другую, при установке необходимо внимательно установить части вала так, чтобы одна часть вошла в другую.

Спасибо за Ваш отзыв и обратную связь, с Уважением, команда HUTER."
0,1,,"Купила в 3 гола, реьенок легко снимал при максимальной утяжке именно силиконовую часть с пальца хотя надето в в ближайшую дырку и сидит плотно. Силикон эластичный и она стягивает. В 3,5 гола ситуация не изменилась. Деньги на ветер. Тупо как напоминаока что сасать не надо. Если хочет сама снимает. С тем же успехом варежек одеть можно..","Здравствуйте, дайте ребенку понять, что можно продолжать сосать палец, но в насадке. Именно в этом суть метода."
0,1,,Купила кокосовое молоко .А оно прокисло как слизь .Даже пить не стала выкинула .Деньги на ветер походу не правильно они хранят его .,
0,1,,"Купила крем этой марки впервые, полагаясь на положительные отзывы. Очень разочарована, крем абсолютно никакого действия не оказывает, даже элементарного увлажнения, пользовалась им больше 2 недель, в итоге купила проверенный.","Здравствуйте, Ольга! Нам очень жаль, что Вы разочарованы покупкой. Для обеспечение заявленного действия крем нужно наносить на очищенную и подготовленную кожу дважды в день на протяжении 28 дней. Как показывает практика, первые положительные изменения будут заметны уже в первую неделю применения в случае регулярного использования. С уважением, команда LIMONI"
0,1,,"Купили домофон,у нас система визит,не работает звук, вместо него жуткие помехи.попытались сделать возврат,но экстрасенсы валбериса  дистанционно  сделали  выводы что  брака нет,при том доказательства были предоставлены на  видео.Приобрели с другого аккаунта на вашем же сайте точно такой же домофон и звук заработал.то есть даже экспертиза не нужна, чтобы понять что это брак.не понятна политика данного сайта, приобретаю товар у ВАС, гарантия 2 года - написано у ВАС, а в случае брака меня отправляют к представителям!вопрос не закрыт, буду добиваться возврата товара!дополню,была  проведена беседа с представителем,и выяснено, что с нашей домофонной системой домофон должен работать исправно!",
0,1,,"Купили этот браслет месяц назад. Одеваем только на ночь дома, так как в садике ни кто этим заниматься не будет. Итог, ребенок 3.5 года продолжает сосать палец. Так что наверное для нас браслет оказался бесполезным. Очень жаль, ведь стоит не дешево.","Здравствуйте, если ребенок сосет палец и днём, а насадку не носит, то отвыкания не происходит."
0,1,,Купили эту духовку месяц назад. Делали ремонт и только сейчас смогли подключить ее. Но она НЕ работает!!!!!! Что теперь делать ????,"Добрый день, по вопросам эксплуатации и сервисного обслуживания Вы можете обратиться в представительство бренда по телефону горячей линии 8 800 350 14 01, а так же писать нам в WhatsApp (499) 281-65-87"
0,1,,"Кусок хозяйственного мыла с соответствующим запахом за почти 600 р. Эффект скрабирования, который заявлен в описании, отсутствует от слова совсем. Не поняла Зейтун, если это он, ни разу. К покупке не рекомендую.","Здравствуйте! Сожалеем, что вам не подошел аромат средства. Он обусловлен входящими в состав натуральными компонентами, которые обеспечивают особый уход. Желаем вам только приятных впечатлений от ухода!"
0,1,,"Лак не просыхает, не важно каким слоем нанести! Поработайте над качеством товара, остальные цвета сохнут хорошо!","Добрый день. Благодарим Вас за обратную связь. Мы проверили, этот оттенок лака хорошо сохнет в лампе. Наносить необходимо тонким слоем и сушить в исправной лампе мощностью от 36 ватт не менее 60 секунд каждый слой."
0,1,,"Лак отслаивается через день из-за этой базы... инструкция замороченная, процесс из-за этого долгий и муторный.","Добрый день! Порядок подготовки ногтевой пластины следующий:
1. Обезжириваем ногтевую пластину.
2. Приподнимаем чешуйки ногтевой пластины пилкой 180 или 200 грит или бафом 150 грит.
3. Очищаем ногтевую пластину от опила.
4. Используем праймер.
5. Первый слой наносим тонкий втирающий, второй - выравнивающий.

Если материал не носится, то, вероятно, есть эффект привыкания ногтей к кислотным базам. В таком случае на данную базу переход должен быть постепенным - первое время с подложкой из привычной базы."
0,1,,Лак позиционировался как не вызывающий аллергию. Ну менЯ аллергия на метакрилат. Аллергия на эту базу была,"Добрый день! 
ONIQ - это продукция с формулой 9-free, что снижает вероятность возникновения аллергии. К сожалению, метакрилат это компонент, который содержится во всей гель-лаковой продукции, поэтому в вашем случае рекомендуется перейти на обычный лак, который также есть в ассортименте ONIQ."
0,1,,"Лак просто не сохнет ни при UV ни при LED 🤷‍♀️ не поняла почему, ранее были лаки этой фирмы и нареканий не было","Здравствуйте! Напишите, пожалуйста, дату производства. Она указана на дне флакона. Мы проведём проверку по данному артикулу. Опишите пожалуйста процесс нанесения топа и его просушки. Если возможно, прикрепите, пожалуйста, фото. Снимали ли липкий слой с топа? "
0,1,,Линза со сколами и царапинами! Возврат!,
0,1,,"Липкая , слабо ароматизированная вода",
0,1,,Лупа никакая.,
0,1,,"Лупа пришла в открытой упаковке и стекло всë грязное, не советую.","Добрый день! Уверяем, что весь наш товар отправляется со склада в надлежащем виде. Жаль, что поставили нашему товару низкую оценку, так как описанная Вами проблема связана с транспортировкой, а не с качеством товара.  "
0,1,,"Лупа пришла вся заляпанная и царапанная, но пришлось забрать, тк срочно нужна была. ",
0,1,,"Лупа пришла поврежденная, присутствует скол  с краю.Заметили только дома. Разочарована. Брала ребёнку в школу....",
0,1,,Лупа пришла царапаная. Отказ.,
0,1,,"Люблю сиропы барлайн, но это какая то галимая подделка, в пластмассовой бутылке ","Здравствуйте. Спасибо за Ваш отзыв, это помогает нам улучшить наш сервис. Нам жаль, что Вам не пришелся по вкус этот сироп или топпинг. Компания Barline внимательно следит за технологическим производством и качеством выпускаемых сиропов и топпингов. На портале можно познакомится с новинками и полным ассортиментом продукции Barline. С уважением, производители сиропов Barline.		"
0,1,,"Люблю это молоко и покупала не раз, но в этот раз, взяла по акции за 115р и оно все расслоенное, абсолютно не жидкое и с кислинкой, считаю его пропавшим, тк предыдущее молоко всегда было жидкое, про температуру хранения и все остальное я знаю. Видимо, поэтому акция и была..","Ольга, мы очень хотим разобраться, в чем дело, и решить ситуацию наилучшим образом. Пожалуйста, напишите нам на mp@ufood.market - мы хотим задать несколько дополнительных вопросов."
0,1,,"Магниты плохого качества, кривые, на доске магнитной не держатся. Теремка в наличии нет.",
0,1,,Маленькая  коробочка семена так и не вышли.,"Здравствуйте, это открытка, поэтому коробочка маленькая. Нам очень жаль, что растения не выросли. На рост влияют множество факторов, так как это живое растение. Пожалуйста, не расстраивайтесь. Рекомендуем вам попробовать ещё раз!"
0,1,,Малоко хлопьями,
0,1,,Маска полное г...но. очень жалею что купила,
0,1,,"Маску только принесла домой и обнаружила ,что в баночке нет половины! Где вторая половина содержимого? Про какие 50мл идёт речь? Там от силы 30 мл.... если так всё и должно быть и её реально ни кто не отложил для своих нужд. Кстати упаковка на первый взгляд не вскрывалась, но это только на первый взгляд. Снизу коробочка спокойно открывается и баночку легко достать и положить назад, вобщем то я так и достала её. Ставлю 1 звезду за несоответствие! В любом случае магазин должен нести ответственность за засодержимое того, что продаёт. Саму маску ещё не пробовала. Попробую- отзыв дополню.",Добрый вечер.  Благодарим Вас за обратную связь и выбор нашей продукции. Объем маски соответствует заявленному на упаковке. Ждём ваши впечатления от использования регенерирующей маски! Для максимальной эффективности воздействия рекомендуем использовать совместно с энзимной пудрой для глубокого очищения кожи ( артикул 10989941).
0,1,,"Масло горькое,неожидала...","Приветствуем вас и благодарим за оставленный отзыв. 
Нам очень жаль, что продукт вам не понравился, но уверены, что вам понравятся другие продукты нашего производства. У нас большой выбор нерафинированных масел холодного отжима, цельнозерновой муки, различных круп, каш, семян и приправ.

Будем рады вновь видеть вас в числе наших покупателей и подписчиков!"
0,1,,"Масло жутко горчит, пить невозможно, никогда у меня Расторопши масло так не горчило! Почему? Оно испорченное? Из-за горечи не чувствуется даже вкус Расторопши.... Был приверженцем вашего брэнда :(","Приветствуем вас и благодарим за оставленный отзыв. 
Нам очень жаль, что продукт вам не понравился, но уверены, что вам понравятся другие продукты нашего производства. У нас большой выбор нерафинированных масел холодного отжима, цельнозерновой муки, различных круп, каш, семян и приправ.

Будем рады вновь видеть вас в числе наших покупателей и подписчиков!"
0,1,,"Материал хороший, но после второго покрытия закончилась, я не почувствовала, что там 10 мл. Обидно очень. Так и теряют доверие и клиентов.",Добрый день. Благодарим Вас за обратную связь. Для решения Вашего вопроса просим Вас связаться с нами через Инстаграм.
0,1,,Мел и ментол в составе. На вкус как школьный мел с мятой.,
0,1,,"Меньше , чем я думала",
0,1,,Место молока там половина воды и половина сливок,"Добрый день. Если Вы внимательно прочитаете описание продукта, то увидите, что там написано о свойстве этого натурального кокосового молока расслаиваться в холодное время года на сливки и кокосовую воду, так как в нем нет эмульгаторов и прочих синтетических добавок. Для того, чтобы стабилизировать молоко и сделать его однородно жидким, подержите упаковку под горячей водой и интенсивно взболтайте. Спасибо за обратную связь"
0,1,,"Мешки на Электролюкс не подошли, весь отсек где вставляется мешок в пыли. Такого не было от ""своих"" мешков. Покупайте только своего производителя",Добрый день! Эту модель пылесборников купили более 5000 раз. Никогда не было таких негативных отзывов. Скорее всего Ваша модель пылесоса не совместима с нашим пылесборником. Спасибо.
0,1,,"Мешки плохие, не герметичные.",Добрый день! Мешки качественные и герметичные. Возможно несовместимость моделей или не правильная установка. Спасибо.
0,1,,"Мешки пришли без уплотнительных резинок к шлангу, поэтому возврат. На картинке на коробке резинка у Вас есть. Как говорится -что на коробке то и в коробке, да и этого нет. Не вводите пожалуйста своих покупателей в заблуждение!",Добрый день! На коробке рисунок а не фото. На мешках кольцо сделано из фильтрующего материала и прекрасно справляется со своей функцией. Спасибо.
0,1,,"Мешок с мукой рваный,всё высыпается.","Приветствуем вас! 
Во избежание неприятных ситуаций, связанных с порчей продукта, мы настоятельно рекомендуем вам проверять продукцию в пункте выдачи или при курьере. Со своей стороны мы делаем все, что касается регламента Wildberries для транспортировки товара и даже больше, но, к сожалению, мы не можем контролировать качество самой транспортировки до пунктов выдачи и в таких случаях рекомендуем вам оформлять возврат товара. 
По вопросам качества доставки вы можете обратиться в магазин через раздел ""обращения"" в личном кабинете и оставить жалобу. Надеемся, что качество доставки вас больше не подведёт."
0,1,,Мне не понравился,"Добрый день!
Благодарим за выбор нашей продукции!
Нам жаль, что наш урбеч пришелся вам не по душе.
Лён очень полезен, но вкус специфический.
Рекомендуем попробовать наши ореховые урбечи, например из фисташки."
0,1,,"Много раз брали мёд этого производителя и всегда были очень довольны. Но в этот раз прокол. Ну никак не сбор 2020 года. Когда получала, сначала решила, что мёд сильно охлажден и поэтому плотный. Но дома оказалось, что и при комнатной темпатуре это просто банка-кирпич и ещё надо постараться его наковырять. Очень жаль.","Добрый день! Спасибо, что купили наш мёд и уделили время на отзыв! Кристаллизация – это естественный процесс, который является важным показателем качества. А к концу октября практически все сорта уже начинают оседать. Если вы хотите получить более жидкую консистенцию, вы можете поставить баночку на водяную баню или в микроволновую печь на низкой мощности, не нагревая мёд выше 40 градусов, что никак не повлияет на его полезные свойства. Мы рады работать для Вас!"
0,1,,"Молоко ещё не пробовала. Оценка за надувательство. Приобретала по акции за 357, а продали за 397. К тому же при переходе на сайт с корзины, стоит цена 357. Как объясните ваш поступок? Обман на лицо! ",
0,1,,"Молоко имеет ужасный запах, ощущение будто уже испортилось. Какие-то комочки также сильно смутили. Покупала молоко этого производителя у них де в магазине и все было в порядке! Ужасно расстроена ",
0,1,,"Молоко не вкусное, хорошо что на пробу взяли только одну пачку","Добрый день. Напишите нам пожалуйста на электронную почту order@unicatrade.ru, мы поможем решить эту проблему. Спасибо."
0,1,,"Молоко не понравилось, кусок жира и вода, кокосового вкуса и запаха нет совсем, невкусное. Раньше брала, было очень вкусное, но в этот раз пришло соасем не такое как раньше",
0,1,,"Молоко неоднородной консистенции, водичка с комочками . После восторженных отзывов ожидала другого. ",
0,1,,"Молоко оказалось вскрытым, а я не проверила этот момент на пункте выдаче. Увидела уже дома(((( вкус какой-то кисло-пресный, явно кокосового запаха нет. Вопрос к производителю, что теперь с ним делать? ","Татьяна, нам очень интересно, почему сотрудники маркетплейса так поступают с продуктами ((( Напишите нам на почту mp@ufood.market "
0,1,,"Молоко оказалось не той констсьенции. Либо нарушен срок, либо правила хранения. Упаковку выкинула, срок не посмотреть уже. Думала может замерзло пока несла из пункта выдачи. Но нет. Больше не буду заказывать","Добрый день. Молоко в холодное время года при транспортировке расслаивается на кокосовые сливки и воду, так как это полностью натуральный продукт и в нем нет эмульгатора, в отличие от других производителей. Это указано в описании. Для того, чтобы стабилизировать это молоко и сделать его однородным и жидким, необходимо подержать его под струей горячей воды или в кастрюле с горячей водой и интенсивно взболтать."
0,1,,"Молоко очень сомнительного качества; очень водянистое, даже интенсивное взбалтывание не даёт однородной консистенции, хлопья и комочки. Беру впервые эту марку, разочарованна.",
0,1,,"Молоко пришло без упаковки, вкус кислый, прийдется выбросить.",
0,1,,"Молоко пришло в коробке но в горлышке пленка была порвана и крышка открылась без щелчка . Молоко расслоилось , на вкус молоко чуть сластит, вода одна и сыворотка  , думаю его разводили раз упаковка была вскрыта . Больше я заказывать не буду у вас . ",
0,1,,Молоко пришло испорченное !!,Добрый день. Напишите пожалуйста на электронную почту order@unicatrade.ru
0,1,,Молоко пришло испорченное!,"Здравствуйте. Уточните пожалуйста, что Вы подразумеваете под ""испорченностью"". Напишите нам на order@unicatrade.ru"
0,1,,"Молоко пришло испорченное, кислое.",
0,1,,"Молоко пришло испорченное, огромный комок кокосовой мякоти и вода отдельно. Размешать невозможно. ",
0,1,,"Молоко пришло кислое, раслоившееся, до этого заказывала другой фирмы было хорошее, это не рекомендую",
0,1,,"Молоко пришло с нарушенной упаковкой, крышка порвана и герметичность упаковки нарушена. Такое Молоко только в мусорное ведро",
0,1,,"Молоко пришло с хлопьями, очень густое из-за сливок, при перемешивании остались крупинки. осталась очень недовольна, так как покупала его в магазине, и они абсолютно отличаются по вкусу.",
0,1,,"Молоко пришлось вскрывать, поскольку через отверстие ничего не лилось. Внутри оказался комок чего то и вода... Очень жаль!!! Никому не советую!!!","Добрый день. Если Вы внимательно прочитаете описание продукта, то увидите, что там написано о свойстве этого натурального кокосового молока расслаиваться в холодное время года, так как в нем нет эмульгаторов и прочих синтетических добавок. Для того, чтобы стабилизировать молоко и сделать его однородно жидким, подержите упаковку под горячей водой и интенсивно взболтайте. Спасибо за обратную связь"
0,1,,"Молоко прокисшее пришло, забирая из офиса, упаковка показалась набухшей, ясно теперь почему! Брать не советую, и сама брать не буду! ",
0,1,,"Моя 3 и последняя попытка что-то вырастить от этой фирмы.  Семена были похожи на пыль, абсолютно пустая шелуха, жаль не сфоткала. На 6 день появился 1 росток! Разочарование. Не советую дарить эти наборы кому-то. Ель у меня не проросла вообще, незабудки очень быстро появились, но так же быстро все ростки умерли сами собой, при достижении высоты в ~2 см. ","Добрый день! Мы стараемся сделать все возможное для всхожести растений: дополняем набор обогащённым грунтом, кладем хорошие семена, но очень многое зависит от условий выращивания и полива, так как это живое растение. Надеемся, вы не расстроились и всё же попробуете вырастить растение еще раз."
0,1,,"Моя кошка не стала есть этот корм, закопала и ушла. Не ест даже голодная.","Добрый день! Сожалеем, что наш продукт не понравился Вашей кошке. Переход с одного корма на другой часто у кошек проходит сложно. Наш корм состоит только из натуральных компонентов, без каких-либо добавок и усилителей вкуса. Часто именно с этим связана сложность перехода на натуральный корм у кошек. Попробуйте через некоторое время предложить наш продукт еще раз. Здоровья Вашему питомцу! С уважением, команда ООО Торговый Дом ""Нара""."
0,1,,На Электролюкс сел плохо. Слишком большой мешок.  Очень трудно приспособить отверстие.  Летит все мимо мешка.,
0,1,,"На вкус не пробовала ещё, но джем протек, пачка была вся в джеме.
Фото пачки не сохранилось","Ольга, добрый день! Жаль, что вы получили продукт в таком виде(. Мы очень хотим, чтобы заказы продукции ""Иван-поле"" радовали покупателей, поэтому хотим выслать вам целую баночку этого конфитюра бесплатно! Пожалуйста,  напишите на нашу почту или позвоните по телефону горячей линии."
0,1,,На коробочке на первом месте написан глицерин! Бессовестно не указан в составе при описании продукции! Никому не советую этот крем брать,"Ольга, добрый день! Как правило, на Wildberries в описании товара указан только биоактивный состав того или иного средства, как и в случае с кремом для век с морским коллагеном. Дополнительно сообщаем, что у покупателей также есть возможность задать производителю вопросы о товаре (например, о полном составе) в соответствующем поле карточки товара. Сожалеем, что Вы остались разочарованы покупкой. С уважением, команда LIMONI"
0,1,,"На линзе в некоторых местах сколы, пластик вокруг поцарапан","Здравствуйте!  Уверяем, что отправляем только качественные товары в надлежащем виде.  Дефекты были получены в процессе перевозки, которую не представляется возможным проконтролировать. Рекомендуем в подобных ситуациях отказываться от товара при его получении и делать повторный заказ."
0,1,,"На мой Philips FC8132 easy life подошли* НО весь мусор при уборке залетает не в  мешок, а мимо него. Отверстия у мешка которое соприкасается с шлангом пылесоса хлипкое. Не рекомендую ",
0,1,,"На протяжении почти трех лет покупал этот кофе в Ашане, очень был доволен и вкусом и ароматом. Теперь заказал на Wildberries. Оказался обычный пережженный кофе без аромата с неприятным плоским горьким вкусом, как из магазина ""Пятерочка"" за 200 р. Пить это невозможно. Высыпал в мусорное ведро. Непонятно, это подделка или Dell Arabica так просела?","Добрый день! Спасибо, что нашли время поделиться своими впечатлениями. Грустно, что этот продукт расстроил Вас. Надеемся, что последующие покупки  принесут Вам только приятные эмоции. А мы будем стараться изо всех сил радовать Вас! С уважением, команда MAGICGROUP!
"
0,1,,"На пункте выдачи 27.04.21 товар не выдали, не смогли найти, попросили прийти и забрать в другой день. Сегодня пришла, товара опять нет.... Деньги сняты, товара нет, а в личном кабинете проходит как выданный....","Здравствуйте! Данный вопрос Вам необходимо решать непосредственно с Вайлдберриз, обратитесь, пожалуйста, в поддержку и в пункт выдачи в котором Вам не выдали заказ. 
Мы только поставщик. "
0,1,,На самом деле патчи бесполезные (((в течении двух месяцев пользовалась ими и не увидела никакой разницы ((( вроде и Правильно из хранила и Правильно ими пользовалась но до *** ((( расстроена (((( ,
0,1,,"Наверняка хорошее молоко, мне не могут доставить уже неделю! И деньги вернуть нельзя,тк товар невозвратный",
0,1,,"Название чёрным по белому написано ""съедобные"", получив же, на упаковке чётко написано ""только для наружного применения"" и ""не проглатывать"". Зачем обманывать покупателей, пишите нашвания ","Спасибо за ваш отзыв! Съедобное массажное интимное масло с ароматом карамели - съедобное, косметику Shunga нужно слизывать, так же если подуть на кожу, обильно смазанную маслом, то оно начинает отдавать приятное тепло. Попробуйте) надеемся вам оно очень понравиться!  "
0,1,,"Напаминает вкус миндаля а не фисташка, мне не понравился сироп ,знаю о чём говорю работаю с кофе и сиропами не один год !","Здравствуйте. Спасибо за Ваш отзыв, это помогает нам сделать нашу продукцию и сервис лучше. Нам жаль, что Вам не пришелся по вкус этот сироп. На портале можно познакомится с новинками и полным ассортиментом продукции Barline. С уважением, производители сиропов Barline."
0,1,,"Написано топ с липким слоем! Даже написано на этикетки. Сотрите липкий слой! Липкого слоя нет! Возникает вопрос. Как? И что? Вы продаёте!? Возврату товар не подлежит! В службе поддержки мне отказали. Ну, в принципе, это и логично. Товар забрал на месте, проверить невозможно. Что пришло и что предлагают  к продаже  не соответствует  действительности. Получается, что это мошенничество. Последнее время складывается впечатление, что проще заказывать, на Алиэкспресс чем Вайлдберриз.","Добрый день! Благодарим вас за отзыв, рады что вы выбрали топ для ногтей с липким слоем LIANAIL. Напишите, пожалуйста, дату производства, указанную на дне флакона, мы проведём проверку по сырью из этой партии. 
Рекомендуем попробовать такие продукты как : база для гель лака LIANAIL и  обезжириватель для ногтей LIANAIL.
Приятных покупок! Надеемся увидеть вас снова."
0,1,,"Начиталась отзывов о том что приходит не тот аромат, но все таки рискнула заказать. Прислали тоже не тот в розовом флаконе. Он приторно сладкий, это не Кирке явно. Уважаемый поставщик вам уже много раз сделали одно и тоже замечание, а вы все продолжаете косячить. ",
0,1,,"Начиталась отзывов, поверила. Повелась на натуральность, купила. Замучилась разогревать, чтобы получить равномерный продукт. В итоге никуда использовать невозможно. Вкуса нет, вернее вкус жмыха. Даже если протрясти все равно расслаивается. В кофе сворачивается и плавают какие-то хлопья. В итоге разлила по формочкам и заморозила. Как перестану жалеть, выкину. Одной звезды мало. Тут ни одной нельзя поставить.","Добрый день! Вам по всей видимости пришло молоко испорченное, из-за нарушения упаковки. Напишите пожалуйста нам на почту order@unicatrade.ru решим этот вопрос"
0,1,,"Не берите! Совсем не ароматизирует!Ну если нос ткнешь в палочки то есть запах)Неумеют у нас делать аромадиффузоры,зато хорошо любят денежки,которых не стоит этот продукт)",
0,1,,"Не брать, совет от знатока",
0,1,,Не вернули деньги за отказ :( Хотя отказ был произведён месяц назад,"Добрый день! К сожалению, обращения по доставке и возврату денежных средств в разделе Отзывы не обрабатываются. Мы никак не можем повлиять на решение данного вопроса, рекомендуем обратится в службу поддержки Wildberries. Благодарим за обратную связь!"
0,1,,Не взошел ( ,"Добрый день! Нам очень жаль, что семена не взошли. К сожалению, иногда даже при соблюдении, казалось бы, всех условий такое случается, ведь это живое растение. Если с момента посадки прошло несколько недель, рекомендуем все же не прекращать уход за растением, так как семена еще могут взойти."
0,1,,Не вкусный,Очень сожалеем что Вам не понравился наш продукт(((
0,1,,"Не вкусный, возможно на любителя...","Добрый день!
Нам жаль, что покупка Вас расстроила.
Вкусовые ощущения субъективны и могут отличаться у разных людей.
Благодарим за Ваш отзыв, он будет полезен другим покупателям."
0,1,,"Не вкусный, горчит. Какой-то жженый пончик. Выкинутые деньги на ветер, есть более вкусные сиропы за меньшие деньги. ","Здравствуйте. Спасибо за Ваш отзыв, это помогает нам улучшить наш сервис. Нам жаль, что Вам не пришелся по вкус этот сироп. Компания Barline внимательно следит за технологическим производством и качеством выпускаемых сиропов и топпингов. На портале можно познакомится с новинками и полным ассортиментом продукции Barline. С уважением, производители сиропов Barline."
0,1,,"Не выкупила, привезли со сломанным дозатором.","Добрый день!
Благодарим вас за обратную связь.  Благодарим за внимательность. Со своей стороны возьмём это на контроль и проведём проверку."
0,1,,"Не выросли, не смотря на то, что все рекомендации соблюдали","Добрый день. Некоторым растениям требуется больше времени на всхожесть. Попробуйте вырастить семена съедобных растений: томат, огурец, базилик, они отличаются хорошей всхожестью."
0,1,,"Не едят вообще, два кота🤨 купила 2 коробки, понюхали и все.... Прошла неделя","Добрый день, Анна! Сожалеем, что наш продукт не понравился Вашим питомцам. Переход с одного корма на другой часто у кошек проходит сложно. Попробуйте через некоторое время предложить наш продукт еще раз. Здоровья Вашему питомцу! С уважением, команда ООО Торговый Дом ""Нара""."
0,1,,"Не знаю, оригинал или нет, читала восторженные отзывы, а мне не подошёл - все лицо высыпало!( Пробуйте осторожно!!! ",
0,1,,"Не могу оставить негативный отзыв, не размещают. ","Добрый день, Елена! Все отзывы, прошедшие модерацию, размещаются. Хотелось бы понимать, что именно Вам не понравилось. Каждый отзыв очень важен для нас и для будущих покупателей. То, что не понравилось Вам, может быть важно и для других, а возможно, то, что не понравилось Вам – для других огромный плюс. Поэтому будем рады уточнению. С уважением, команда LIMONI"
0,1,,"Не могу оценить, т.к. вместо кусочков говядины прислали суфле из курицы.с возвратом геморрой..в пункте приема не приняли, сказали оформлять заявку. Оформила на замену.. вежливо написали сама дура- не посмотрела сразу.. мои взрослые. Суфле не едят. Одно радует, что то что прислали на 300 рублей дороже. Подарю друзьям.. у них 7 недельный котенок. Съест потихоньку","Здравствуйте. Приносим извинения за то, что вы столкнулись с такой ситуацией. Пожалуйста, свяжитесь с нами напрямую через официальный сайт 4gurman ru, чтобы мы смогли разобраться с этим случаем и решить проблему."
0,1,,Не определилась на  win10.,"Сожалеем, что Вам пришлось столкнуться с неудобствами во время использования нашего товара. Допускаем, что Вам пришло бракованное изделие. Товар можно вернуть, предварительно оформив заявку в личном кабинете «Проверка товара – Возврат после оплаты по браку». Не забудьте приложить к заявлению видео, где видна проблема. Обращение рассматривается в срок до 5 дней. После подтверждения заявки денежные средства возвращаются на баланс сразу же после фактической передачи товара."
0,1,,Не оригинал:(,
0,1,,Не особо. Мне не понравился,"Добрый день! Сожалеем, что покупка не принесла должной радости. Ваш отзыв поможет сделать продукцию ещё лучше!"
0,1,,"Не отбелили,не освежил.....",
0,1,,Не понравилось.Какао вообще не чувствуется.,"""Добрый день! Благодарим Вас за теплый отзыв о нашем продукте.  
Наш какао натуральный, не алкализованый, без сахара, имеет аромат настоящего шоколада. ""
Также предлагаем попробовать другие наши товары: арт. 12761856 - горячий шоколад, арт. 12761858 - кофе в зернах 100% арабика. С уважением, команда El Gusto.
Нас ищут: El Gusto, какао, какао натуральный, какао порошок, какао порошок натуральный, шоколадное какао, какао без сахара
"
0,1,,"Не понравилось.Пользовалась такими другой фирмы, все было ок, решила заказать эти, они ужасны.Весь клей остался на носу…","Здравствуйте, Анастасия! Результат от применения полосок напрямую зависит от текущего состояния кожи и соблюдения технологии их применения. Если Вы будете четко следовать рекомендациям, то все получится. Для обеспечения наилучшего результата перед использованием полосок следует тщательно смочить кожу носа водой (после предварительного очищения). Если кожа будет недостаточно влажной, полоска может потерять эффективность. Также после нанесения необходимо разгладить полоску по коже для обеспечения наилучшего контакта с кожей. После того как полоска полностью высохнет и станет жёсткой, следует удалить её по направлению от крыльев носа к спинке. С уважением, команда LIMONI"
0,1,,"Не понравилось.Худшее молоко, что я пробовала.Горчит.",Добрый день. Возможно Вам попалась испорченная пачка. Можете написать нам на order@unicatrade.ru
0,1,,"Не понравился совсем,вязкий и полусухой,не увлажняет.Выбросила оба","Спасибо за отзыв! Жаль, что продукт Вам не подошел."
0,1,,"Не поняла сего волшебства!Комки и никакого вкуса вообще.Читала отзывы у девченок,что вкусно с кофе????Как ,я,только над ним не колдовала...Не вкусно!",
0,1,,Не правильно показывает температуру. Ошибка ±10⁰С,
0,1,,"Не проверили в пункте выдачи. Прибор не работает , внутри что-то болтается. Буду пытаться вернуть.","Добрый день, Светлана. Спасибо за Ваш отзыв, Вы помогаете нам стать лучше! Вы можете оформить заявку на возврат в личном кабинете, но обязательно приложите видео и фотографии, на которых видна возникшая проблема. Приносим извинения за доставленные неудобства."
0,1,,Не просыхает в лампе вообще,Добрый день. Благодарим Вас за обратную связь. Мы рекомендуем сушить нашу продукцию в исправной лампе мощностью от 36 ватт от 60 секунд.
0,1,,Не работает вообще не вытягивает,
0,1,,"Не работает переговорное устройство! Ключик открывает, а трубка -не работает!!! Как вернуть деньги!!! Почему нельзя оформить заявку на возврат по браку? ",
0,1,,"Не работает,  ещё все руки красные , вернул в течение 10мин, хлам этих 935р не стоит","Добрый день, Алексей! Спасибо, что выбрали Светящуюся ленту нашего бренда и поделились своим мнением. Сожалеем, что вы остались недовольны покупкой. Мы передадим эту информация в отдел по контролю качества. Надеемся в ассортименте нашего магазина вы сможете найти для себя полезные товары. Будем рады вашим новым покупкам. С наилучшими пожеланиями, ваш STYLE HOME. "
0,1,,"Не работает, не нагревается.",Здравствуйте! Спасибо за отзыв и обратную связь! Оформите пожалуйста заявку на возврат в личном кабинете. Мы данный прибор утилизируем. А вам вернём деньги.
0,1,,"Не работает. Оказалось что надо учитывать два важных момента:
1) Могут быть использованы только в составе двухпроводных координатно-матричных линий связи систем типа Visit, Cyfral, Eltis.
2) Напряжение абонентской линиине более 25В, Сопротивление абонентской линии до 30 Ом
Вернуть деньги и взять обратно товар и wildberries и Schneider Electric производитель отказываются. 
Элтис за 400 р работает, а этот домофон не работает.
Учтите это при покупке и проконсультируйтесь со специалистом до приобретения. Товар невозвратный.",
0,1,,Не работают совсем  пробовала я и дочь,"Здравствуйте, Виктория! Результат от применения полосок напрямую зависит от текущего состояния кожи и соблюдения технологии их применения. Если Вы будете четко следовать рекомендациям, то все получится. Для обеспечения наилучшего результата перед использованием полосок следует тщательно смочить кожу носа водой (после предварительного очищения). Если кожа будет недостаточно влажной, полоска может потерять эффективность. Также после нанесения необходимо разгладить полоску по коже для обеспечения наилучшего контакта с кожей. После того как полоска полностью высохнет и станет жёсткой, следует удалить её по направлению от крыльев носа к спинке. С уважением, команда LIMONI"
0,1,,Не растворяется. Не советую. И на вкус не приятный. Казеин со вкусом банана и шоколада растворяется лучше и на вкус приятнее.,"Здравствуйте! Очень жаль, что этот вкус вам не подошел. Многим покупателям он нравится. В составе продукта мы используем только качественное европейское сырье и немецкие ароматизаторы. Данные составляющие отвечают за органолептические свойства продукта. Рекомендуем попробовать приготовить коктейль на молоке - коровьем или любимом растительном, вкус в таком случае становится более нежным. И обязательно попробуйте другие вкусы нашего продукта, у нас широкая вкусовая линейка. Надеемся, они вам понравятся больше, и вы найдете именно свой вкус. Спасибо, что выбрали нашу продукцию и нашли время, чтобы написать отзыв о ней. Мы это очень ценим!"
0,1,,"Не рекомендовала бы этот топ в использовании. Ни на тёмных - в лампе очень сильно светится голубым. Однако при обычном освещении - жёлтый. Настолько что меняет цвет не только у белых, но и у голубых (становятся грязно серыми). Очень расстроена. Пользовалась месяц. Белые приходят с цветом заядлого курильщика на каждом пальце в равной степени окрашивания.","Добрый день.
Рекомендуем увеличить время полимеризации и хорошо просушивать топ - не менее 1 минуты. Это важно, чтобы топ не желтил. Для тёмных оттенков, действительно, топ не подходит."
0,1,,Не рекомендую. Ничего не взошло.,"Добрый день! Спасибо за Ваш отзыв. Нам очень жаль, что Ваше растение не взошло. К сожалению, всхожесть семян зависит от многих факторов, в числе которых условия освещения, температура и многие другие. Надеемся, что результат не очень сильно Вас расстроил, и Вы попробуете вырастить растение еще раз."
0,1,,Не свежий шоколад прислали! Возврат 👎🏼👎🏼👎🏼,"Добрый день! Срок годности шоколада 6 месяцев. Плитка, которую вы получили изготовлена 23 октября 2020 года. Шоколад достаточно свежий для употребления."
0,1,,"Не советую, клеишь под глаза, через минуту они на щеки уплыли. Слишком много жидкости.",
0,1,,Не советую. Не работает,
0,1,,Не совпадает с описанием!,"Здравствуйте! Товар полностью соответствует заявленным характеристикам. Если товар пришедший вам им не соответствует, вероятно это брак или вам пришел другой товар. Рекомендуем в таких ситуациях товар вернуть."
0,1,,Не соответствует запах,
0,1,,"Не та книга пришла, прислали про насекомых","Здравствуйте! Сожалеем, что пришла не та книга, которую Вы заказывали. Советуем обратиться в  колл-центр Вайлдберриз, Вам там обязательно помогут."
0,1,,"Не увидела эффекта, ерунда пропиаренная",
0,1,,"Не увидела я бархата.... К тому же,когда удаляешь дисперсии, в итоге остаются проплешины,приходится покрывать повторно.","Добрый день! Возможно, вы наносите топ слишком тонко или не досушиваете его. Попробуйте чуть увеличить толщину слоя и время полимеризации в 2 раза."
0,1,,Не удалось попробовать. Вместо заказанных 2-х коробочек пришла только одна.,
0,1,,"Не удалось проверить в действии препарат, тк внутри коробки отказалась совершенно не то.",
0,1,,"Не удобен для круглого аквариума,полная трата денег","Добрый день, нам очень жаль, что покупка не оправдала Ваших ожиданий. Спасибо, что нашли время обратить на это наше внимание."
0,1,,"Не хочется оценивать качество, у баночки с зубным порошком нет никакой защиты от вскрытия! Любой мог по пути о крыть потрогать и т. Д. . Выбросила . Так нельзя продавать! ","Здравствуйте! Мы отправляем товар в индивидуальном запаянном пакете. Сожалеем, что из-за проблем со службой доставки наш товар незаслуженно получил низкую оценку и понизился в рейтинге. Качество доставки вы можете оценить в личном кабинете в разделе «Доставка» или же написав через Обратную связь в разделе «Обращения»"
0,1,,"Невкусно! Даже если сидишь на диете, лучше съесть ложку нормальной пасты ","Виктория, добрый день! Жаль, что продукт не оправдал ожиданий. На Вайлдберриз также представлены шоколадные пасты от ""Иван-поле"" -  TobeNut и веганская ""Наэма"", они очень любимы нашими покупателями, может быть и вам придутся по вкусу!)
Также мы бы хотели отправить вам комплимент от нашего бренда - пожалуйста, напишите на нашу электронную почту."
0,1,,Невкусный точнее я когда покупала не обратила внимание на то что он соевый на вкус как муку пьешь жидкую,"Соевый изолят имеет характерный вкус. В большей степени его предпочитают люди с непереносимостью лактозы и веганы. В остальных случаях, вы можете пить сывороточный белок."
0,1,,"Нельзя зажимать одновременно шифт, ктрл и w","Это не игровая клавиатура, она не поддерживает сложные комбинации"
0,1,,"Нельзя покупать продукты онлайн, убедилась в этом. Прислали открытую банку, защитный слой отклеен, вся плёнка в пасте. Но таким комком был обмотан, что увидела только дома. Паста отправилась в мусорку. Можно было вернуть, но тогда отправилась бы дальше людям.","Добрый день, данную упаковку производят при доставке товара, а Вы снижаете звезду производителю, который не имеет к этому отношения. Очень жаль "
0,1,,"Неоднородное. Комками. Брала раньше на озоне, совершенно два разных продукта.",
0,1,,"Неправильно показывают температуру. Летом разница была на 3-5 градусов ниже, зимой стала на 7-10 выше.",
0,1,,"Несколько раз попробовала и каждый раз было сильное жжение. Может быть только мне не подходят, но все равно мало приятные ощущения ",
0,1,,"Ни какого эффекта нет, не рекомендую","Здравствуйте! Благодарим Вас за обратную связь.Нам очень жаль, что Вы не оценили эффективность регенерирующей маски из линейки Skin Helpers. Данное средство сокращает период восстановления кожи после повреждения, оказывает ускоренное успокаивающее действие, снимает покраснение и раздражение кожи. Так же, оно стимулирует 24-часовую непрерывную регенерацию кожи. Для максимальной эффективности воздействия рекомендуем придерживаться способа применения: наносить плотным слоем на поврежденные участки кожи. Не требует смывания. "
0,1,,"Ни о чем. Персик и все..... больше и ничего.  Нет раскрытия. Том форд уже раскрылся, а это никак за то же время.","Добрый день, дайте настояться парфюму некоторое время и он раскроет все ноты."
0,1,,Ни один кристалл не получился. Пробовали несколько раз. Чётко по инструкции. Может есть какие то секреты 🤷‍♀️,"Здравствуйте. Сожалеем, что эксперимент не получился. Успех эксперимента зависит от множества факторов. Надеемся, что новые покупки принесут только приятные впечатления."
0,1,,Ни хрена ни взошло!!!,"Здравствуйте! Нам очень жаль. На всхожесть семян влияют различные факторы – свет, температура, влажность. Надеемся, вы не расстроились и попробуете вырастить растение ещё раз. Начните с более простых, растений: огурец, томат, базилик, руккола."
0,1,,Никакого заметного результата вообще. ,
0,1,,"Ниочёмное! Пустое какао! Сам порошок светлый, запах еле уловимый, вкуса нет. Мы ещё помним вкус советского настоящего, хорошего какао, где и запах, и вкус, и цвет насыщенные, ярко выраженные, легко уловимые. А пищевая химия в СССР была в зачаточном состоянии и почти не применялась, никаких усилителей вкуса, никаких ароматизаторов, тогда про это и знать  не знали, и ели, и пили натурпродукт!  ","Добрый день! Мы сожалеем, что Вам не пришелся по вкусу наш натуральный какао. Смеем заметить, что наш продукт не содержит никаких добавок,  разрыхлителей и ароматизаторов, в отличии от вышеупомянутого Вами продукта, в котором содержится даже крахмал! С уважением, команда El Gusto"
0,1,,"Ничего даже близко общего со вкусом сахара нет, химическое послевкусие после которого тошнит","Добрый день. Благодарим за обратную связь. Нам очень жаль, что Вы остались не удовлетворены данным товаром. Надеемся, при следующей покупке Вы останетесь довольны товарами нашей продукции."
0,1,,Ничего не взошло ((((( обидно,"Добрый день. Некоторым растениям требуется больше времени на всхожесть. Если семена не взошли через несколько недель, то рекомендуем все же продолжить уход за растением и подождать еще немного. Также очень многое зависит от условий выращивания и полива, так как это живое растение."
0,1,,Ничего не взошло,"Добрый день! Мы стараемся сделать все возможное для всхожести растений: дополняем набор обогащённым грунтом, кладем хорошие семена, но очень многое зависит от условий выращивания и полива, так как это живое растение. Надеемся, что Вы не расстроились, и попробуете вырастить растение ещё раз."
0,1,,Ничего не взошло,"Добрый день. Некоторым растениям требуется больше времени на всхожесть. Если семена не взошли через несколько недель, то рекомендуем все же продолжить уход за растением и подождать еще немного. Также очень многое зависит от условий выращивания и полива, так как это живое растение.
"
0,1,,"Ничего не взошло, очень расстроилась","Добрый день! Спасибо за Ваш отзыв. Нам очень жаль, что Ваше растение не взошло. К сожалению, всхожесть семян зависит от многих факторов, в числе которых условия освещения, температура и многие другие. Надеемся, что Вы попробуете вырастить растение еще раз."
0,1,,Ничего не взошло. Не рекомендую!,"Добрый день. Некоторым растениям требуется больше времени на всхожесть. Если семена не взошли через несколько недель, то рекомендуем все же продолжить уход за растением и подождать еще немного. Также очень многое зависит от условий выращивания и полива, так как это живое растение. "
0,1,,Ничего не взошло. Обидно,"Здравствуйте. Нам очень жаль. На всхожесть семян влияют различные факторы – свет, температура, влажность. Надеемся, в следующий раз у вас все получится!"
0,1,,"Ничего не взошло. У меня такое ощущение, что в пакетике семян вообще не было. Когда вскрыли упаковку там была только земля. Но мы честно пересылали все в горшок и поливали. Результат на фото (","Добрый день! Сожалеем о случившемся. Напишите пожалуйста об этом инциденте производителю. Его контакты указаны на упаковке. Верим, что ситуация разрешится в кратчайшие сроки."
0,1,,Ничего не выросло,"Добрый день! Спасибо за Ваш отзыв. Нам очень жаль, что Ваше растение не взошло. К сожалению, всхожесть семян зависит от многих факторов, в числе которых условия освещения, температура и многие другие. Надеемся, что результат не очень сильно Вас расстроил, и Вы попробуете вырастить растение еще раз."
0,1,,Ничего не выросло,"Здравствуйте, нам очень жаль. Рекомендуем вам попробовать ещё раз. Это живое растение, на всхожесть влияет множество факторов..."
0,1,,"Ничего не выросло, все делали по инструкции. Товар пришел быстро и хорошо упакован","Добрый день. Некоторым растениям требуется больше времени на всхожесть. Если семена не взошли через несколько недель, то рекомендуем все же продолжить уход за растением и подождать еще немного. Также очень многое зависит от условий выращивания и полива, так как это живое растение."
0,1,,"Ничего не выросло, обидно!","Добрый день! Мы стараемся сделать все возможное для всхожести растений: дополняем набор обогащённым грунтом, кладем хорошие семена, но очень многое зависит от условий выращивания и полива, так как это живое растение. Надеемся, что Вы не расстроились, и попробуете вырастить растение ещё раз."
0,1,,"Ничего не выросло. Семена в колбе больше похожи были на пыль. Столько отрицательных комментариев, а производителю плевать!","Добрый день! Нам очень жаль, что Вы разочарованы приобретением. Мы стараемся сделать все возможное для всхожести растений: дополняем набор обогащённым грунтом, кладем хорошие семена, но очень многое зависит от условий выращивания и полива, так как это живое растение. Надеемся, что Вы не расстроились, и попробуете вырастить растение ещё раз."
0,1,,Ничего не произошло ,
0,1,,Ничего не проросло😡,"Добрый день, рекомендуем вам ещё немного подождать. Это живые растения, успех зависит от множества факторов. Зелень в открытке растёт до двух недель."
0,1,,Нормально лицо освежает.,
0,1,,Ну какой кирке? Никакой. Не советую,
0,1,,"Ну, что сказать... долго не могла понять почему у меня такой кофе стал невкусный. Решила теперь буду покупать другого производителя, а оказалось этот жуткий вкус придает именно молоко. Запах кокоса у кофе есть, но вот вкус - это кошмар. То ли оно испортилось уже, то ли... Попробовала из пакета- реально кислит.",
0,1,,"Ну.... Не знаю что сказать. Подготовила пластину (все хорошо, месяцами ношу маникюр) но тут... Она моментально слезла плёнкой. Не советую к покупке","Добрый день! Обратите внимание на подготовку ногтевой пластины. Важно не просто забафить, но поднять чешуйки ногтевой пластины, чтобы обеспечить сцепку. Тщательно обезжирьте ногтевую пластину, особенно в области кутикулы и боковых валиков. Для соблюдения технологии покрытия и сцепки нанесите праймер. При покрытии базой сначала полусухой кистью нанесите базу втирающими движениями на ногтевую пластину, после чего наберите каплю на кисть и выполните выравнивание. "
0,1,,О вкусе и полезных качествах сказать ничего не могу.Банка протекла.Крышка была с вмятиной на боку и открылась двумя пальчиками.,
0,1,,"Обидно семян в колбе не оказалось, что очень расстроило. Рассчитывала вырастить цветы, но увы.","Здравствуйте. Обязательно напишите производителю по контактам, указанным на упаковке. Он восполнит вам недостаток семян!"
0,1,,Обман про размер покрывала ! Оно 150/200! ,
0,1,,Обман! В коробке оказался пустой флакон другого товара! Не могу связаться с тех поддержкой.,"Здравствуйте! Спасибо за обратную связь.  Нам искренне жаль, что с Вашей покупкой произошла такая неприятность! Приносим свои извинения за службу доставки Wildberries. Мы прикладываем очень много усилий, чтобы не допускать подобных ситуаций, поэтому просим Вас помочь выявить причину ошибки. Пришлите, пожалуйста, фото транспортировочной упаковки и штрих-кода на ней на почту lovlytoys@yandex.ru, и напишите, какой именно товар был доставлен Вам ошибочно. Спасибо Вам за помощь и за Ваш выбор"
0,1,,"Обязательно к тесту перед покупкой. Корица очень сильно доминирует, яблоко практически не ощущается. Аромат сладкий, в душном помещении не каждый сможет выдержать. Лично мне не зашло совершенно,  а вот девушку устроило. Цитрус мне от Bago зашёл гораздо больше.
В данном объеме (90 мл) ощущается на весь зал, цитрус во флаконе 50 мл таким похвастаться не мог.",
0,1,,"Огромное  не уважение к клиентам покупателям !!! Я плачу и хочу получить качество !!! Неужели получая плохие отзывы вам наплевать ?! Разберитесь со службой доставки!!! Ведь очевидно, что это подарочный вариант. Пришло все россыпью в пакете из 20 шт 9 мятые и рваные, так ещё на всех прямо сверху наклейка WB. ","Здравствуйте, нам очень жаль, что вы столкнулись с такой ситуацией. К сожалению мы, как производители, можем отвечать за качество товара только до поставки на маркетплейс. Далее доставкой занимается Wildberries. Мы не можем контролировать качество доставки. Пожалуйста, оформите возврат. Мы со своей стороны будем работать над качеством упаковки нашего товара. Надеемся, будущие покупки принесут только положительные эмоции."
0,1,,"Огромный вопрос по доставке. Сегодня пришло уведомление, что товар готов к выдаче. Но товара нет. В заказе были ещё другие наименования. Деньги списали за всё.","Здравствуйте! Нам очень жаль, что у вас возникла такая ситуация! К сожалению мы как производители на доставку повлиять никак не можем, т.к сборкой и отправкой заказов занимаются сотрудники WB. Напишите пожалуйста в службу поддержки, через раздел ""Обращения"" в личном кабинете.  "
0,1,,"Одна бутылка была вскрыта, не было мерного стаканчика(крышки)","Добрый день. Нам жаль что из-за проблем с доставкой вы поставили нам 1 звезду. Мы и наш продукт к вашей оценке не имеет никакого отношения. Мы сожалеем, что из-за не качественной доставки вы поставили низкую оценку рабочему продукту."
0,1,,Одна звезда за доставку. Нарушена упаковка. ,"Добрый день!

Я представитель производителя. На банке, на белом стикере, есть номер телефона и электронная почта. Просим Вас выслать фотографии на указанную почту и связаться с нами по указанному номеру телефона, мы решим этот вопрос.

С уважением, отдел качества El Gusto. "
0,1,,"Одно слово-гадость,просто сладкий сироп,где-то далеко отголоски гвоздики и на этом фсё","Здравствуйте. Спасибо за Ваш отзыв, это помогает нам сделать нашу продукцию и сервис лучше. Нам жаль, что Вам не пришелся по вкус этот сироп. На портале можно познакомится с новинками и полным ассортиментом продукции Barline. С уважением, производители сиропов Barline."
0,1,,"Однозначно не советую!пропускают ужасно!зря сэкономила!до этого пользовалась фильтэро,в сто раз лучше этих!",
0,1,,"Ожидание и реальность не совпали от слова совсем, металлический кружок с рисунком без гурта, на монету ни капельки не похож.","Добрый день! Спасибо, что выбрали наш товар и рассказали о Вашем впечатлении! Мы ценим мнение каждого.
Данная монета является неплохим вариантом бюджетного подарка и её качество полностью соответствует ценовой политике. В качестве альтернативы в нашем ассортименте Вы можете подобрать более качественный аналог именных монет из латуни.

С любовью и признательностью, 
Ваша ОптимаБизнес
"
0,1,,"Описание товара не соответствует реальности. Отказ от товара из-за недобросовестных поставщиков! Упаковка в коробке была уже вскрыта, отсутствует защитная плёнка, то ли упущение производителя, то ли так организована поставка. Очень жаль. Так хотелось попробовать!","Добрый день!
Спасибо за выбор нашей продукции!
Немного не поняли, чем описание не соответствует реальности. Банки пленкой не покрываем (пленка не указана на сайте). Возможно, вы имели в виду транспортировочную упаковку (пузырьковая пленка или пэт мешок), данная упаковка не является показателем ""вскрытости"" банки. Проверить герметичность проще всего по целостности наклейки идущей с крышки и отсутствию протечек."
0,1,,Оставляет красные пятна под глазами,
0,1,,"От мёда там только название, не берите, не за что платить, Мёд этого производителя буду обходить стороной.","Добрый день! Спасибо, что купили наш мёд и уделили время на отзыв! Попробуйте другие наши меда, обязательно сможете найти себе по вкусу. Мы рады работать для Вас!"
0,1,,"Отвалилась через минуту после крепления, упала и разбилась.",
0,1,,"Отврат! Абсолютно безвкусные! Будто маргарин пожевал или пластилин мягкий! Ни намёка на какао или вкус какой-то, как сахар в жиже замешали. Очень дешевый вкус. Вообще ни че го хорошего. Очень расстроена!!! И рассержена! ",
0,1,,Отвратительная! Снимается просто листами ... не держится даже дня!,"Здравствуйте! Возможно, была использована неверная технология нанесения. Перед нанесением необходимо выполнить подготовку ногтевой платсины: шлифовка бафом 150 грит или пилкой 180-200 грит в одну сторону снизу-вверх, затем обезжириватель и праймер. Затем тонким втирающем слоем наносится база. Если есть проблемы в носке, этот слой полимеризуется, и уже на втором слое выполняется более объёмное покрытие. Надеемся, это исправит проблему. Также обращаем ваше внимание, что данная базы подходит для крепких, здоровых ногтей. Для проблемных ногтей лучше использовать базу ASW-190."
0,1,,"Отвратительно, беру второй раз. Первый раз хорошее молоко было, в этот раз крышка не проклеена, молоко испорчено. Деньги на ветер. Верните 300 р или обменяйте на нормальную ",Добрый день! Напишите нам пожалуйста на почту order@unicatrade.ru
0,1,,"Отвратительно. Приклеели на присоски,  через 2 минуты упал. Естественно разбился, потому что летел с 5 этажа. Вывод такой, не рекомендую","Добрый день! Нам очень жаль, что товар не оправдал ваших ожиданий. Многочисленные отзывы и наши собственные опыты этим продуктом доказывают, что он качественный и полностью отвечает своим заявленным свойствам, по содержанию и цене, что немаловажно. Предлагаем обратить внимание на другие термометры бренда GARDEN SHOW: GARDEN SHOW / Термометр уличный оконный на липучке без ртути Солнечный зонтик Артикул: 9843096, GARDEN SHOW / Термометр комнатный, светлое дерево. Артикул: 9845563, GARDEN SHOW / Термометр оконный биметаллический квадратный в пакете Артикул: 12710502GARDEN SHOW / Термометр оконный ""божья коровка"" 160x155мм Артикул: 9845562, GARDEN SHOW / Термометр оконный ""пчелка"" Артикул: 8048674. Хороших покупок!"
0,1,,"Отвратительного качества топ, глянца после высыхания нет, некрасиво скукожился в лампе. Очень разочарована в покупке, просто в мусорку...","Добрый день! В какой лампе судили, сколько времени, какая лампа? По консистенции топ в банке однородной?"
0,1,,"Отвратительное качество. Лапы грязные, от лотка отковырять невозможно","Здравствуйте! Наполнитель Neo Clean при правильном использовании совершенно не прилипает к лапкам, при своевременном удалении комков не пачкает лоток так как мгновенно комкуется при соприкосновении с жидкостью. На упаковке есть инструкция по использованию комкующегося наполнителя, если следовать ей то вы будете довольны своим выбором. Приятных Вам покупок!"
0,1,,Отвратительное качество. Щетина лезет!!! Не советую приобретать.,
0,1,,Отвратительное качество... Помимо того что вся поцарапана так ещё и присоски дубовые.. Не держится на стекле от слова - вообще🤦🏻‍♀️ не советую.,
0,1,,"Отвратительное отношение к покупателю. Флакон полон меньше, чем НАПОЛОВИНУ. 400 рублей за 5 мл товара? Серьезно? Жалею, что не проверила флакон на содержимое при выдаче. ","Добрый день. Вы можете обратиться в службу поддержки Wildberries, бракованный товар подлежит возврату. "
0,1,,"Отвратительное послевкусие, не верьте хорошим комментариям. Не стоит своих денег. Никогда больше эту гадость не возьму. Очень разочарована.",
0,1,,"Отвратительные патчи! Тонкие, рвутся, Мало жидкости, сползают, запах не очень. Не советую.",
0,1,,"Отвратительные полоски, оторвать так и не смогла до конца. Верхний слой снялся, вся основа осталась на носу. Всё делала по инструкции дважды, результата никакого","Здравствуйте! Результат от применения полосок напрямую зависит от текущего состояния кожи и соблюдения технологии их применения. Если Вы будете четко следовать рекомендациям, то все получится. Для обеспечения наилучшего результата перед использованием полосок следует тщательно смочить кожу носа водой (после предварительного очищения). Если кожа будет недостаточно влажной, полоска может потерять эффективность. Также после нанесения необходимо разгладить полоску по коже для обеспечения наилучшего контакта с кожей. После того как полоска полностью высохнет и станет жёсткой, следует удалить её по направлению от крыльев носа к спинке. С уважением, команда LIMONI"
0,1,,Отвратительный.... Не рекомендую,"Добрый день. Мы очень расстроены тем что вкус Вам не понравился, но у нас есть решение. Попробуйте развести на молоке, вкус будет насыщеннее. Можно попробовать увеличить количество протеина или жидкости (на ваше усмотрение). Вкус-вещь субъективная. Все зависит от наших привычек. "
0,1,,"Отказ, коробка порвана,вид такой ,что мы не первые от нее оказываемся.","Здравствуйте!
Сожалеем о произошедшей ситуации, информация будет передана в отдел логистики Вайлдберриз.

Спасибо за Ваш отзыв и обратную связь, с Уважением, команда HUTER."
0,1,,"Отказ, потеряли присоску для окна","Добрый день!
Мы сожалеем что Вы столкнулись с неукомплектованным термометром. Мы обязательно свяжемся со службой контроля качества на производстве и отметим данный факт.  Просьба принять наши извинения. Закажите термометр снова, мы уверены он придет с присоской. "
0,1,,"Отказ, т.к. привезли другой товар. В Названии и описании настаёт, что набор беспроводной, но на самом деле - проводной.","Здравствуйте! Приносим извинения за доставленные неудобства, ошибка в названии товара. В характеристиках указано проводное подключение. При необходимости товар можно вернуть. Благодарим Вас за отзыв, ошибку исправим!"
0,1,,"Отклеена защитная мембрана,количество таблеток не соответствуют указанному на флаконе количеству.","Добрый день, Ольга! Спасибо за Ваше сообщение. Мы очень сожалеем, что Вам пришлось столкнуться с подобной ситуацией. Проблема могла возникнуть в связи с ошибкой при перевозке заказа со склада WILDBERRIES. По вопросам возврата денежных средств или обмена мы рекомендуем обратиться в службу поддержки клиентов WILDBERRIES. С уважением, команда АСНА."
0,1,,Откровенное фуфло.,"Добрый день! Спасибо, что выбрали наш товар и рассказали о Вашем впечатлении! Мы ценим мнение каждого.
Данная монета является неплохим вариантом бюджетного подарка и его качество полностью соответствует ценовой политике. Монеты этой коллекции изготовлены из медицинской стали, которая известна такими свойствами, как твердость, износостойкость и гипоаллергенность. В нашем ассортименте есть качественный аналог именных монет из латуни."
0,1,,"Открыла молоко,наливаю одна водичка .слила воду,внизу комок,очень твёрдый уже,пришлось разбивать блендером,жалко вылила воду,приходится добавлять кипяток,а так на вкус очень вкусный ,просто расслоилось ",
0,1,,"Отличный шоколад, остались очень довольны. Будем заказывать ещё .",
0,1,,Отстой ужас,"Здравствуйте, Наталья! Мы будем признательны, если Вы изложите проблему, с которой столкнулись, более подробно. С уважением, команда LIMONI"
0,1,,Оформила возврат товара 25.01. 21 до сих пор не начислили деньги,"Добрый день. По вопросам возврата товара и денежных средств рекомендуем обратиться в службу поддержки клиентов Wildberries. Уверены, что Вам там помогут решить данную ситуацию. "
0,1,,Оценить не могу. Прислали вместо него марганцовку в маленьком пакете. Отказ. Повторила заказ.,
0,1,,"Оценка доставке. Сотрудники склада, вы сами бы хотели получить такое в подарок?! Это же открытка! Мало того, что наклейка на лицевой стороне, так еще и маркером подписали🤦🏻‍♀️ ","Здравствуйте, вы поставили оценку не сотрудникам склада, а продавцу. Наклейки  и надписи оставляет служба доставки, на которую мы никак не можем повлиять. Нам очень жаль. "
0,1,,Очень  вредит деснам. После первого применения кравоточат десны.,"Здравствуйте, сожалеем, что товар вам не подошел и вы остались не довольны."
0,1,,"Очень воняет. Уже прошло две недели, запах не улитучился. Едкий химический запах не исчезает. Каждый вечер, перед сном выносим клавиатуру и мышку в другую комнату, постоянно приходится проветривать квартиру, вообщем-то на улице минус, а дома дети.","Все наши товары перед упаковкой в коробки обрабатываются антисептиком, чтобы уничтожить любые микроорганизмы на поверхности. Запах антисептика безвреден и быстро выветривается. "
0,1,,"Очень горький. Есть невозможно совершенно. Мне хвалили эту фирму , именно этот урбеч. Разочарована . Зачем вы портите впечатление о своей продукции ? Лучше изъяли бы эту партию из продаж. У меня март 2022 года. По срокам хороший, но по вкусу - горький даже с мёдом . ","Спасибо за совет, мы подумаем."
0,1,,Очень густая👎,"Здравствуйте.  Благодарим за обратную связь. Нам очень жаль, что Вам не подошёл наш товар"
0,1,,Очень долго доставляли,"Добрый день, Екатерина! Мы очень сожалеем, что срок доставки нашего продукта был очень долгий, но от нас как от поставщиков данный момент не зависит - это находится в ведении службы доставки WB. Мы будем искренне рады, если Вы дополните свой отзыв о нашем продукте, после того, как попробуете, и оцените качество самого продукта, а не доставки. В любом случае, спасибо Вам за отзыв и за то, что выбрали наш Био Дигидрокверцетин. "
0,1,,Очень долго шел!,"Добрый день! Рекомендуем в следующий раз оценивать в данном разделе качество товара, а не осуществление доставки, т.к. это может ввести в заблуждение будущих покупателей. 
"
0,1,,"Очень долгой была доставка! Должна была быть 21-23 ноября, а по факту только 1 декабря. ","Добрый вечер. Благодарим Вас за отзыв и выбор продукции GLORIA SUGARING & SPA. Нам очень жаль, что так получилось. По вопросам транспортировки продукции Вы можете обратиться в службу поддержки Wildberries."
0,1,,"Очень ждала ,а прислали другой товар","приносим свои извинения за доставленные неудобства, видимо ошиблись при сборке, напишите пожалуйста номер Вашей банковской карты, мы Вам вышлем компенсацию"
0,1,,"Очень ждала,но вот так ","Спасибо за отзыв! Сожалеем, что так вышло. Заказ можно проверить при получении и отказаться в случае необходимости. "
0,1,,"Очень не качественная косилка. Всё разваливается, отлетает. Разбирается в процессе работы. Г... Полное. Хватило на один сезон.","Здравствуйте!
Сожалеем о произошедшей ситуации, вся техника HUTER проходит три этапа контроля качества, сертифицирована и соответствует всем мировым стандартам качества. Просим Вас написать подробную информацию, как использовался данный аппарат, чтобы понять причину выхода из строя на электронную почту uv12@resanta.ru

1. Как долго Вы нагружали триммер без отдыха для аппарата.
2. Использовали ли Вы нож или леску.
3. Серийный номер и дата покупки.
4. Ближайший к Вам населенный пункт.

Спасибо за Ваш отзыв и обратную связь, с Уважением, команда HUTER."
0,1,,"Очень очень тонкие, держишь в руках сразу и рассыпаются, крошатся. Качество очень низкое, есть с чем сравнить.больше не закажу","Добрый день, нам очень жаль, что вы не смогли проработать наши водоросли. Во первых, наши водоросли высшие по грейду и широко используется в сетях и ресторанах. Чем тоньше водоросли, тем лучше. Перед работой необходимо открыть пачку и дать водорослям увлажниться, тк в упаковке находится адсорбирующее вещество. "
0,1,,"Очень плохая база! Пока носила на ногтях , ногти стали отходить от тела пальцев. Кожа вокруг ногтей высохла и вся потрескалась. Сняла весь гель покрыла другим материалом , ногти стали приходить в себя, кожу лечу, этот камуфлирующий гель выкинула в мусорку. Больше не куплю от этой фирмы.","Добрый день. Благодарим Вас за обратную связь. Нам жаль, что сложилась такая ситуация. Симптомы, которые Вы описываете, похожи на симптомы аллергической реакции. Хотим заметить, что аллергия возможна при использовании любых косметических средств. Вся наша продукция прошла сертификацию и безопасна при правильном использовании. При первых признаках аллергии важно снять покрытие, прекратить использование гельлаковых систем, обратиться к врачу и начать лечение. На время лечения необходимо полностью отказаться от  использования гель лаков. После прохождения курса лечения обязательно согласуйте с Вашим лечащим врачом возможность использования гель лаков."
0,1,,Очень разочарована Брала разный мёд этой семьи Всё нравилось А этот просто ужас Сбор 2019 года Разделился на 3 части Внизу жидкий.середина так себе а сверху сплошной сахар Брала как поддержку для сердца А получила за эти деньги подделку Очень обидно,"Добрый день! Спасибо, что купили наш мёд и уделили время на отзыв! Весь наш мёд проходит проверку в Ветеринарной лаборатории Иглинского района, и мы с уверенностью можем гарантировать его высокое качество и натуральность.  Мы относимся с уважением к нашим покупателям и производим для них только самый качественный продукт! "
0,1,,"Очень разочарована!! Заказала 3 разных банки. Сегодня - 11.04.2021г. - забрала. Урбеч из семян льна с затертым сроком годности, вторая банка из семян тыквы от 01 июня 2019г. Хотя срок годности указан - 12 месяцев. Третья из лесного ореха единственная от 02.04.2021г.  Товар невозвратный. Как оценивать это отношение к покупателю?? Фото прилагаю.",
0,1,,"Очень разочарована. Аромат очень нравится и заказала ещё раз. Номер тот, а вот пахнут они совсем не так. Пропало настроение😔",
0,1,,"Очень странно, через 3 месяца после получения как будто испортился, хранили в холодильнике,.  Резко помутнел, изменилась консистенция, и запах
","Елена, спасибо Вам, что выбрали нашу пасеку. Для нас каждый отзыв-это мотивация расти и развиваться. Очень жаль, что вы столкнулись с такой ситуацией. Мы советуем переливать мед из пластиковой тары в стеклянную или деревянную. Спасибо, что вы с нами! С уважением, семья Мамдеевых!"
0,1,,"Очень тонкий,ожидания не оправдал","Добрый день! Спасибо, что выбрали наш товар и рассказали о Вашем впечатлении! Мы ценим мнение каждого.
Данный брелок является неплохим вариантом бюджетного брелока и его качество полностью соответствует ценовой политике. Брелоки этой коллекции изготовлены из медицинской стали, которая известна такими свойствами, как твердость, износостойкость и гипоаллергенность. 

С любовью и признательностью, 
Ваша ОптимаБизнес
"
0,1,,"Очень хочу увидеть ответ представителя, как пользоваться кремом? Так и должно быть?
Крем пришёл на половину полным, носик был в креме, горлышко. Заплатила за новый лосьон, а получила б/у. Может как-то продумать упаковку, чтобы работники не воровали продукцию?","Добрый день! Скорее всего, это брак. Рекомендуем оформить возврат."
0,1,,Пакет был вскрыт и семян не оказалось в пакете(,"Здравствуйте, нам очень жаль, что вы столкнулись с такой ситуацией. Пожалуйста, оформите возврат!"
0,1,,Пакет был разорван,"Приветствуем вас! 
Во избежание неприятных ситуаций, связанных с порчей продукта, мы настоятельно рекомендуем вам проверять продукцию в пункте выдачи или при курьере. Со своей стороны мы делаем все, что касается регламента Wildberries для транспортировки товара и даже больше, но, к сожалению, мы не можем контролировать качество самой транспортировки до пунктов выдачи и в таких случаях рекомендуем вам оформлять возврат товара. 
По вопросам качества доставки вы можете обратиться в магазин через раздел ""обращения"" в личном кабинете и оставить жалобу. Надеемся, что качество доставки вас больше не подведёт."
0,1,,"Паста вкусная. Но второй раз приходит разбитая негерметичная банка, примите меры. Возврат",
0,1,,Паста вытекла в пакет. Возврат,"Добрый день, Вы всегда можете отказаться от бракованного товара - мы компенсируем всю сумму. Также у Вас есть возможность оценить работу курьера, ПВЗ и доставку, и написать комментарии. В отзывах на товар такой возможности к сожалению нет. Нам очень жаль."
0,1,,"Паста жидкая, упаковка нарушена, паста вытекла,запечатана в полупрозрачный пакет, в связи с чем на пункте выдачи не возможно было это увидеть ","Добрый день. Нам очень жаль, просим проверять товары при выдаче. Мы полностью компенсируем оплаченные товары."
0,1,,"Паста пришла наполовину открытая, вытекшая. Ужасно!!","Добрый день. В отзывах на товар Вы обращаетесь к поставщику. Но мы не комплектуем товар к отправке. Также мы не можем отследить как это делают работники склада. Убедительно просим Вас обращаться по подобным вопросам через специальную вкладку в личном кабинете ""Возврат товара"", работу сотрудников доставки Вы также можете оценить и написать комментарии. Нам очень жаль"
0,1,,Паста пришла открытая и разлитая! Не советую покупать у этого продавца! В жизни больше не куплю.,"Добрый день. Нам очень жаль, но это не продавец доставляет товар."
0,1,,"Паста пришла расколотая вдребезги!!!! Была защитная плёнка, но она видимо не помогла. Остальные продукты этой фирмы пришли целыми. Просьба выслать замену , очень неприятная ситуация 😭","Елизавета, здравствуйте! Очень жаль, что упаковка была повреждена во время транспортировки. Нам важно, чтобы наши покупатели радовались своим покупкам, напишите, пожалуйста, на нашу почту или позвоните по телефону горячей линии, мы бы хотели прислать вам целую упаковку. "
0,1,,"Пасты в коробке не было, в пункте выдачи я не посмотрела, а дома открыла и пусто. Возмещение предусмотренно или...... 
Очень огорчена таким безразличным отношением .",
0,1,,"Патчи пришли хорошо упакованы, но жидкость вся вытекла.",
0,1,,Пахнет старым мылом,
0,1,,Пекут!!!!не советую!,
0,1,,Первый раз заказывала когда - влюбилась! Заказав второй раз - разочаровалась! Пришёл просто комок внутри 🤨,
0,1,,"Первый раз с таким сталкиваюсь, пришёл товар весь замотан плёнкой, сняла плёнку только через неделю, нет крышки, упаковка вскрыта и мятая, половины нет, даже не знаю, можно ли это теперь употреблять, очень жаль, что такой ""сервис"", теперь даже такую продукцию буду вскрывать в пункте выдачи. Будьте внимательны, все проверяйте.","Добрый день. Сожалеем, что такое произошло. Вайлдберриз должны быть аккуратнее при доставке! Надеемся, они увидят ваш отзыв и примут меры. В будущем, не пишите пожалуйста негативный отзыв о продукте, если он не касается качества продукта, а связан с доставкой. Мы на это никак повлиять не можем, но страдает рейтинг именно наш. Чтобы исправить ситуацию или получить компенсацию следует писать в техподдержку Вайлдберриз.
Надеемся на понимание, с уважением, команда SteelPower."
0,1,,"Перезаказала. Но опять пришёл не тот крем. Esencial Oil Free. Блин переделайте фото, или присылайте соответсвующий товар! 😡",
0,1,,Перестал работать через 3 дня. Разочарована,"Добрый день!
От лица Revyline выражаем сожаление по поводу случившейся ситуации. Пожалуйста, свяжитесь с нами по номеру горячей линии 8 800 775 38 49. Наши технические специалисты обязательно выяснят, в чем дело, и либо заменят неисправную деталь, либо в ближайшее время поменяют сам прибор. Ждем Вас!"
0,1,,Печём хлеб из смеси муки ВС и цельнозерновой в пропорции один к одному. С этой мукой хлеб невозможно нарезать. Он рассыпается на мелкую крошку. Скорее всего мука изготовлена из очень низкосортного зерна. Больше ее покупать не будем,"Приветствуем вас и благодарим за оставленный отзыв. 
Нам очень жаль, что продукт вам не понравился, но уверены, что вам понравятся другие продукты нашего производства. У нас большой выбор нерафинированных масел холодного отжима, цельнозерновой муки, различных круп, каш, семян и приправ.

Будем рады вновь видеть вас в числе наших покупателей и подписчиков!"
0,1,,Пила работает дрова ещё не пили при обкатке выяснил ся такой момент что масло льётся ручьём по крышке и из-под крышки цепи там где тормоз на фото хорошо видно. Но там оно лться не должно! пробовали даже ставить другую шину и цепь с аналогичной пилы результат тот же! Никакая регулировка масляного насоса не помогает! На двух других фото результат после 20-30 секунд работы бензопилы - всё в масле! Похоже на то что насос слишком много качает но не факт. Что делать?,
0,1,,"Пищит, работала 2 дня и сгорела","Добрый день! Спасибо, что приобрели Светящаяся лента, тюнинг для автомобиля, неоновая, светодиодная, диодная, RGB, LED, гибкий неон STYLE HOME нашего бренда. Сожалеем, что товар не оправдал ваших ожиданий. Мы передадим эту информация в отдел по контролю качества, чтобы сделать наш продукт еще лучше. Надеемся, что будущие покупки принесут только положительные эмоции. С наилучшими пожеланиями, команда STYLE HOME. "
0,1,,"Планировала заказать протеиновый шоколадный коктейль этого производителя, но пока его не было на складе, решила попробовать данный десерт. Очень на любителя, нас в семье четверо - никто есть не смог - жирная (масленистая) сладкая масса. Для сладкоежки на диете - очередное разочарование((( Дети, которые обычно сметают все сладкое, выплюнули((( В общем, теперь и котейль заказывать, скорее всего не буду, боюсь, что история повторится(((",
0,1,,"Пластиковая коробка пришла сломанная, половина порошка в пакете..не гигиенично(((",
0,1,,Пластиковая линза в царапинках. Развалился в руках через 2 дня,
0,1,,"Плохая база, пластину подготовила как обычно, прошла неделя и уже 2 ноготь отслаивается сверху, никогда с другими базами такого не было !","Добрый день! Порядок подготовки ногтевой пластины:
1. Обезжириваем ногтевую пластину.
2. Приподнимаем чешуйки ногтевой пластины пилкой 180 или 200 грит или бафом 150 грит.
3. Очищаем ногтевую пластину от опила.
4. Используем праймер.
5. Первый слой наносим тонкий втирающий, второй - выравнивающий.

Если материал не носится, то, вероятно, есть эффект привыкания ногтей к кислотным базам. В таком случае на данную базу переход должен быть постепенным - первое время с подложкой из привычной базы."
0,1,,Плохая клавиатура. Кнопки залипают. Некоторые не работают.,"Сожалеем, что Вам пришлось столкнуться с неудобствами во время использования нашего товара. Допускаем, что Вам пришло бракованное изделие. Товар можно вернуть, предварительно оформив заявку в личном кабинете «Проверка товара – Возврат после оплаты по браку». Не забудьте приложить к заявлению видео, где видна проблема. Обращение рассматривается в срок до 5 дней. После подтверждения заявки денежные средства возвращаются на баланс сразу же после фактической передачи товара."
0,1,,"Плохая упаковка, жидкость вытекла, патчи сухие!",
0,1,,Плохо работает,"Добрый день, благодарим за отзыв относительно использования нашей продукции. В случае обнаружения брака вы можете произвести возврат продукции через личный кабинет. Приносим извинения за доставленные неудобства."
0,1,,"Плохо смывает, плохо эмульгируется, требует доп очищения другими средствами после использования, неприятные ощущения в глазах.",
0,1,,Плохо удаляет воск с кожи .,"
Здравствуйте, Валентина. Этот лосьон предназначен для очищения и подготовки кожи перед процедурой депиляции. Он удаляет остатки косметических средств, очищает и обезжиривает кожу. Смыть остатки воска после депиляции рекомендуем специальными средствами, артикулы: 12820789, 12820790, 12820793, 12820792, 12820794, 12820795, 12820797, 12820801, 12820800. Если под рукой у Вас нет специальных средств, то можете использовать подсолнечное или оливковое масло. 

"
0,1,,"Плохое качество, доставка очень долгая.","Добрый день! Спасибо, что выбрали наш товар и рассказали о Вашем впечатлении! Мы ценим мнение каждого.
Данная монета является неплохим вариантом бюджетного подарка и ее качество полностью соответствует ценовой политике. Монеты этой коллекции изготовлены из медицинской стали, которая известна такими свойствами, как твердость, износостойкость и гипоаллергенность. 
В нашем ассортименте имеется более качественный аналог именных монет из латуни.
Доставку обеспечивают сотрудники WB. К сожалению, мы как поставщики товара, не можем повлиять на сроки и качество услуг доставки.

С любовью и признательностью, 
Ваша ОптимаБизнес
"
0,1,,"По ощущениям - кто-то прогрыз упаковку... Если учесть, что пришло запакованное в коробку - таким упаковали. В мусор 165рэ, заказывать однозначно больше не буду. Торопилась, не проверила в пункте выдачи.","Ирина, приносим свои извинения! Такого быть не должно ((( Видимо условия хранения на складе маркетплейса были нарушены ((( Будем разбираться! Напишите нам пожалуйста на mp@ufood.market мы не хотим, чтобы у Вас остался плохой осадок от нашего вкусного кокосового молока )"
0,1,,По факту 3-кратное увеличение. При получении осматривайте очень внимательно стекло и весь товар.,
0,1,,"По факту пришел другой, прошу исключить из в процент возврата.","Добрый день! Спасибо, что сообщили о проблеме! Доставку обеспечивают сотрудники Wildberries. Мы уже сообщили о проблеме с пересортом данного товара на склад и совместно со специалистами Wildberries работаем над исправлением ситуации. 
Благодарим за понимание!

С любовью и благодарностью, 
Ваша ОптимаБизнес
"
0,1,,"Подарила данный подарочный набор коллеге, так как это ее любимый цветок, она при мне вскрыла, семян в наборе нет. Wildberries ну неужели вы не платите сортировщикам зарплату, раз так в наглую у вас воруют! Поставили в неудобное положение, ведь покупала не для себя, где проверка качества? Постоянно у вас читаю отзывы, что воруют у вас все, что можно...стыд и позор!!!!!!!!!!! Каждый раз делая покупку гадаю какого качества это все придет!","Здравствуйте! Нам очень жаль, что вам доставили некачественный товар. Рекомендуем вам создать заявку через личный кабинет, чтобы оперативно урегулировать данную ситуацию."
0,1,,"Поддерживаю комментарии ниже о странной консистенции молока. Покупала его на постоянной основе. Всегда качество было на высоте. Вкусное, густое, жирное. В этот раз просто ужасное. Похоже на воду, смешанную с кокосовым маслом.","Добрый день. Молоко в холодное время года при транспортировке расслаивается на кокосовые сливки и воду, так как это полностью натуральный продукт и в нем нет эмульгатора, в отличие от других производителей. Это указано в описании. Для того, чтобы стабилизировать это молоко и сделать его однородным и жидким, необходимо подержать его под струей горячей воды или в кастрюле с горячей водой и интенсивно взболтать."
0,1,,Позор за доставку такого товара !!!!!прошу вернуть деньги ,Добрый день. Спасибо большое за обратную связь. В таком виде мы конечно же товар не отправляем. Скорее всего разбился во время транспортировки. Обратитесь в клиентскую службу WB и оформите возврат. Приносим извинения за неудобства.
0,1,,Показывает неверно температуру,
0,1,,"Покрывала этим топом клиентам белые и светлые оттенки гель лака и френч, вернулись все с желтыми ногтями! Я в шоке! Такого никогда не было. Никогда не видела, чтобы топ так желтел, даже самый-самый дешевый!!! Это просто издевательство какое-то, как будто производитель так жестко пошутил, подпортив не только себе репутацию, но и мне, как мастеру. Это не первый продукт этого бренда, но всегда качество радовало, а теперь доверие подорвано.","Добрый день! Жаль слышать о таком результате. Попробуйте перед покрытием снять липкий слой с цветного покрытия, вероятно, есть несовместимость."
0,1,,"Покрыла этим топом белый гель лак, результат пожелает со временем, даже самый дешевый топ никогда не даёт такую желтизн.Жаль потраченных денег",
0,1,,"Покупала за 293р.валюта подорожала на 30% а товар стал стоить почти 900р. 
Хорошей вам торговли!","Добрый день! Уважаемый покупатель, цена в данный момент динамична и связана со следующими факторами:
1. Увеличение стоимости сырья, тары, упаковки, транспортировочных затрат и рост курса валют.
2. Часть импортного товара оплачивается производителю по факту продажи, соответственно по новому курсу доллара. 
Мы прикладываем максимальные усилия для сдерживания еще большего роста цен и надеемся на Ваше понимание. 
Просим Вас не писать отрицательные отзывы по поводу цены, т.к. они не касаются качества продукта, а только напрямую отражают затраты, на которые мы в данном случае повлиять не можем. 
В текущих условиях мы постараемся сделать все возможное, чтобы продолжать предоставлять нашему потребителю необходимые товары.
Будем признательны за Ваше понимание."
0,1,,"Покупала за 299р
Сейчас стоит почти 800р 
На вайлдберис больше покупать не буду т.к продавцы тут пользуясь шумихой задрали ценники, а доллар вернулся в своё прежнее состояние. в магазине сейчас покупать выгоднее","Добрый день! Уважаемый покупатель, цена в данный момент динамична и связана со следующими факторами:
1. Увеличение стоимости сырья, тары, упаковки, транспортировочных затрат и рост курса валют.
2. Часть импортного товара оплачивается производителю по факту продажи, соответственно по новому курсу доллара. 
Мы прикладываем максимальные усилия для сдерживания еще большего роста цен и надеемся на Ваше понимание. 
Просим Вас не писать отрицательные отзывы по поводу цены, т.к. они не касаются качества продукта, а только напрямую отражают затраты, на которые мы в данном случае повлиять не можем. 
В текущих условиях мы постараемся сделать все возможное, чтобы продолжать предоставлять нашему потребителю необходимые товары.
Будем признательны за Ваше понимание."
0,1,,"Покупала несколько растений. Ничего не выросло. Не тратьте деньги. Поддержка от магазина никакая. Будут винить вас в криворукости. Не подойдет в качестве подарка, т.к.может подарить лишь разочарование ","Добрый день! Нам очень жаль, что растение не взошло. Мы никого и ни в чем не виним, ведь каждое растение - живой организм. А на всхожесть семян влияют многие условия. Многолетний опыт выращивания наших растений показал, что всхожесть у семян отличная. Надеемся, что Вы попробуете вырастить еще одно растение, и в этом убедитесь сами."
0,1,,"Полная ерунда - инструкция не понятная, сколько чего добавлять, конечно же ничего не получилось.
Проще купить ребенку лизун за 50 рублей, а не это недоразумение за 478 руб. Выкинули деньги зря.","Добрый день! Спасибо, что нашли время поделиться своим отзывом. Нам очень жаль, что покупка Вас разочаровала. Надеемся, что новые покупки принесут только положительные эмоции."
0,1,,Полная фигня ! Отправили полупустую балку напольную водой ! -100/5 звёзд ! Не заказывайте !,"Добрый день. Ваш отзыв важен для нас, благодаря обратной связи мы находим проблемные места в нашей работе и стараемся стать лучше. Мы обязательно учтем Ваше замечание. С благодарностью, команда CosmoLac!"
0,1,,"Полное г… Эффекта 0. Держала 15 мин, все как в инструкции. Зря выброшенные деньги ","Здравствуйте, Ксения! Результат от применения полосок напрямую зависит от текущего состояния кожи и соблюдения технологии их применения. Если Вы будете четко следовать рекомендациям, то все получится. Для обеспечения наилучшего результата перед использованием полосок следует тщательно смочить кожу носа водой (после предварительного очищения). Если кожа будет недостаточно влажной, полоска может потерять эффективность. Также после нанесения необходимо разгладить полоску по коже для обеспечения наилучшего контакта с кожей. После того как полоска полностью высохнет и станет жёсткой, следует удалить её по направлению от крыльев носа к спинке. С уважением, команда LIMONI"
0,1,,"Полное разочарование... Судя по цвету и вкусу, урбеч из жаренного кешью. Даже не ожидала такой подставы","Добрый день!
Мы не обжариваем орехи, только моем и высушиваем при 40-60 градусах."
0,1,,"Полный коментарий не пропускают. Короче сломан, лъется вода в стыке шланга и фильтра. А соединение никакое, стеклянное.","Добрый день! Мы огорчены, что товар не оправдал ожиданий и не порадовал Вас в работе. К сожалению, бывают ошибки в транспортировке грузов между складами WB. Наши сервисные центры всегда готовы ответить на Ваши вопросы и провести ремонт\ заменить поломку. Список с адресами расположен на последней странице паспорта устройства. Надеемся у нас появится возможность поменять Ваше мнение о нас в лучшую сторону. Спасибо за обратную связь.
С Уважением, официальный магазин производителя брендов ""Ресанта"", ""Вихрь"", ""Huter"", ""Eurolux""."
0,1,,"Положили кокосовые сливки, вместо молока",
0,1,,"Положили не тот парфюм, совсем другой фирмы, который пахнет ужасно",
0,1,,"Получила ожог! Сначала неделю не сходило покраснение под глазом, а потом появились белые высыпания ещё на пару недель. И это после первого же применения патчей. Так что если чувствуете, что жжёт - не думайте, что это нормально, и не терпите. ",
0,1,,"Получила с помятой, разорванной коробкой. Остаётся надеяться, что весь комплект полный, так как перезаказывать нет времени... Судя по состоянию упаковки, товар уже не первую неделю в таком состоянии...","Добрый день! Нам искренне жаль, что наш товар к Вам приехал в таком виде. Так как мы представители бренда на Wildberries, обращения насчет качества доставки рекомендуем Вам направлять в интернет-магазин через личный кабинет. Очень надеемся, что все Ваши следующие покупки будут удачными."
0,1,,"Получила сегодня свой заказ. Возмущена!!! ;Бад пришёл вообще без всякой упаковки, коробка открыта
Дата изготовления больше года назад! !!! В ""АСНЕ"" аптеке цена такая же, буду заказывать теперь там",
0,1,,"Получила товар разбитым. В пункте выдачи сказали, что им возвращать не нужно, а составить заявку в личном кабинете. А товар можно выкинуть, что я и сделала. Составила заявку и по результатам спустя неделю я должна вернуть эту банку, а точнее содержимое, так как банка вдребезги. Ещё и отзыв не хотят публиковать.","Дарья, добрый день! Жаль, что вы получили продукт в таком виде(. Мы очень хотим, чтобы заказы продукции ""Иван-поле"" радовали покупателей, поэтому хотим выслать вам целую баночку этого десерта бесплатно! Пожалуйста,  напишите на нашу почту или позвоните по телефону горячей линии."
0,1,,Порвная каропка. Ужасна срашно ждать времени нет другой каропку ждать,"Добрый день! Нам очень жаль что работники склада и службы доставки не уважительно относятся к целостности упаковки. Поверьте, мы поставляем нашу продукцию на ВБ в идеальном состоянии. К Сожалению Ваша низкая оценка товара, из за мятой коробки, может ввести в заблуждение потенциальных покупателей нашей качественной продукции. Спасибо."
0,1,,Порошок слабый очень.не помогает,"Здравствуйте, сожалеем, что товар вам не подошел и вы остались не довольны."
0,1,,После -30 сломался. На шкале с ртутью появились пробелы.,
0,1,,После месяца использования результата нет. ,"Здравствуйте, Анна! Благодарим Вас за обратную связь о вашем опыте использования регенерирующей маске Skin Helpers. Нам очень жаль что Вы не получили ожидаемого результата после использования маски. Возможно  Вам поможет комплексное использование средств."
0,1,,"После приема внутрь  чувства насыщения нет, но зато появляется превосходная изжога. Сам порошок имеет вкус качественной кукурузной муки. Если развести водой и прокипятить, то получается отличный кисель, без признаков катышков свернувшегося белка. Упаковка целая и красивая.","Здравствуйте! Очень жаль, что данный продукт вам не подошел. Спасибо, что выбрали продукцию Prime Kraft и нашли время написать отзыв о ней. Мы это очень ценим!"
0,1,,"После этого крема уже не один месяц лечу аллергический конъюнктивит.... никогда не было аллергии ни на что, после крема теперь аллергия на всю косметику.... ","Здравствуйте! Возможно, текущее состояние кожи вызвано непереносимостью одного из компонентов состава. К сожалению, любое из средств, любого бренда может вызвать аллергическую реакцию, связанную с индивидуальной непереносимостью. Именно поэтому перед применением новых средств рекомендуется проводить тест на тыльной стороне запястья. Уверяем, что вся наша продукция проходит проверку качества и имеет сертификаты соответствия. Косметика – это товар индивидуальный, поэтому мы сожалеем, что именно Вашей коже продукт не подошел. К счастью, у нас представлено несколько линеек средств, среди которых Вы определенно сможете подобрать продукт, который полностью будет отвечать потребностям Вашей кожи. С уважением, команда LIMONI"
0,1,,Послевкусие паств как будто мыла объелся(Очень огорчилась,"Ольга, добрый день! Жаль, что этот десерт не оправдал ожиданий, ведь более 5 тысяч покупателей поставили ему высокую оценку и отметили насыщенный шоколадный вкус) Но на вкус и цвет...))) Спешим обрадовать вас - среди ассортимента ""Иван-поле"" есть две шикарные шоколадные пасты - шоколадно-ореховая паста без сахара TobeNut и веганская ""Наэма"" и мы хотим отправить вам одну из них бесплатно! Пожалуйста, позвоните по телефону горячей линии или напишите на нашу почту! Надеемся, что выбранная паста вас порадует!)"
0,1,,"Поставила одну звезду не за качество муки. К сожалению, муку вернула сразу на пункте выдачи. Я ее распаковала прямо там, т.к. не поняла, почему кулёк такой маленький. Пачка вся потрепанная, мука почти высыпалась! А самое безобразное - не было половины пачки! К тому же, ещё и клеем заклеили, который отходил. Такого я ещё не видела🤯","Приветствуем вас! 
Во избежание неприятных ситуаций, связанных с порчей продукта, мы настоятельно рекомендуем вам проверять продукцию в пункте выдачи или при курьере. 
Со своей стороны мы делаем все, что касается регламента Wildberries для транспортировки товара и даже больше, но, к сожалению, мы не можем контролировать качество самой транспортировки до пунктов выдачи и в таких случаях рекомендуем вам оформлять возврат товара. 

По вопросам качества доставки вы можете обратиться в магазин через раздел ""обращения"" в личном кабинете и оставить жалобу. Надеемся, что качество доставки вас больше не подведёт."
0,1,,"Постоянно заказывала этот урбеч. В этот раз прислали в пупырке и пакете, распаковала, а там открытая банка и урбеч вытек. Либо его кто-то поесть успел. Это ужасно... выкинули...",
0,1,,"Правильно здесь писали в отзывах, база не очень хорошая. Делала все по технологии, ничего не держится.","Здравствуйте! Обращаем внимание, что эта база подходит для крепких здоровых ногтей, на проблемных ногтях можно попробовать базу 903 или систему Structure, базы 916+917. Также, возможно, была использована неверная технология нанесения. Перед нанесением необходимо выполнить подготовку ногтевой платсины: шлифовка бафом 150 грит или пилкой 180-200 грит в одну сторону снизу-вверх, затем обезжириватель и праймер. Затем тонким втирающем слоем наносится база. Этот слой полимеризуется, на втором слое мы делаем выравнивание. Надеемся, это исправит проблему."
0,1,,"Прежде чем покупать на wildberries хочу предупредить, что если  у вас что-то сломается то вернуть будет практически невозможно. Уже и акт сервисного центра прикладываю - не помогает. Говорят связываться с производителем. Хотя сервисный центр рекомендовал как раз производитель. ","Это заказной фиктивный отзыв, направленный и против Wildberries, и против Defender. Одинаковый отзыв оставили под десятками наших товаров в один день. Просим не учитывать этот отзыв в рейтинге товара. Для добросовестных пользователей: если Wildberies не может решить Вашу проблему, пишите нам в службу поддержки на сайте Defender (help@defender.ru), мы обязательно Вам поможем."
0,1,,"Прежде чем покупать на wildberries хочу предупредить, что если у вас что-то сломается то вернуть будет практически невозможно. Уже и акт сервисного центра прикладываю - не помогает. Говорят связываться с производителем. Хотя сервисный центр рекомендовал как раз производитель. ","Это заказной фиктивный отзыв, направленный и против Wildberries, и против Defender. Одинаковый отзыв оставили под десятками наших товаров в один день. Просим не учитывать этот отзыв в рейтинге товара. Для добросовестных пользователей: если Wildberies не может решить Вашу проблему, пишите нам в службу поддержки на сайте Defender (help@defender.ru), мы обязательно Вам поможем."
0,1,,"При вскрытии отсутствовал хлопок крышки. Вкус прогорклый, паста испорченная. ",
0,1,,При соблюдении всех правал выращивания ничего не взошло.,"Добрый день! Нам очень жаль, что семена не взошли. К сожалению, иногда даже при соблюдении, казалось бы, всех условий такое случается, ведь это живое растение. Если с момента посадки прошло несколько недель, рекомендуем все же не прекращать уход за растением, так как семена еще могут взойти."
0,1,,Привезли испорченный товар😡. Как вернуть деньги за брак?,"Добрый день! Напишите в службу поддержки маркетплейса с описанием проблемы. Возможно потребуется фото или видео. Очень жаль, что вы не описали проблему с молоком. Для нас важна обратная связь по нашим продуктам."
0,1,,Привезли протекший флакон. Почему не вернули деньги???,"Добрый день. Сожалеем, что такое произошло. Вайлдберриз должны быть аккуратнее при доставке! Надеемся, они увидят ваш отзыв и примут меры. На всякий случай, напишите в поддержку сайта «Обращение».
С уважением, команда SteelPower."
0,1,,"Привезли товар в ужасном состоянии! вся коробка был мятая, еще и вся склизкая. Коробка картонная прилипла к самой емкости. Пришлось отдирать.Но подумала, ладно, ничего главное чтоб содержимое было в порядке, но не тут то было. Оказывается вся жидкость которая была внутри вытекла, сами патчти еле влажные. По итогу деньги на ветер.",
0,1,,Приехал не тот товар,"Добрый день! Благодарим за информацию. Приносим свои извинения за произошедшее. Проверяйте, пожалуйста, товар в пункте выдачи, либо у курьера. В случае отказа от покупки денежные средства будут отправлены Вам на карту, с которой данный товар был оплачен. К сожалению, при обращениях в отзывах, мы не видим информации о деталях доставки заказов нашим покупателям. Тем не менее, мы и служба логистики Wildberries стремимся к кому, чтобы заказы были доставлены в целостности и в кратчайшие сроки. Просим Вас сообщить о ситуации в разделе Обращения в Личном кабинете, чтобы исправить и избежать повторения. Для нас очень важен и ценен каждый наш клиент и мы надеемся, что Вы останетесь вместе с нашим брендом."
0,1,,"Приехали в мокрой коробочке, весь гель вытек. Не смогла даже открыть коробку.  Очень жаль . Возврат(( скидку не снимайте пожалуйста. ",
0,1,,"Прислали botanix,  которая дешевле","Здравствуйте, Светлана! Благодарим за обратную связь о Вашей покупке регенерирующей маски Skin Helpers. Нам очень жаль,что Вам была доставлена не та маска. Просим обратиться в службу поддержки покупателей Вайлдберриз. Надеемся сложившаяся ситуация не повлияет на выбор нашей продукции в дальнейшем. Желаем Вам приятных покупок и отличного настроения."
0,1,,"Прислали вместо 4 банок черники 1 банку вишни. 
Само варенье восхитительно, но последние пару недель поставки очень затягиваются","Добрый день! Благодарим вас за обратную связь и интерес к нашей продукции. Искренне сожалеем из-за возникшего недоразумения. Хотели бы подробней разобраться с причинами ошибки. Пожалуйста, напишите на нашу эл.почту (адрес вы можете найти на официальном сайте нашего интернет-магазина в разделе ""Контакты""). Прикрепите к письму фото баночки с номером партии. Надеемся, что нам удастся сгладить неприятное впечатление, а дальнейшие заказы нашей продукции будут только радовать вас. "
0,1,,Прислали вообще не то,"Добрый день! Спасибо, что сообщили о проблеме. Доставку обеспечивают сотрудники Wildberries. К сожалению, по данному вопросу поставщик не может Вам помочь. Рекомендуем создать заявку в соответствующем разделе личного кабинета. Благодарим за понимание!

С любовью и признательностью, 
Ваша ОптимаБизнес
"
0,1,,Прислали вообще не то. Какие-то новогодние. Зачем. Возврат.,"Нам очень жаль, что Вам прислали не те тату :(
Сбор и доставку заказа осуществляет Wildberries, к сожалению, мы не можем на неё повлиять :(
Пожалуйста, напишите в службу поддержки Wildberries напрямую, чтобы обменять пришедшие тату на те, которые Вы заказывали"
0,1,,"Прислали для бандажной техники, вместо мягкой. Подделка","Здравствуйте, Елена! Мы сожалеем, что Вы получили Сахарную пасту для шугаринга GLORIA SUGARING CLASSIC не той плотности. Для решения данного вопроса необходимо обратиться в службу поддержки клиентов Wildberries. Уверены, Вам обязательно помогут. Мы, компания производитель, реализуем свою продукцию на площадке Wildberries. Вы можете связаться с нами по электронной почте im_mp@gloria-sweet.ru и мы предоставим Вам все сертификаты соответствия качества продукции."
0,1,,Прислали другую книгу ,"Здравствуйте! Сожалеем, что пришла не та книга, которую Вы заказывали. Советуем обратиться в  колл-центр Вайлдберриз, Вам там обязательно помогут."
0,1,,Прислали заказ только по баркоду верный с заказом . Вместо монеты пришли кисточки. Курьер предупредил и оформил возврат.,"Добрый день! Спасибо, что сообщили о проблеме. Доставку обеспечивают сотрудники Wildberries. К сожалению, по данному вопросу поставщик не может Вам помочь. Рекомендуем создать заявку в соответствующем разделе личного кабинета. Благодарим за понимание!
С любовью и признательностью, 
Ваша ОптимаБизнес 
"
0,1,,"Прислали зелёную гречку, смех","Нам очень жаль, что вам прислали не то, что вы заказывали. Просим вас перезаказать товар. С уважением, ""Житница здоровья"". "
0,1,,Прислали какой-то чай который я не заказывала,"Здравствуйте! Приносим извинения за предоставленные неудобства. К сожалению, в разделе отзывы личные заказы не отображаются, и мы не можем уточнить детали Вашего заказа и доставки. Благодарим, что сообщили нам об этом. Перед каждой отправкой товара на склад, мы контролируем сроки годности и тщательно проверяем комплектацию и целостность упаковки товара. Мы понимаем, что Вы были огорчены, получив продукт не верной комплектации и рекомендуем Вам проверять  товар в пункте выдачи заказов. Просим Вас сообщить о ситуации в разделе Обращения в Личном кабинете. Мы и служба логистики Wildberries стремимся к тому, чтобы заказы были доставлены в целостности и в кратчайшие сроки. Благодарим за понимание! "
0,1,,"Прислали кокосовую воду, вместо молока",
0,1,,"Прислали кофе, который отличается от выставленного на картинке, мне не понравился такой ход, за обман одна звезда","Добрый день!
Compagnia Dell""Arabica производит постепенное изменение дизайна упаковки. 
Это значит, что сейчас покупателям может попадаться упаковка как в новом, так и в старом дизайне. 
Изменение дизайна нисколько не отражается на качестве товара."
0,1,,Прислали наклейки на ногти вместо тату-веснушек,"Нам очень жаль, что Вам прислали не те тату :(
Сбор и доставку заказа осуществляет Wildberries, к сожалению, мы не можем на неё повлиять :(
Пожалуйста, напишите в службу поддержки Wildberries напрямую, чтобы обменять пришедшие тату на те, которые Вы заказывали"
0,1,,"Прислали не то что заказывала, оставили, чтоб не возиться с возвратом.  Можно как-то внимательнее относиться к заказам?!",
0,1,,Прислали не тот вкус. Заказывала черную смородину. К тому же прислали с сахаром в составе((( Очень расстроена. Деньги на ветер,"Добрый день! Жаль, что вы получили не тот продукт(. Пожалуйста, напишите на нашу почту (вы можете найти ее на сайте нашего интернет-магазина) или позвоните по телефону горячей линии (указан на каждой упаковке) и мы бесплатно отправим вам конфитюр, который вы заказывали изначально. Надеемся, что продукт заслужит вашу высокую оценку! Спасибо, что выбираете продукцию ""Иван-поле""!"
0,1,,Прислали не тот крем. Не соответсвует картинке и описанию ,
0,1,,"Прислали не тот товар, сразу вернуть не удалось, не появился в покупках. Что в вернуть- нужно создавать заявку и возвращаться в офис. Если нет товара - возвращайте деньги, зачем класть, что под руку попалось? Снежинки прислали новогодние...","Добрый день!
Нам очень жаль, что пришли другие тату =(
За доставку отвечает Wildberries, мы не можем никак повлиять на ее качество =(
Напишите, пожалуйста, в поддержку Wildberries, чтобы заменить товар, а если возникнут сложности, мы готовы в индивидуальном порядке отправить Вам заказанные Вами тату.
Для этого напишите нам, пожалуйста, в Директ инстаграма @Miami_tattoos или на e-mail contact@miamitats.com. Нам будут нужны фото товара и Ваши контактные данные."
0,1,,Прислали нето,"Добрый день! Спасибо, что сообщили о проблеме. Доставку обеспечивают сотрудники Wildberries. К сожалению, по данному вопросу поставщик не может Вам помочь. Рекомендуем создать заявку в соответствующем разделе личного кабинета. Благодарим за понимание!

С любовью и признательностью, 
Ваша ОптимаБизнес
"
0,1,,"Причина испорченного молока найдена! Воздух идёт с под крышки, все остальные 3 упаковки молока которые я заказала - заклеены клеем, после того как оно успело испортится! Жду заонка от компании! И возврата денег! Не ожидала такого от этой фирмы! До этого заказывала уже 4 коробки! ",
0,1,,Пришел без провода,
0,1,,Пришел в таком виде естественно пластик больше заказывать не буду! 😪,"Добрый день, нам очень жаль, однако по вопросам доставки необходимо обращаться в Вайлдберриз, в отзывах отвечает производитель. Мы не доставляем товар до покупателя, мы отгружает товар на склад Вайлдберриз. В полностью целой упаковке, мы оплачиваем доставку и компенсируем поврежденный товар. Просим соблюдать регламент и обращаться за возвратом через Вайлдберриз"
0,1,,"Пришел заказ, банка вдребезги разбита, пришлось выкинуть","Здравствуйте, Юлия. Нам очень жаль, что вы не смогли оценить продукт из-за повреждения упаковки. Готовы выслать вам товар повторно и бесплатно)  Для его получения позвоните, пожалуйста, по номеру горячей линии, указанному на упаковке. Очень надеемся, что нам удастся сгладить неприятное впечатление от случившегося."
0,1,,Пришел не полный комплект. Не хватает шланга подачи воды . просьба выслать,"Здравствуйте!
Шланг для подачи воды в комплекте не поставляется."
0,1,,"Пришел обычный с сахаром,  заказывала без сахара, очень не приятно, товар не когда было проверять","Екатерина, добрый день! Благодарим вас за обратную связь и интерес к нашей продукции. Нам жаль, что вам был доставлен ошибочный продукт. В качестве компенсации за досадную ошибку склада WB, мы хотели бы выслать вам верную баночку конфитюра. Пожалуйста, напишите на нашу почту (адрес эл.почты вы можете найти на официальном сайте нашего интернет-магазина в разделе ""Контакты""). Надеемся, что нам удастся сгладить возникшее недоразумение, а дальнейшие заказы нашей продукции будут вас только радовать. "
0,1,,"Пришел просроченный товар, как и всем в комментариях...",Благоарим Вас за обратную связь. Мы работаем над улучшением сервиса WB
0,1,,Пришел размер 150 на 200. Упаковано в потрепаную коробку.Разочарование полное. Отказ,
0,1,,"Пришел совершенно другой аромат, и к тому же мужской",
0,1,,"Пришла 906 база, а внутри 907, цвет темно темно розовый, я работаю этим материалом уже давно, но такой подставны ещё ни разу не было....особенно, когда это стал наносить клиенту(",
0,1,,"Пришла бракованная лупа, доставая из упаковки лупу, вылетело стекло и разбилось, оправа была сломана и не держало стекло.",
0,1,,"Пришла бракованная, делаю возврат заказал новую","Сожалеем, что Вам пришлось столкнуться с неудобствами во время использования нашего товара. Допускаем, что Вам пришло бракованное изделие. Товар можно вернуть, предварительно оформив заявку в личном кабинете «Проверка товара – Возврат после оплаты по браку». Не забудьте приложить к заявлению видео, где видна проблема. Обращение рассматривается в срок до 5 дней. После подтверждения заявки денежные средства возвращаются на баланс сразу же после фактической передачи товара."
0,1,,"Пришла в ужасно измятой упаковке, вытекла",
0,1,,"Пришла вскрытая банка, открыла - воняет тухлятиной. Позор вашему магазину за такое отношение к клиенту!",Добрый день. Признательны за выбор нашей продукции и подобный сигнал. Мы пытаемся решить данную проблему с сервисом WB
0,1,,"Пришла вскрытая упаковка, отказ","Добрый день, уважаемый пользователь. Компания Revyline искренне сожалеет о том, что Вам пришлось столкнуться с такой неприятной ситуацией. Несмотря на то, что товары упакованы качественно и процент повреждений при транспортировке очень мал, все же такие ситуации изредка встречаются."
0,1,,Пришла вскрытая упаковка. Хорошо что мешки все,
0,1,,Пришла картонка вместо монетки,"Добрый день! Спасибо, что сообщили о проблеме. Доставку обеспечивают сотрудники Wildberries. К сожалению, по данному вопросу поставщик не может Вам помочь. Рекомендуем создать заявку в соответствующем разделе личного кабинета. Благодарим за понимание!

С любовью и признательностью, 
Ваша ОптимаБизнес
"
0,1,,"Пришла книга ,это вообще как ?","Добрый день! Неприятная ситуация. Проблема возникла на этапе сборки заказа,  эта работа выполняется сотрудниками Wildberries. Жаль, что покупка Вас огорчила. Обидно, что поставили 1 звезду изделию, даже не увидев его.  "
0,1,,"Пришла колотая рваная упаковка, с переклееными номерами, на флаконе третий номер. Что пришло, не понятно, запах однозначно не соответствует  Tobac Vanille. Ужасное отношение к покупателям.",
0,1,,"Пришла коробка вся понятая,открытая. Коробка тут главный атрибут.Такие вещи нужно хотя б скотчем закреплять . Даже ничем не обвернули. Даже не удиалюсь,если внутри не все на месте,рассыпалось по дороге","Здравствуйте! Нам очень жаль, что вам доставили некачественный товар. Рекомендуем вам создать заявку через личный кабинет, чтобы оперативно урегулировать данную ситуацию."
0,1,,"Пришла одна помятая банка, отказ","Добрый день! Мятые банки результат неаккуратной погрузки, транспортировки или перемещения на складах. Вы, надеюсь, оформили возврат? Напишите Ваш адрес (м а й л), попробуем разобраться в проблеме.   Рады, что корм нравится Вашей собаке и надеемся на дальнейшее сотрудничество."
0,1,,Пришла просроченная на полтора года. Отказ.,"Добрый день.
Благодарим Вас за выбор нашей продукции.
Нам искренне жаль что Вам направили продукт с истекшим сроком годности.
Мы как поставщик отгружаемый на склад WB свежей продукцией с остаточным сроком годности 70%. Работа сервисной службы WB оставляет желать лучшего. Приносим свои извинения за нашего партнера."
0,1,,Пришла протекшая... вскрывала при сотруднике,
0,1,,Пришла пустая картонка! Даже в пакетик не упаковали(,"Добрый день. Нам очень жаль, что Вы столкнулись с этой неприятностью. На данный момент - это единственный случай подобного характера, уверяем Вас, что весь товар поставляется нами на склад Вайлдберриз в полном комплекте, тюбики всегда на месте. К сожалению, недобросовестный покупатель мог повредить и вытащить тюбик, а потом отказаться от покупки на пункте выдачи. Но, как сами понимаете, ни нашей вины, ни возможности повлиять на такие случаи тут нет. Если на ПВЗ Вы замечаете, что упаковка не цельная, и отсутствует содержимое откажитесь от покупки и закажите снова. "
0,1,,Пришла пустая пачка. Только перчатки. В пункте выдачи не проверила. Очень расстроилась. Будьте внимательны!,"Добрый день! К сожалению, производитель не может контролировать продукцию на этапе доставки. И мы очень сожалеем, что Вы получили заказ в таком виде. Просим Вас сообщить об этом представителям Wildberries, чтобы избежать повторения данной ситуации. Для нас очень важен и ценен каждый наш клиент и мы очень надеемся, что Вы останетесь вместе с нашим брендом."
0,1,,"Пришла разбитая банка, отказ",
0,1,,"Пришла разбитая с явными следами вскрытия коробки,отказ.","Нам очень жаль, что так вышло. Приносим свои извинения за службу доставки Wildberries.
Мы хотим становиться лучше для Вас и поэтому просим Вас помочь исправить данную ситуацию. Для этого, пожалуйста, измените отзыв о товаре на отзыв о доставке. Это просто: надо зайти в личный кабинет, в раздел «Покупки», нажать кнопку  рядом с товаром «Оценить доставку», затем поставить оценку и выбрать «Другое». Там Вы можете описать проблему. Нажать «Отправить».
Спасибо Вам за помощь и за Ваш выбор."
0,1,,Пришла разбитая,"Кристина, добрый день! Очень жаль, что банка разбилась во время транспортировки, но вы не останетесь без своего десерта! Мы отправим вам этот продукт бесплатно, пожалуйста, напишите на нашу почту или позвоните по телефону горячей линии. Спасибо, что выбираете продукцию ""Иван-поле""!
"
0,1,,Пришла с опазданием и не работает,"Роман, добрый день! Спасибо, что сообщили нам о данной проблеме. Данная единица будет снята с продажи. Сожалеем, что Вы столкнулись с данной ситуацией."
0,1,,Пришла треснутая!! Ужас! Говно!,"Нам очень жаль, что так вышло. Компания Defender приносит свои извинения за работу склада и службы доставки Wildberries. Мы хотим исправить данную ситуацию, и поэтому просим Вас помочь. Для этого, пожалуйста, измените отзыв о товаре на отзыв о доставке. Это просто: надо зайти в личный кабинет, в раздел «Покупки», нажать кнопку  рядом с товаром «Оценить доставку», затем поставить оценку и выбрать «Другое». Там Вы можете описать проблему. Нажать «Отправить». Спасибо Вам за помощь и за Ваш выбор."
0,1,,"Пришли бракованные. Кнопка заедает, таблетки не выпадают.","Добрый день. Спасибо за ваш отзыв. Нам очень жаль за сложившуюся ситуацию. Как видите, по количеству положительных отзывов, это исключительный случай. Мы очень ценим, что вы сообщили нам об этом. Пожалуйста, свяжитесь с производителем по контактам, указанным на упаковке, для того чтобы уточнить детали, дать Вам полную обратную связь и решить проблему. Примите наши извинения, надеемся дальнейший опыт сотрудничества с нами не разочарует Вас."
0,1,,Пришли в разорванной коробке ,
0,1,,Пришли другие RL010,"Добрый день, уважаемый пользователь. Компания Revyline искренне сожалеет о том, что Вам пришлось столкнуться с такой неприятной ситуацией. Если упаковка не была нарушена , то Вы можете оформить возврат и заказать насадки повторно."
0,1,,"Пришли наклейки с литл пони,вместо татуировок!!завтра их хотели использовать на Хэллуин. Ещё раз убеждаюсь,что надо перестать заказывать что-либо на этом сайте. Очень много раз приходил или не тот товар,или товар ненадлежащего качества...",
0,1,,"Пришли не те насадки , я невнимательно посмотрела , что ж такое . Я смотрю часто тут так , с этими насадками ","Добрый день! К сожалению с карточками товара произошел технический сбой, на данный момент все информация актуальна. Если Вам пришел товар отличающий от заказанного, необходимо оформить возврат. Все заказанные с сегодняшнего дня насадки, будут поступать корректно. Приносим свои извинения."
0,1,,Пришли не те насадки(,"Добрый день, уважаемый пользователь. Компания Revyline искренне сожалеет о том, что Вам пришлось столкнуться с такой неприятной ситуацией. Если упаковка не была нарушена , то Вы можете оформить возврат и заказать насадки повторно."
0,1,,"Пришли не те, для RL 030","Добрый день! Вам необходимо оформить возврат и перезаказать насадки под правильным артикулом 24829576.
"
0,1,,Пришли просроченные упаковки  ((,"Добрый день! Нам очень жаль, что так случилось. Мы поставляем кофе на склад Wildberries с актуальным сроком годности! К сожалению наша компания не может влиять на проверку отгружаемых заказов. Мы очень надеемся, что служба доставки Wildberries предпринимает все возможные меры, не допускать ошибок. Дорогие клиенты, будьте внимательны при получении заказа. Мы вас любим и хотим, чтобы наша продукция приносила Вам радость! "
0,1,,"Пришло без семян, сразу возврат в пункте выдачи","Добрый день! Сожалеем о случившемся и приносим Вам свои извинения за доставленные неудобства. Спасибо за то, что проверяете товар при получении!"
0,1,,"Пришло быстро, но к моему удивлению без шины. Пила без шины КАРЛ,без шины ","Добрый день! 
Приносим извинения за неудобства. Напишите, пожалуйста, на почту: abanosimova_md@resanta.ru  Ваше ФИО, номер телефона и ближайший адрес пункта ""СДЭЕК"". Мы отправим Вам отдельно шину. 
С уважением, команда бренда ""EUROLUX""."
0,1,,"Пришло все разлитое, покупала в подарок, достала дома из пакета и весь пакет в оранжевой жидкости.","Добрый день! Нам очень жаль, что товар приехал к Вам в ненадлежащем виде. Рекомендуем создать заявку через личный кабинет, чтобы урегулировать ситуацию в кратчайшие сроки. Также рекомендуем проверять товар сразу после получения, в пункте выдачи заказов, чтобы иметь возможность сразу отказаться от получения товара в случае, если с ним что-то не так."
0,1,,Пришло две сказки вместо четырёх. ,
0,1,,Пришло испорченное. Кусок кокосового масла и Вода отдельно ,"Спасибо за отзыв. Молоко расслаивается при температуре ниже 25 градусов на густые сливки и кокосовую воду, так как в нем нет эмульгаторов. Для того, чтобы молоко стало однородным, его необходимо подержать под струей горячей воды несколько минут и интенсивно взболтать. Это написано в описании."
0,1,,Пришло испорченное. Свернулось . Жидкость отделена от мякоти. Тухлый запах,
0,1,,"Пришло маленькое, никак не евро",
0,1,,"Пришло масло разлитое, да и запах от него не самый приятный. Возврат ","Здравствуйте! Спасибо за обратную связь! Нам очень жаль, что товар вам доставлен в ненадлежащем виде, но, к сожалению, мы не можем проконтролировать доставку от склада Вайлдберриз до покупателя. Конечно оформляйте возврат. Восприятие же запахов всегда очень индивидуально и во многом это дело вкуса. Потому нам вдвойне печально, что ставя низкую оценку товару, Вы на самом деле не оцениваете непосредственно его качество. Надеемся, что будущие покупки будут более удачными!"
0,1,,Пришло не то🤷🏼‍♀️,"Здравствуйте! Проблема возникла во время сборки заказа. Жаль, что покупка доставила хлопоты, однако, рекомендуем повторить заказ. Ватман формата А1 очень популярен и заслуживает Вашего внимания. "
0,1,,Пришло поцарапаное,"Здравствуйте, приносим извинения за доставленные неудобства! Просим вас своевременно проверять состояние и соответствие товара при получении и сообщать о подобных ситуациях в службу поддержи торговой площадки.
Всегда будем рады видеть вас в числе наших покупателей. Надеемся, что следующие покупки вас будут только радовать."
0,1,,"Пришло просроченное(
Походу реально одна банка осталась, которую туда сюда отправляют))","Здравствуйте. Признательны за обратную связь. Нам искренне жаль что так произошло.
Сервисная служба WB должны проверять продукцию перед отправкой покупателю. Мы в свою очередь исполняем все договорные условия поставки, также регулярно осуществляем забор просроченной продукции."
0,1,,Пришло с отломанным дозатором. Отказ.,"Елена, здравствуйте.
Нам искренне жаль, что Вы столкнулись с такой ситуацией. Мы продаем товары не со своего склада, а поставляем товары на склад ВБ. При этом поставляем товары полностью в товарном виде, безо всяких замятых упаковок и т.д. Иначе ВБ бы не приняли такой товар у нас. Хотим отметить, что мы не можем влиять на качество транспортировки наших товаров, но на это можете влиять Вы. Большая просьба уведомлять Wildberries о недочетах в их работе через ваш личный кабинет и функцию ""обращения"". Мы уверены, что рано или поздно мы все сможем наслаждаться быстрой и качественной доставкой без деформации товара по пути к своим покупателям. Еще раз спасибо Вам за отзыв, надеемся Вы прислушаетесь к нам и оформите проблему для маркетплейса.
"
0,1,,Пришло совсем не то что оплачивал при заказе,"Добрый день!
Нам жаль, что покупка Вас расстроила.
Могли бы Вы более подробно описать, какая проблема возникла при заказе?
Вам привезли другой кофе?"
0,1,,Пришло стекло разбитое,
0,1,,"Пришёл без фломастера. Хотя заявлено доставляется фломастер в комплекте! Всё запаковано, но этого карандаша нет. ","Здравствуйте Упаковка явно не наша, блокнот перепакован на складе Вайлдберриз по неизвестным нам причинам. Мы обязательно предъявим претензию на склад. Свяжитесь с нами и мы пришлём маркер. Ставить одну звезду просто за отсутствие маркера бесчеловечно с вашей стороны. Тем более нашей вины тут нет. "
0,1,,"Пришёл в битой банке, не проверили на пункт выдачи, 200 рублей на ветер.Упаковывайте лучше! ","Добрый день! Нам важно, чтобы заказы нашей продукции радовали вас и если случилось подобное - мы сделаем все, чтобы исправить такую неприятность! Мы обратим внимание на надежность упаковки, а также бесплатно отправим вам целую баночку этого конфитюра. Вам нужно только написать на нашу почту (вы можете найти ее на сайте нашего интернет-магазина), описать ситуацию, прикрепить фото. Будем ждать! Надеемся, что продукт в итоге заслужит вашу высокую оценку! 
Также рекомендуем проверять товар при получении, так вы сможете на месте отказаться от товара, если он по каким-либо причинам не соответствует вашим ожиданиям. Желаем дальнейших приятных покупок с ""Иван-поле""!"
0,1,,"Пришёл в коробке без дополнительный упаковки. Коробочка открытая,  вся мятая и местами порвана. Брала на подарок, но из за ужасного состояния упаковки отказ. Тем более информация на русском указана только на коробочке, на тюбике нет информации на русском. ","Здравствуйте! Мы очень сожалеем, что во время доставки была нарушена целостность упаковки. Мы рекомендуем покупателям при получении проверять срок годности, комплектность, а также соответствие описанию и наличие дефектов. При обнаружении несоответствий Вы можете отказаться от товара сразу. Уверяем Вас, что отгружаем все товары на склад WB в должном товарном виде, но как производитель, не имеем возможности контролировать условия их хранения на складе и транспортировки до покупателей. Поэтому приносим Вам извинения за коллег и надеемся, что произошедшее не скажется на Вашей лояльности бренду LIMONI, и Вы сможете положительно оценить работу Wildberries при следующих заказах. Хотим отметить, что проставленные в отзывах звезды, дают оценку самому товару и производителю. А для улучшения качества доставки можно писать комментарии и ставить оценки пункту выдачи заказов после получения заказов. С уважением, команда LIMONI"
0,1,,"Пришёл весь высыпанный, в пакете и файле",
0,1,,"Пришёл вместо медовой , с перцем ","Добрый день!
Благодарим за выбор нашей продукции!
Сожалеем, что произошла такая ошибка.
Свяжемся со складом валбериз для ее устранения.
Спасибо за обратную связь!"
0,1,,"Пришёл крем целым, заказывала по акции 2 берёшь 3 в подарок а пришли 2 а третьего не было, что за развод где 3 в подарок?????????????","Добрый день, Александра! При заказе товара по акции рекомендуем внимательно изучать ее условия. Условия данной акции следующие: Акция распространяется на товары из раздела со значком акции.
Для того, чтобы получить 3-й товар бесплатно, поместите в корзину кратное 3-м число товаров из данного раздела (3, 6, 9 и т.д.). Стоимость одного из товаров распространится в виде скидки между всеми позициями в заказе. Не суммируется с другими промокодами. С уважением, команда LIMONI"
0,1,,"Пришёл не тот корм,заказывала для собаки,в коробке для кошек. 2 раза все было хорошо,но как теперь кормить собаку(","Добрый день. Приносим свои извинения. Подскажите пожалуйста дату и адрес, мы проверим сборку заказа."
0,1,,Пришёл не тот крем. ,
0,1,,Пришёл не тот размер 150*200(((,
0,1,,Пришёл не тот товар,"Добрый день! Благодарим за информацию. Приносим свои извинения за произошедшее. Проверяйте, пожалуйста, товар в пункте выдачи, либо у курьера. В случае отказа от покупки денежные средства будут отправлены Вам на карту, с которой данный товар был оплачен. К сожалению, при обращениях в отзывах, мы не видим информации о деталях доставки заказов нашим покупателям. Тем не менее, мы и служба логистики Wildberries стремимся к кому, чтобы заказы были доставлены в целостности и в кратчайшие сроки. Просим Вас сообщить о ситуации в разделе Обращения в Личном кабинете, чтобы исправить и избежать повторения. Для нас очень важен и ценен каждый наш клиент и мы надеемся, что Вы останетесь вместе с нашим брендом."
0,1,,"Пришёл не тот товар, так ждала маску а по итогу прислали гель на ногтей ru  nail(((( прошу возврат не учитывать","Здравствуйте, Александра!Спасибо за обратную связь. Приносим свои извинения. Мы сожалеем, что Вы столкнулись с данной проблемой. Сейчас мы общаемся с партнером и разбираемся с данным инцидентом. Просим Вас связаться с нами по почте info@gloria-sweet.ru и предоставить скриншот заказа из личного кабинета и фото фактического товара, который получили. Мы обязательно исправим сложившуюся ситуацию. "
0,1,,Пришёл не тот товар. Вместе монеты пришел брелок с рыбой,"Добрый день! Спасибо, что сообщили о проблеме! Доставку обеспечивают сотрудники Wildberries. Мы уже сообщили о проблеме с пересортом данного товара на склад и совместно со специалистами Wildberries работаем над исправлением ситуации. 
Благодарим за понимание!

С любовью и благодарностью, 
Ваша ОптимаБизнес
"
0,1,,"Пришёл не упакованный, возврат ","Добрый день, Виктория! Мы сожалеем, что Вам доставили крем в такой упаковке, мы согласны, что это неприемлемо. К сожалению, мы как производитель, не имеем возможности контролировать склад WB при сборе заказов и доставке товара.  Уверяем Вас, что мы отгружаем средства на склад WB в товарном виде. Надеемся, что произошедшее никак не скажется на Вашей лояльности бренду Limoni, и Вы сможете положительно оценить работу WB при следующих заказах. С уважением, команда Limoni"
0,1,,"Пришёл открытый без одной таблетки, очень недоволен",
0,1,,Пришёл просрочен срок годности вышел в октябре месяце,"Добрый день! Нам очень жаль, что вы получили просроченный продукт. Пожалуйста, напишите на нашу почту или позвоните по телефону горячей линии - пришлем свежий джем бесплатно). Надеемся, что продукт заслужит вашу высокую оценку). Спасибо, что выбираете продукцию ""Иван-поле""!"
0,1,,Пришёл просроченный товар. ,"Кирилл, добрый день! Нам искренне жаль из-за случившегося. Мы всегда отгружаем на склад WB свежую продукцию, дальнейший контроль за доставкой не в нашей компетенции. Пожалуйста, напишите на нашу эл.почту (адрес вы можете найти на официальном сайте нашего интернет-магазина в разделе ""Контакты""). В качестве компенсации мы отправим свежую баночку десерта.  Всегда рады вашим заказам и сделаем всё, чтобы вы остались довольны качеством нашей продукции. "
0,1,,"Пришёл разорванный пакет, перезакажу. ","Благодарим Вас за отзыв! Очень жаль, что наш товар оставил больше отрицательных эмоций, чем положительных. Обещаем усилить контроль за качеством.
Приятных дальнейших покупок!"
0,1,,Пришёл с истёкшим сроком действия ,"Добрый день!
Мы очень сожалеем, что произошла такая ситуация.
Пожалуйста, не забирайте такой урбеч, вб должен его списать.
Уже не знаем как до них достучаться и откуда они берут такие старые банки."
0,1,,"Пришёл с плесенью, выкинула","Ирина, добрый день! Спасибо за обратную связь. При должном режиме хранения, появление плесени очень нетипично для данного продукта. Мы хотели бы провести проверку партии этого конфитюра. Пожалуйста, напишите на нашу почту (вы можете найти ее на официальном сайте нашего интернет-магазина в разделе ""Контакты""), пришлите фотографию упаковки, на которой видны номер партии и дата изготовления. В качестве компенсации мы отправим вам вкусный подарок от ""Иван-поле"". Всегда рады вашим заказам и сделаем всё, чтобы вы остались довольны качеством нашей продукции."
0,1,,Пришёл со сломанным дозатором. ,"Добрый день! Благодарим вас за  отзыв, рады что вы выбрали крем для рук увлажняющий ONIQ. Похоже на ошибку при транспортировке. Рекомендуем оформить возврат.
Для идеально завершения маникюра попробуйте масло для кутикулы ONIQ.
Приятных покупок! Надеемся увидеть вас снова."
0,1,,Пришёл чай вместо урбеча,"Добрый день! Здесь оценивается качество продукции, а не доставки, которая производится силами ВБ. Доставку можно оценить в личном кабинете. Ваша сниженная оценка убивает рейтинг позиции. Спасибо за понимание!"
0,1,,"Пробирка разбита,химикаты протекают и не соответствуют,инструкция отсутствует!разочарование полное...","Добрый день! Нам очень жаль, что Вам прислали некачественный товар. Просьба обратиться по контактам, указанным на упаковке товара, чтобы в кратчайшее время разрешить сложившуюся ситуацию."
0,1,,"Пробовала уже вкус хеллоуин, кокос  и этот с ананасами. Два первых вкусные и удачные, этот же ужасен, просто клейстер с осадком на небе, как от шоколаде на пальмовом масле. Просто ужасно. Ещё и вопрос к безопасности, нет ли там пальмового масла. Ананасы сухие, жёсткие, безвкусные. Не рекомендую.","Добрый день, Марианна. Мы производим только натуральные ореховые пасты и уж тем более ни в коем случае не добавляем пальмовое масло. Ананасы в составе сушеные, сырых там быть и не могло - паста бы очень быстро испортилась. Скорее тут вопрос к вкусовым предпочтениям. Для нас, как и для многих наших клиентов этот вкус является топовым."
0,1,,"Проделка, ещё и стоит дороже оригинала . Липкость, отсутсвие эффекта на коже. После оригинала кожа матовая, бархатная, не липкая. Тут все наоборот. Не советую ","Добрый день, 
начнем с того, что это оригинальный продукт!
Есть все необходимые документы качества, которые можно проверить в Федеральной службе по аккредитации. Есть все документы касательно легальности ввоза на территорию РФ. 
Дополнительным способом проверки является проверка по QR-коду на упаковке крема. Сканирование QR-кода направит вас на официальный сайт Elizavecca, где будет подтверждена оригинальность данного крема. 
Мы согласны с тем, что у разных людей в разное время и в разных климатических условиях использование крема может вызывать разные ощущения. Но пожалуйста, не вводите в заблуждение других пользователей относительно оригинальности продукции. 
Мы готовы защитить свою позицию в любой инстанции, включая судебную. 
"
0,1,,"Производитель, где семена ?, вы почему такие невнимательные?? Чернозём в красивый пакетик я и сам могу насыпать.
Очень приятный подарок сделал. Молодцы, раздолбаи.","Добрый день! Обязательно проверьте картонный хеддер, который шел в комплекте. Возможно его утилизировали вместе с упаковкой. Если же там нет пакетика с семенами, то сделайте пожалуйста заявку на возврат товара через личный кабинет. "
0,1,,Пропавшее молоко,
0,1,,Проработал ровно один день.,
0,1,,"Проросли, но дальше дело не пошло. Больше месяца в таком состоянии.","Добрый день! Спасибо за обратную связь. Для василька очень большое значение имеет освещение. Возможно, ему недостаточно света. "
0,1,,Просроченные товары!!! Дата изготовления 2019 год срок хранения 6 месяцев,"Добрый день! Мы очень сожалеем, что произошла такая ситуация. Немного расскажу о ситуации с вб и такой просрочкой: Мы всегда поставляем свежую пасту на склад валбериз т.к. производим его непосредственно за неделю до поставки. Часто валбериз теряет пару коробок при приемке у себя (это уже стало нормой для них), найти потом не могут и игнорируют наши обращения. А потом всплывают вот такие ""сюрпризы"" двух годичной давности. Приносим свои искренние извинения, что покупка нашего продукта принесла вам негативные эмоции. А так же просим не ассоциировать производителя с разгильдяйством сотрудников валбериз ( Пожалуйста, проверяйте сроки годности при получении."
0,1,,"Просроченный товар, 2019 года производства. ","Добрый день!
Мы очень сожалеем, что произошла такая ситуация.
Мы не знаем откуда валбериз взял данный товар.
1) весной 21 года данный товар был продан в ноль.
2) валбериз обязан списывать такой товар.
Видимо 2 года назад потеряли при приемке и решили не искать, а сейчас решили про него вспомнить.
Приносим свои извинения.
"
0,1,,Просрочка!!!!,"Добрый день! Спасибо за обратную связь. Нам очень неприятно, что WB рушит репутацию нашего бренда, высылая покупателям просроченную продукцию. К сожалению, контроль за доставкой WB не в нашей компетенции. Рекомендуем обратиться с жалобой в службу поддержки клиентов маркетплейса. Со своей стороны, в качестве компенсации, мы отправим вам свежий продукт (если вы не делали отказ от товара на ПВЗ) или вышлем промокод на покупку в нашем интернет-магазине. Отметим, что оформляя заказы в нашем интернет-магазине вы можете быть уверены в свежести заказанной продукции. Также, вам будут доступны: расширенный ассортимент, программа лояльности для постоянных покупателей и аккуратная доставка. Желаем вам только приятных покупок:)"
0,1,,"Просто хлам, а не пинцет . Он даже одну ресницу еле цепляет , очень жаль что возврат нельзя было сделать . Деньги на ветер . Это самый худший пинцет, который я пробовала . Не нужно вводить людей в заблуждение и писать ручная заточка, её нет точно 👎. И да,  сам пинцет даже  без колпачка силиконового был . ",
0,1,,Пустая практически наполовину...,Добрый день! Благодарим Вас за обратную связь.  Объем регенерирующей маски из линейки Skin Helpers соответствует заявленному на упаковке. 
0,1,,"Работала один день, начало трясти его, потом начал вонять мотор. Меняли запчасти, напрасная трата денег.","Здравствуйте!
Сожалеем о произошедшей ситуации, вся техника HUTER проходит три этапа контроля качества, сертифицирована и соответствует всем мировым стандартам качества. Просим Вас написать подробную информацию, как использовался данный аппарат, чтобы понять причину выхода из строя на электронную почту uv12@resanta.ru. Возможно не до конца был установлен вал во время сборки.

1. При сборке триммера вал триммера вошел ли в паз.
2. Какие запчасти были заменены.
3. Как долго без отдыха нагружался данный триммер.
4. Серийный номер и дата покупки.
5. Ближайший к Вам населенный пункт.

Спасибо за Ваш отзыв и обратную связь, с Уважением, команда HUTER."
0,1,,Разбитый флакон,
0,1,,"Разочарована, начитавшись отзывов, выкупила, запах на любителя, при визуальном осмотре дозатор целый, при нажатии крем не выходит, брак дозатора, товар не возвратный, пустая трата денег, в помойку","Добрый день! Скорее всего, это брак. Рекомендуем оформить возврат. Сожалеем о Вашем опыте. "
0,1,,"Ранее брала это молоко напрямую у импортёра. Понадобилось срочно, доставку из СПб ждать не было времени. Пришло с оторванной крышкой и прокисшее. Больше это молоко через Вайлдберриз брать никогда не буду.",
0,1,,"Ранее уже писала не очень хороший отзыв, хотелось бы добавить ещё! Помимо того, что сползают и нет эффекта, получился ожог под глазом на третий раз применения! Теперь так и лежат...",
0,1,,"Раньше брала шоколад этой фирмы, проблем не было. В этот раз когда распаковала и попробовала, вкус был не очень. Посмотрела срок годности, оказалось, что просрочен уже 4 месяца!!! Жалею, что доверилась прошлому опыту покупок и не проверила в пункте выдачи. Товар не дешёвый и не возвратный (((",Доброго дня! сожалеем что так получилось. контроль сроков годности происходит на складе ВБ. напишите нам на почту для улаживания данной ситуации.
0,1,,"Расслоилась, жидковатая. Не вкусная!!!",Мы не добавляем стабилизатор. Это натуральный продукт и поэтому расслаивается
0,1,,"Растворилсяи, но как  мука с молоком. Может соевый так и должен. И горчит. Не мое",
0,1,,"Ребёнку поиграть взяла, так хотел, но... Пришла, пришёл код, пришли забирать, а нам не отдали, нет кода такого фамилии и тд😈",
0,1,,Ребёнок был очень расстроен. Семена так и остались лежать на влажной ткани. За 10 !!!! дней не ожили.,"Здравствуйте, это живое растение. К сожалению, 100% всхожесть гарантировать не всегда получается. Возможно, вы налили слишком много воды, или семенам не хватило солнца. Рекомендуем вам попробовать еще раз ;("
0,1,,"Результат не видно, к сожалению",
0,1,,"Результата не особо видно ,но глаза болят от него . Не пронравился .","Здравствуйте, Анжела! Ранее мы не получали подобных отзывов о креме от покупателей, поэтому несколько обескуражены. Уверяем Вас, что вся продукция LIMONI проходит проверку качества и имеет соответствующие сертификаты: все компоненты находятся в средствах в такой концентрации и в таком соотношении, что не вредят здоровью, а наоборот, помогают справляться с проблемами. Наносить крем для глаз нужно в небольшом количестве, размером с рисовое зернышко на каждый глаз, круговыми движениями (по орбитальной косточке). Нанесение крема непосредственно на подвижное веко и слишком близко к линии роста нижних ресниц может спровоцировать отёчность, но не боль. С уважением, команда LIMONI"
0,1,,"Рубец ведь очень вонючий, а здесь запах паштета. Очень странно","Добрый день. Продукт производится из промытого (белого) рубца. Если корм производить из немытого (вонючего) рубца, то банка с большой вероятностью ""забомбит"" (раздуется) в следствии высокой обсеменённости сырья.  "
0,1,,"Рулетка вб-поставщик - как всегда!  Подарок подарили, а семян в упаковке не оказалось! Красавцы! Чтоб ваших так поздравляли с 8 марта!","Здравствуйте, нам очень жаль, что вы столкнулись с такой ситуацией. Пожалуйста, свяжитесь с производителем по контактам, указанным на упаковке. Он вам обязательно поможет!"
0,1,,"Русый волос не взял ВООБЩЕ,от слова СОВСЕМ!Дочь расстроилась,время зря потратили для нанесения!
Отвратительный шампунь!",
0,1,,С истекшим сроком годности,Благодарим Вас за обратную связь! Приносим извинения за доставленные неудобства! Напишите нам на почту info@siberina.ru для решения данного вопроса.
0,1,,"С лица смыть их нереально. Ребенок смыл вместе с кожей,потом лечили","Что-то сказочное вы пишете. Это обычные переводные тату, которые ссылаются маслом. "
0,1,,"Сам урбеч бесподобный! Перепробовала разные вкусы разных марок и этот остался любимым. НО! Второй раз я не могу получить долгожданный продукт, потому что его доставляют в разбитой банке. Причём не просто скол, в месиво из осколков и продукта. Это обидно, но ещё обиднее, что за возврат разбитой банки снижают процент!!! Представители чудесных Биопродуктов, донесите до ВБ, что стеклянные банки стоит упаковывать более надежно, дополнительно к пупырчатой пленке можно использовать коробку. Всем нам тогда будет хорошо)",Добрый день. Признательны Вам за выбор нашей продукции и обратную связь. Мы работаем над решением данной проблемы с сервисом WB
0,1,,"Самое худшое что я пил, вкус не очень, размешивается с трудом","Здравствуйте! Очень жаль, что этот вкус вам не подошел. Рекомендуем попробовать также другие вкусы, самые популярные - это ""Шоколад"" и ""Клубника-Банан"". Надеемся, они вам понравятся больше. Спасибо, что выбрали нашу продукцию!"
0,1,,"Самый отвратительный протеин из всех, что я пробовала. А пробовала я почти все веганские протеины. На вкус горький и вяжущий одновременно, вообще не сладкий и с химическим привкусом ванили. Как вообще можно такое выпускать?",
0,1,,"Самый ужасный протеин. Не растворяется нормально, на вкус тошнотный.",
0,1,,Сделал заказ кокосовой пасты Nattys по акции с хорошей скидкой. Заказывал три банки по 525 гр в запас в середине октября. В итоге паста была изготовлена 13.01.21 со сроком годности в один год! То есть мне нужно скушать полтора килограмма кокоса за два с небольшим месяца?? Вы когда по акции товар продаёте указывайте что срок годности подходит к концу поэтому и скидки! ,"Добрый день! К сожалению, у нас нет информации о сроках годности продукции на складе Wildberries. Приносим извинения за доставленные неудобства."
0,1,,"Семена бракованные и не взошли верните деньги!!! За 2 мес семена могли взайти, а это просто пустышки","Добрый день! Мы стараемся сделать все возможное для всхожести растений: дополняем набор обогащённым грунтом, кладем хорошие семена, но очень многое зависит от условий выращивания и полива, так как это живое растение. Надеемся, что Вы не расстроились, и попробуете вырастить растение ещё раз."
0,1,,"Семена бракованные, не взошли даже!",Добрый день. Некоторым растениям требуется больше времени на всхожесть. Попробуйте подождать и продолжать уход за растением.
0,1,,Семена отсутствуют. Просто грунт.,"Добрый день! Обязательно проверьте картонный хеддер, который шел в комплекте. Возможно его утилизировали вместе с упаковкой. Если же там нет пакетика с семенами, то сделайте пожалуйста заявку на возврат товара через личный кабинет. "
0,1,,Сильно расстроилась. Заказывала 2 упаковки на подарки. Пришла только одна упаковка.Вместо второй коробки положили конфетки какие-то. Очень неприятно 😡,приносим свои извинения за доставленные неудобства
0,1,,"Сильное жжение. Один раз попробовала, дальше как то страшно. Неизвестно что будет с кожей.",
0,1,,Сколько уже писали в комментариях что приходит просрочка. И я то думала что поработали над этим. Но не тут то было. Пришла Паста со сроком выпуска июль 2019 года. Даже визуально видно что с товаром что то не так. Это что пофигизм сотрудников или расчёт а вдруг не обратят на срок внимание. Как то не прилично для такого солидного маркетплейса.,Признательны Вам за выбор нашей продукции и обратную связь. Мы как поставщик/производитель осуществляем отгрузки нашей продукции на склад WB с остаточным сроком не менее 70%. Сервис WB оставляет желать лучшего.  
0,1,,"Сложно оценить качество товара, когда он приходит с сорваной, вернее кощунственно выдавленный во внутрь, в продукт мембраной!!!! Люди имейте совесть!!! Продукт в мусорное ведро, т.к срок хранения вскрытой упаковки 3 дня. ""спасибо"" ",Добрый день. Мембрана срывается при откручивании крышки. Это предусмотрено технологией упаковки тетра-пак.
0,1,,"Сломанная коробка, смазанные надписи на наклейке, флакон весь в следах пальцев. Вайлдбериз, ну почему такое безобразие допускаете? Брала на подарки несколько шейков, ВСЕ в ужасном состоянии пришли. Поломанная упаковка и сами замызганные. ",
0,1,,Снижаю оценку так как если варенье в воду добавить то вы увидите грязь ,"Ангелина, здравствуйте! Заверяем вас, что в наших продуктах присутствие грязи просто невозможно! На производстве мы проверяем продукты на чистоту и качество. Для приготовления конфитюра используются измельченные ягоды, у смородины плотная кожица и довольно твердые косточки, фрагменты которых естественно присутствуют в конфитюре, что мы и видим на фото). Вы можете уверенно и дальше наслаждаться вкусом наших конфитюров!"
0,1,,"Собака поносила весь день.сначала решила что что то съел запрещенное, но через пару дней когда снова открыла баночку-снова та же песня.  Товар не из дешевых - в ведро!","Добрый день! Благодарим за отзыв, для нас это очень ценно! Переход с одного корма на другой часто у домашних животных проходит сложно, к сожалению. Наш корм состоит только из натуральных компонентов, без каких-либо добавок и усилителей вкуса. Часто именно с этим связана сложность перехода на натуральный корм. Надеемся, что в скором времени всё наладится. Здоровья Вашему питомцу! С уважением, команда ООО Торговый Дом ""Нара""."
0,1,,"Совершенно не понравилась маска, за такую цену даже некоторые наши марки гораздо лучше, никакого заявленного эффекта нет, обьем очень маленький. Не рекомендую ","Здравствуйте. Сожалеем, что наш продукт вам не подошел. Данный продукт является миниатюрой полноразмерника, и предназначен для пробы. При экономичном использовании маски хватает на 4-5 применений."
0,1,,Совершенно не понравился. На вкус прогорклый и эффекта ноль,"Очень жаль, что продукт Вам не понравился"
0,1,,"Совсем дëшево звучит, никакого сходства, отстойные","Добрый день, нам очень жаль что вам не понравилась данная позиция.Надеемся вас заинтересуют другие товары нашего бренда."
0,1,,Совсем не вкусно. Не сладко и горько.,"Алиса, здравствуйте! Жаль, что продукт не оправдал ожиданий. Возможно, вкус не понравился из-за индивидуальной чувствительности ваших рецепторов к сахарозаменителю. Рекомендуем попробовать шоколадные пасты от ""Иван-поле"" -  TobeNUT и веганскую ""Наэма"", надеемся, они порадуют вас больше). Будем ждать ваши отзывы!"
0,1,,"Совсем не оправдал ожиданий. Химозиный резкий запах клубники насторожил, но решила дать шанс и использовать продукт. Жидковат для скраба, скрабирует на троечку. В итоге, появилось раздражение и аллергия. Использовала исключительно этот продукт во время приема душа. Не советую. Прошу вернуть потраченные деньги.",
0,1,,Совсем не помогли ,
0,1,,"Совсем не понравилась эта база, плохо выравнивается, работать с ней долго.","Добрый день. Благодарим Вас за обратную связь. Нам жаль, что база Вам не понравилась."
0,1,,Соглашусь с девушкой выше! Мне тоже пришла только 1 упаковка!!!!! Это отвратительно!!!! Как на рынке🙈,
0,1,,"Сожгла все лицо, так еще и черные точки не убрало. ",
0,1,,"Спасибо,  всем кто писал отзывы.  К сожалению,  банка была вскрыта.  Если бы не отзывы,  -  не обратила бы внимания.  Возврат сразу. ","Добрый день. Для решения вопросов касающихся некачественной упаковки и доставки товара, просим во-вкладке ""ДОСТАВКА"" выбрать товар и нажать кнопку ""ОЦЕНИТЬ ДОСТАВКУ"". В данной вкладке проставьте соответствующую оценку и оставьте комментарий. Данная оценка попадет в службу логистики и будет проведено расследование данного инцидента. К сожалению в отзывах на товар производитель не имеет возможности отследить поврежденный товар и связаться со складом. С нашей стороны мы оплачиваем доставку товара и упаковку товара силами Вайлдберриз, также компенсируем брак и утилизацию поврежденного товара. Нам очень жаль, что Вы столкнулись с такой ситуацией"
0,1,,Спасибо. Ничего не выросло. ,Добрый день! Некоторым растениям иногда требуется больше времени на всхожесть. Рекомендуем продолжить уход за растением и подождать еще. Многое зависит и от условий выращивания и полива.
0,1,,Срок годности осталось 5 месяцев. Дата производства 2018 год. Разочарована,Здравствуйте. Очень сожалеем.
0,1,,Срок годности семян сентябрь 2020. Собраны в 2016. Как можно продавать просроченный товар.,"Добрый день! Урожай 2016-го года, а упакованы семена в сентябре 2020-го года, это написано строкой ниже. Срок годности семян, как правило, 2 года с даты фасовки. А фасуются семена непосредственно перед тем, как собирается весь набор. Добавим также, что в октябре семена проходили анализ на всхожесть и показали отличные результаты. Так что можем Вас заверить в том, что семена при должном уходе обязательно взойдут. 
Если покупка не оправдала Ваших ожиданий, то рекомендуем Вам создать заявку через личный кабинет, чтобы оперативно урегулировать данную ситуацию."
0,1,,"Становится рыхлой и текучей после пары выдираний, от кожи потом не отодрать, липнет к рукам, липнет к телу.","Добрый день, благодарим Вас за обратную связь. Нам очень жаль, что паста Вам не понравилась. Попробуйте подогревать пасту совсем немного, чтобы она без проблем вытаскивалась из банки шпателем, но не стекала с него. Взять кусочек пасты размером с ""грецкий орех"" и наносить пасту коротким стежком, который можно снять с кожи за один, максимум два отрыва. Противоположной рукой максимально натягивать кожу при отрыве. Отрыв делать строго параллельно коже. Так же обращаем внимание на необходимость использования перчаток при проведении процедуры."
0,1,,"Стекло у лупы поцарапанное. Жаль, дольше ждала",
0,1,,Стойкость 15 минут. Потом вообще в ноль! Пришли в белой не прозрачной бутылочке-не такой как на фото товара. ,
0,1,,"Страна бренда-Россия!Это не корейская косметика!!!Эффекта 0.Очень жирный ,не впитывается .","Здравствуйте, Вероника! LIMONI - это российский бренд, головной офис которого находится в Москве, а вся ухаживающая косметика производится в Южной Корее. Соответствующую маркировке о стране-производителе можно найти на каждом товаре и поле «Страна производитель» на сайте Wildberries. Для производства ухаживающей косметики мы выбрали Ю.Корею, так как там косметическая отрасль поддерживается на государственном уровне и научный потенциал направлен на создание новых рецептур, разработку и тестирование инновационных компонентов. Поэтому косметика Made in Korea задаёт тренды и столь популярна во всем мире. От других корейских брендов мы отличаемся тем, что адаптируем формулы средств под потребности кожи российских потребителей. В частности, крем для век из серии Hyaluronic Ultra Moisture тонизирует кожу и насыщает её влагой, а также борется с темными кругами под глазами. Сожалеем, что Вы остались недовольны оказываемым им эффектом. С уважением, команда LIMONI"
0,1,,"Супер,выравнивается на ура",Здравствуйте. Спасибо за Ваш отзыв и фото.
0,1,,"Так ждала этот лосьон, но увы возврат.... пришел сломаный дозатор",Добрый день! Похоже на ошибку при транспортировке. Сожалеем о Вашем опыте.
0,1,,"Так же заказывала по акции 3 по цене 2.Вместо этого средства,пришёл шампунь(Очень жаль 😞 ","Здравствуйте, Анастасия! Нам жаль, что при сборе Вашего заказа произошла ошибка. Для предотвращения подобных ситуаций в будущем, рекомендуем оставить обращение через специальную форму - для этого на Интернет странице опуститесь в самый низ, там вкладка «Контакты» расположена в столбце «Компания». Проставленные звёзды в отзывах дают оценку самому товару и производителю, а для улучшения качества доставки можно писать комментарии и ставить оценки пункту выдачи заказов после получения заказов. С уважением, команда LIMONI"
0,1,,"Такой ужаснейшей базы для ногтей я ещё никогда не встречала!!!! Вздувается, не сохнет. Не тратьте деньги на ветер! 0 из 10!!","Добрый день. Благодарим Вас за обратную связь. Нам жаль, что база Вам не совсем понравилась. Рекомендуем Вам наносить ее на тонкий слой прозрачной базы Sun Professional (каучуковой, стронг или классической) тонкими слоями и просушивать в исправной LED-лампе мощностью не менее 36 ватт."
0,1,,Температу брешит,
0,1,,Температуру показывает градусов на 5 больше.,
0,1,,"Термометр имеет разную погрешность в разных диапазонах температур. При +26 показывает точно, как и другие (есть поверенный). При +9 начинает завышать на 3 градуса. При минус 10 он завышает на 5 градусов, а при минус 20 уже на все 10. Вероятно, такая ""плавающая"" погрешность обусловлена неточностью изготовления: внутреннее сечение трубки должно быть одинаковым по всей длине, что бы во всем диапазоне измерений, изменение температуры на 1 градус вызывало одинаковое изменение высоты указательного столбика. Возможно, это брак именно этого экземпляра. Сдал, деньги вернули. С другими экземплярами пробовать не буду. Хотя сама конструкция - стальные крепления - была подходящей.",
0,1,,"Товар б/у, лягушка вся грязная","Добрый день! С большой долей вероятности данный товар был сдан недобросовестным покупателем обратно в ПВЗ и снова оказался в продаже. Благодарим Вас за доверие к торговой марке, и надеемся, что Вы закажете снова нашу продукцию. Термометр должен прийти новым и чистым."
0,1,,"Товар был вскрыт вскрыт
Почти все вытекло",
0,1,,"Товар был вскрыт, обнаружилось уже дома. Молоко скисло","Добрый день. Напишите нам пожалуйста на электронную почту order@unicatrade.ru, мы поможем решить эту проблему. Спасибо."
0,1,,"Товар не могу оценить, даже не распоковывала. При получении сразу было понятно, что внутри пакета банка с содержимым разбита на мелкие осколки.  Возврат денег.","Татьяна, добрый день! Очень жаль, что товар был поврежден во время доставки. Мы, как производитель, никак не можем проконтролировать этот процесс(. Также хотим подчеркнуть, что на этой странице вы оставляете отзыв продукту и рейтинг снижаете именно ему...мы всегда готовы ответить на вопрос о качестве продукта, но за качество доставки отвечает маркетплейс. Мы очень надеемся, что вам удастся попробовать этот десерт и дальнейшие заказы ""Иван-поле"" будут вас только радовать! "
0,1,,"Товар не соответствует заявленным характеристикам: и близко нет 6х увеличения, лупа из пластика, очень маленькая - диаметр 6 см. Воощем игрушка для детей. Налицо недобросовестная реклама товара. А что вы хотели за 200₽ ? Хотя бы честного описания изделия!",
0,1,,"Товар отвратительный, постоянно застывает, из коробки не достать, приходится постоянно класть в горячую воду.Когда польешь в кофе, то какая то синяя водичка. Товар к покупке не рекомендую.",
0,1,,Товар потеряли на месте вручения.они сделали как возврат.,
0,1,,"Товар потёк, пришёл неполный, весь аромат по коробке и флакону. Как в такой ситуации решается вопрос?
Заказывали повторно на подарок, до этого был себе и понравился. Подарили. Открыли и обнаружили дефект. Раздосадованы.
",
0,1,,"Товар пришел вскрытый, прошу не учитывать процент выкупа","Добрый день, Вы всегда можете отказаться от бракованного товара - мы компенсируем всю сумму. Также у Вас есть возможность оценить работу курьера, ПВЗ и доставку, а также написать комментарии. В отзывах на товар такой возможности к сожалению нет. Нам очень жаль."
0,1,,"Товар пришёл без дополнительной упаковки! Невозвратный товар! Коробка с мятыми углами, слюда затертая до такой степени, что невозможно прочитать название на коробке. Как так? А если заказать для подарка? И придёт всё в таком непрезентабельном виде... Почему не заботитесь о своих покупателях?",
0,1,,"Товар пришёл в мятой коробочке, не запакован, мог любой открыть. Масло с ужасным запахом, при нанесение на ресницы, попало в глаз, ужас жжёт ",Здравствуйте. Благодарим за обратную связь по нашему товару.
0,1,,"Товар пришёл в разодранной упаковке, без кнопки я(z), с залипающей кнопкой shift, и неработающей цифрой 1, требую обмен, на не бракованную, работающую клавиатуру со склада, а не на ту которая пошла через 10 рук","Нам очень жаль, что так вышло. Компания Defender приносит свои извинения за работу склада и службы доставки Wildberries. Мы хотим исправить данную ситуацию, и поэтому просим Вас помочь. Для этого, пожалуйста, измените отзыв о товаре на отзыв о доставке. Это просто: надо зайти в личный кабинет, в раздел «Покупки», нажать кнопку  рядом с товаром «Оценить доставку», затем поставить оценку и выбрать «Другое». Там Вы можете описать проблему. Нажать «Отправить». Спасибо Вам за помощь и за Ваш выбор."
0,1,,"Товар пришёл просроченный, аж больше чем на 2 ГОДА! ","Добрый день!
Мы очень сожалеем, что произошла такая ситуация.
Пожалуйста, проверяйте сроки годности при поучении.
Валюбериз видимо переносит склад и нашли наш старый потерянный товар (2 года он лежал у них неизвестно где и сам валбериз на запросы не отвечал).
Списать такой товар у них не хватило мозгов, видимо.
От себя приносим извинения за ситуацию, но контролю со стороны поставщика она не поддается.
Официально заявляем, что компания ""Биопродукты"" поставляет товар произведенный не позднее 1 месяца от даты поставки.
И видимо будем вынуждены подавать в суд на валбериз за порчу репутации.
Просим не ассоциировать некомпетентность работников валбериз с поставщиком."
0,1,,"Товар пришёл просроченный. Дата изготовления 07.02.2020, срок годности 12 месяцев. Товарищи работники WB, хоть кто нибудь следит за тем, что отправляют людям? Все таки не бесплатно раздаёте товар! Очень прошу принять меры!!!!!!!!!!!!!!!!!! И жду вашего ответа, по поводу устранения данной ситуации!",Ответ производителя: Вам необходимо обратиться в службу поддержки клиентов для возврата. У производителя в личном кабинете поставщика отсутствует опция контроля ОСГ. Это ошибка маркетплейса.
0,1,,"Товар просрочен,дата изготовления 26 апреля 2021г. Купили 28 октября 2021г. А срок годности 6 месяцев.!","Добрый день! Благодарим за отзыв и интерес к продуктам ""Иван-поле"". Нам искренне жаль из-за произошедшего недоразумения. Мы выясняем причину доставки маркетплейсом продукции с ограниченным сроком годности. По данному поводу, рекомендуем обратиться в службу поддержки клиентов маркетплейса. Отметим, что оформляя заказы в нашем брендовом интернет-магазине вы можете быть уверены в свежести заказанной продукции. Желаем вам только приятных покупок:)"
0,1,,"Товар разочаровал. Просто выкинутые деньги. Открыла упаковку-вода, заболтала, полилась белая вода, но никак не молоко (стояло не в холодильнике и не после улицы). Вкуса и аромата кокосового молока нет.","Здравствуйте, Светлана! Не волнуйтесь, с молоком все в порядке. Это молоко сделано без добавления воды и эмульгаторов, поэтому на холоде расслаивается. 

Если Вы храните молоко в холодильнике или принесли его с улицы, упаковку нужно подогреть, упаковку опустить в ёмкость с горячей водой примерно на 5 минут, далее вытащить и интенсивно взболтать. Закрытые упаковки можно хранить при комнатной температуре.

В описании этого продукта эта информация написана =)

У нас также есть продукт для удобного хранения в холодильнике - кокосовые сливки. Их можно добавлять в кофе и убирать в холодильник, благодаря эмульгатору они не расслоятся.

Если у вас не получится, можете написать нам order@unicatrade.ru и мы вам поможем =)"
0,1,,"Товар ужасный, всё делаю как надо,подложка из базы есть,но покрытие отходит целиком.Думала причина в праймере или плохой обработке ногтя,но нет,виновата именно эта база.","Добрый день. Благодарим Вас за обратную связь. Нам жаль, что камуфлирующая база Вам не понравилась. Рекомендуем Вам при обработке ногтя хорошо обезжиривать ногтевую пластину, правильно наносить праймер: тонким слоем, почти сухой кистью, дождаться его полного высыхания."
0,1,,"Товар упакован, но защитные пломбы сорваны, как будто им уже пользовались.. Очень неприятно. Ужас!!","Добрый день. Благодарим за обратную связь. К сожалению, в разделе отзывы личные заказы не отображаются, и мы не можем уточнить детали Вашего заказа и доставки. Просим Вас сообщить о ситуации в разделе Обращения в Личном кабинете. Мы и служба логистики Wildberries стремимся к тому, чтобы заказы были доставлены в целостности и в кратчайшие сроки. Пожалуйста, проверяйте товар в пункте выдачи, либо у курьера. В случае отказа от покупки денежные средства будут отправлены Вам на карту, с которой данный товар был оплачен. Благодарим за понимание!"
0,1,,"Товарн оценить не предоставилась возможным! Пришёл весь размазанный по паркеты, деньги выкинула в мусор!! До сих пор не удовлетворили заявку на возврат!!! ","Добрый день, Вы всегда можете отказаться от бракованного товара - мы компенсируем всю сумму. Также у Вас есть возможность оценить работу курьера, ПВЗ и доставку, а также написать комментарии. В отзывах на товар такой возможности к сожалению нет. Нам очень жаль."
0,1,,"Тоже не выросло, но садовод я так себе))","Добрый день! Мы стараемся сделать все возможное для всхожести растений: дополняем набор обогащённым грунтом, кладем хорошие семена, но очень многое зависит от условий выращивания и полива, так как это живое растение. Надеемся, что Вы не расстроились, и попробуете вырастить растение ещё раз."
0,1,,"Тоже пришла просроченная банка 2019 года. Возврат, перезаказываю, надеюсь, в этот раз нормально отправят.",
0,1,,"Тонкие, мнутся с полосками. Не понравились совсем ","Добрый день! Не сталкивались ранее с подобной проблемой по данному товару. Товар очень популярен, это подтверждают многочисленные положительные отзывы. Жаль, что Вам товар не подошел. "
0,1,,"Топ наносится хорошо не растекается, но пузырится сильно",
0,1,,Треснул в первый же день,"Добрый день! Спасибо за отзыв и за обратную связь! Мы очень рады, что Вы остались довольны нашим товаром! Пользуйтесь на здоровье.

С любовью и признательностью, 
Ваша ОптимаБизнес
"
0,1,,Тут обман. Увеличивает от силы в 3 раза. но никак не в 6 раз. Возврат. нужна была сильное увеличительное стекло.,
0,1,,"У меня вызвал аллергическую реакцию, хотя я совсем не подвержена такому... Не рекомендую","Здравствуйте, Ольга! Если Вы уверены, что именно крем для век (а не крем для лица, гель для умывания и т.п.) стал причиной аллергической реакции, то рекомендуем прекратить его использование. Возможно, у Вас индивидуальная непереносимость одного из компонентов его состава. Мы искренне сожалеем, что Вы остались разочарованы покупкой. С уважением, команда LIMONI"
0,1,,"У меня приличный парфюмереый гардероб. Я люблю и разбираюсь в парфюмерии, но противнее этого запаха я ещё не слышала, я даже не могу описать чем это пахнет. Как будто просроченной лекарство с какой то химической жидкостью. Я уже брала здесь один парфюм от этого бренда, от которого в восторге!","Добрый день, нам очень жаль что вам не понравилась данная позиция.Надеемся вас заинтересуют другие товары нашего бренда."
0,1,,"Уважаемые покупатели, не ведитесь на эти хвалебные отзывы, как сделала это я! Патчи просто отвратительные, не выполняют ни одного заявленного действия, как написано в описании. Кроме того ужасно щиплют кожу, сползают и эффекта абсолютно никакого! Деньги потрачены зря!",
0,1,,"Увеличивает в один раз, а не в 6 как написано",
0,1,,"Ужас , не берите.","Добрый день. Нам очень жаль, что Вам не понравился наш товар. Предлагаем обратить внимание на другие термометры бренда GARDEN SHOW: GARDEN SHOW / Термометр уличный оконный на липучке без ртути Солнечный зонтик Артикул: 9843096, GARDEN SHOW / Термометр комнатный, светлое дерево. Артикул: 9845563, GARDEN SHOW / Термометр комнатный Красное дерево, классика Артикул: 8048652,GARDEN SHOW / Термометр оконный ""котенок"" Артикул: 8048673, GARDEN SHOW / Термометр оконный ""лягушка"" Артикул: 8048670. Хороших покупок!"
0,1,,"Ужас купила на подарок, а пришло размер 150на 200, а размер не посмотрела... первый раз так попадаю..... подарок подарили.... теперь придётся возвращаться и заказывать по новой",
0,1,,"Ужас полный. Это некая гелевая жидкая субстанция, к маске-пленке не имеющая никакого отношения. Не сохнет вообще. Полное г.... Не советую покупать, будут выброшенные деньги. Скорее всего, подделка, т.к. давно покупал такую же от этого бренда в тюбике, там все было ок. На фото видно, как это выглядит на коже.","Здравствуйте, мы искренне сожалеем, что маска вам не подошла. Маска очищает кожу и она становится более гладкой. При постоянном применении осветляет черные точки и выравнивает рельеф кожи. Мы очень хотим, чтобы вы остались довольны покупкой, поэтому напишите, пожалуйста, нам на вотсап по номеру +74993228287, мы сделаем все возможное, чтобы исправить эту ситуацию!"
0,1,,Ужас! В прозрачной воде плавает белый огромный сгусток. Горячая вода и взбалтывание не помогают. Спасите!!!,"Ирина, не переживайте! =) Упаковку надо подержать минут 5 в горячей воде. Вскипятите чайник, налейте в ёмкость и туда поставьте упаковку с кокосовым молоком. Если не получится, напишите нам на mp@ufood.market"
0,1,,"Ужас,  понесла домой, а там прислали пустую коробку,  так  что проверяй сразу  в пункте 😕 ",
0,1,,"Ужас,мало того что прогорклый,так ещё при использовании какой-то песок внутри бальзама,деньги потрачены зря.ни какого ухода он не даёт вообще!!!!","Спасибо за отзыв! Сожалеем, что так вышло. Будем признательны, если Вы направите на адрес info@siberina.ru фото номера партии на этикетке бальзама."
0,1,,Ужасная гравировка не глубокая,
0,1,,"Ужасная книга, постараюсь оформить возврат, т. к. текст сказок переписан. Сравниваю с диафильмами ещё советских времен. Картинки не соответствуют содержанию. Не рекомендую к покупке.","Добрый день!
В этой книге представлены многие русские народные сказки, а также сказки советских и зарубежных писателей, например «Айболит» К. Чуковского и «Сладкая каша» братьев Гримм. Некоторые тексты русских народных сказок здесь в обработке знаменитых русских писателей, например, «Сестрица Алёнушка и братец Иванушка» – А. Толстого, «Петух и собака» – К. Ушинского, а «Лисичка-сестричка и волк» – А. Афанасьева. О чём свидетельствует и длинный список авторских прав на обороте титула – странице с выходными сведениями. Все эти сказки мы читаем детям примерно в возрасте 2–4 года. Искренне сожалеем, если наша книга Вас разочаровала. В целом в книге собрано большое количество классических сказок, детских стихов, рассказов и песенок, которые проиллюстрированы яркими и симпатичными рисунками."
0,1,,Ужасная лупа. Не рекомендую.,
0,1,,"Ужасная маска. Такое чувство, что хорошие отзывы купленные. Сделала два раза. Думала, ну мало ли, первый раз не получилось. Как тут писали под пленку на распаханное лицо, первый раз держала 30 минут, лицо сожгла, чёрные точки не вышли, только воспалились. Попробовала через несколько дней, держала 15 минут под пленкой, ничего. Легкий пилинг, но точки не выходят совсем, только воспаляются ",
0,1,,"Ужасная паста, пришла открытая, растеклась по пакету. Такое ощущение как будто её специально вскрыли. Не советую!",
0,1,,"Ужасно и не порядочно отправлять испорченный товар, воняет, помятый давать животным невозможно, внутри черви, ужас, деньги не малые больше брать не буду","Добрый день! Сожалеем, что Вам пришлось столкнуться с такой неприятной ситуацией! Мятые и поврежденные банки - результат неаккуратной погрузки, транспортировки или перемещения на складе маркетплейса. К сожалению, мы никак не можем повлиять со своей стороны на эту ситуацию. Единственный выход - это проверять банки при получении. Надеемся, что Вы вернули товар на ПВЗ. Здоровья Вашему питомцу! С уважением, команда ООО Торговый Дом ""Нара""."
0,1,,"Ужасно невкусная арахисовая паста, больше покупать не буду.","Нам очень жаль, что товар Вам не подошел"
0,1,,"Ужасно... Сборка некачественная, сами материалы измазаны не пойми чем, коробка рваная... Менеджер отказалась делать возврат сразу сказав что он возможен если только он не работает",
0,1,,"Ужасное !!!!! И возврат не сделать ! Отдельно молоко,отдельно вода и привкус какой-то ненатуральный!!!","Добрый день. Молоко в холодное время года при транспортировке расслаивается на кокосовые сливки и воду, так как это полностью натуральный продукт и в нем нет эмульгатора, в отличие от других производителей. Это указано в описании. Для того, чтобы стабилизировать это молоко и сделать его однородным и жидким, необходимо подержать его под струей горячей воды или в кастрюле с горячей водой и интенсивно взболтать. Напишите нам пожалуйста на order@unicatrade.ru"
0,1,,"Ужасное молоко, купила по рекомендации и полное разочарование в продукте. В маленькой коробочке вода и сгусток чего то кокосового, который через маленькое горлышко просто не выходит. Пришлось разрезать коробку, чтоб его вытащить(( больше не куплю.","Добрый день. Молоко в холодное время года при транспортировке расслаивается на кокосовые сливки и воду, так как это полностью натуральный продукт и в нем нет эмульгатора, в отличие от других производителей. Это указано в описании. Для того, чтобы стабилизировать это молоко и сделать его однородным и жидким, необходимо подержать его под струей горячей воды или в кастрюле с горячей водой и интенсивно взболтать."
0,1,,Ужасное! Просто твёрдый кусок!,
0,1,,"Ужасные конфеты, очень сухие и вкус, точно не кофе
",
0,1,,Ужасные. Рвутся.,
0,1,,"Ужасный бальзам, неприятный на губах, а ещё и 2 штуки, лежит теперь без надобности.","Спасибо за отзыв! Нам очень жаль, что Вам не понравился данный продукт. Восприятие каждого человека индивидуально. Бальзам по текстуре плотный, питательный и  не жирный, если нанести немного, то почти не будет чувствоваться на губах. Надеемся, что Вы найдете подходящее вам средство. "
0,1,,"Ужасный бальзам. Весь в крупинках, состав неоднородный. На губах ощущается неприятно. Два бальзама в мусорное ведро.","Приносим свои извинения за возникшую ситуацию. Помогите нам разобраться, пришлите фото этикетки с № партии на  электронную почту info@siberina ru. для выяснения причин и проверки контрольных образов данной партии."
0,1,,"Ужасный вкус.есть не возможно.Наверно на любителя,я никогда не пробовала арахисовую пасту",Добрый вечер. Очень жаль что продукт вам не подошёл
0,1,,Ужасный вкус🤮,"Добрый день! Жаль, что этот десерт не оправдал ожиданий, ведь более 7 тысяч покупателей поставили ему высокую оценку и отметили насыщенный шоколадный вкус) Но на вкус и цвет...))) В нашем ассортименте есть две потрясающие шоколадные пасты - шоколадно-ореховая паста без сахара TobeNut и веганская ""Наэма"", будем рады если удастся попробовать и оценить по достоинству! "
0,1,,Ужасный домофон. Не подходит и почему то вернуть нельзя ,
0,1,,"Ужасный запах,хочу связаться с производителями,ну не может оно так пахнуть!Там не манго,а по запаху какое-то дегтярное!Оно просроченное точно!Мне жалко даже 100 рублей за это мыло!","Здравствуйте, Ая! Качество нашей продукции строго контролируется на всех этапах производства. Дата изготовления и срок годности указаны на этикетке. Мыло ""Манго"" имеет высокий спрос у наших покупателей, нареканий на качество нет, как и на его аромат. 
В любом случае, Вы можете вернуть товар в течение 21 дня с момента покупки в соответствии с правилами возврата товаров Wildberries.
Если у Вас есть вопросы, можете связаться с нами по контактам, указанным на этикетке.  "
0,1,,"Ужасный шампунь данного бренда. Купилась на то, что является профессиональным уходом для волос. По факту таких денег не стоит. За два раза использования вымыл краску, которая спокойно держалась уже месяц и не вымывалась другим шампунем фирмы S. Волосы стали сухие и ломкие. Вообщем, не рекомендую.","Добрый день! Сожалеем, что данный продукт не в полной мере подошёл Вам. Иногда возможна индивидуальная реакция на какой-либо компонент, либо он мог быть подобран не совсем верно. Спасибо за отзыв!"
0,1,,"Ужасный… стойкость 0, пришёл в разорванной упаковке и пол флакона, обнаружила уже дома, жаль потраченные деньги ","Добрый день, сожалеем что товар пришел в ненадлежащем виде . Мы работаем над улучшением качества упаковки. "
0,1,,"Упакован отвратительно,коробка и пакет вскрыты,холостого пшика не было,хотела в подарок",
0,1,,Упаковка была вскрыта! Сам товар цел,
0,1,,"Упаковка вскрыта, никакой пленки, у крема запах просрочки, покупала до этого в обычных магазинах, все было норм. Тут брать не советую!!! На самой баночки нет срока годности, уверена что вскрывают упаковку и кладут туда уже застоявшийся крем. Прошу вернуть деньги, посмотрим что ответят ","Добрый день, со своей стороны приносим вам извинения за доставленные неудобства. Видимо, имеет место заводской брак либо некорректная работа склада ВБ. Это первый такой случай, будем разбираться. "
0,1,,"Упаковка измята, несколько раз подклеена скотчем, как будто трижды открывали, пользовались и возвращали. Такой товар нужно снимать с продажи. ","Добрый день! Мы крайне огорчены Вашим отзывом. Уверяем Вас, что весь товар поставляется нами на склад Вайлдберриз в заводской упаковке. К сожалению, недобросовестный покупатель мог повредить коробочку, а потом отказаться от покупки на пункте выдачи. Закажите пасту снова, мы уверены она придет в упаковке и не вскрытой. Хороших покупок!"
0,1,,Упаковка нарушена. Поэтому отказ.,"Добрый день, Юлия! Благодарим Вас за выбор Антивозрастного крема для век с морским коллагеном. Мы искренне сожалеем, что Вам доставили его в нарушенной упаковке. Уверяем Вас, что отгружаем все товары на склад WB в должном товарном виде, но как производитель, не имеем возможности контролировать условия их хранения товаров на складе и транспортировки до покупателей. Поэтому приносим Вам извинения за коллег и надеемся, что произошедшее не скажется на Вашей лояльности бренду LIMONI, и Вы сможете положительно оценить работу Wildberries при следующих заказах. Проставленные звёзды в отзывах дают оценку самому товару и производителю, а для улучшения качества доставки можно писать комментарии и ставить оценки пункту выдачи заказов после получения заказов. С уважением, команда LIMONI"
0,1,,"Упаковка оказалась вскрыта, это безобразие",
0,1,,Упаковка отличная .благодарю вас ребята.Срок годности за 2920год.январь.т е.6 месяцев до конца годности. Это вообще сверх наглости .. бессовестные .после такого свинства  задумываешься стоит у вас заказывать или нет,"Добрый день! Благодарим Вас за отзыв и выбор лосьона перед шугарингом ТМ GLORIA.  Дата изготовления средства 10.2020 г. Срок годности продукта составляет 24 месяца, соответственно до 10.2022. На использование лосьона у Вас есть ещё 16 месяцев. Надеемся, что Вы оцените эффективность лосьона перед шугарингом ТМ GLORIA.  Будем рады видеть Вас нашим постоянным покупателем. "
0,1,,Упаковка порвана,"Добрый день. Упаковка не порвана, а порезана ножом при открывании коробки, в которую был упакован корм. "
0,1,,Упаковка пришла вскрытая.,"Добрый день! Нам очень жаль, что Вы получили товар в таком виде. Благодарим, что сообщили нам об этом. Перед каждой отправкой товара на склад, мы контролируем сроки годности и тщательно проверяем целостность упаковки товара. Мы понимаем, что Вы были огорчены, получив повреждённый товар. Просим Вас сообщить о ситуации в разделе Обращения тема Замечание в Личном кабинете, чтобы исправить и избежать повторения ситуации. Мы, в свою очередь, приняли Вашу информацию в работу. Надеемся, что при следующей покупке мы вернём Ваше доверие. Благодарим за понимание!"
0,1,,"Упаковка пришла повреждена, молоко частично вылилось, такое первый раз на моей практике.",
0,1,,"Упаковка товара ужасная, точнее её вообще нет, даже элементарного пакетика, просто пришла в помятой и порвангой коробке и даже скотчем не зафиксирована. Шоколадки за 100 приходят упакованные в пузырьковой упаковке, а тут витамины недешевые просто в раскрыто коробке.",
0,1,,Урбеч пришёл вскрытый и разлитый .отказ .,"Добрый день! Спасибо за отзыв!
Комментарии и оценки в карточке товара предназначены для оценки качества именно товара. Для оценки службы доставки есть специальный раздел в ""заказах"" и уведомление при получении.
Понимаем ваше негодование, но оценивая доставку в карточке товара вы только портите ее рейтинг, эти комментарии отдел доставки валбериз не читает.
Надеемся на понимание.
Приятных покупок!"
0,1,,Урбеч так и не доставили :( хотя деньги за него взяли,"Добрый день. Благоарим Вас за сигнал это важно для нас. Мы готовы произвести Вам доставку собственными силами, сообщите Ваш адрес или на почту urbech.bio@gmail.com или на телефон +7(495)916-94-09"
0,1,,"Условия хранения не соблюдены,приехал кокосовый творог!Никогда не покупайте это молоко!","Добрый день. Молоко в холодное время года при транспортировке расслаивается на кокосовые сливки и воду, может быть крупинками, так как это полностью натуральный продукт и в нем нет эмульгатора, в отличие от других производителей. Это указано в описании. Для того, чтобы стабилизировать это молоко и сделать его однородным и жидким, необходимо подержать его под струей горячей воды или в кастрюле с горячей водой и интенсивно взболтать. "
0,1,,"Фигня полная народ не ведитесь. За такой ценник три лоскутка ""лейкопластыря"".... Сам повёлся на отзывы..","Здравствуйте, Алексей! Результат от применения полосок напрямую зависит от текущего состояния кожи и соблюдения технологии их применения. Если Вы будете четко следовать рекомендациям, то все получится. Для обеспечения наилучшего результата перед использованием полосок следует тщательно смочить кожу носа водой (после предварительного очищения). Если кожа будет недостаточно влажной, полоска может потерять эффективность. Также после нанесения необходимо разгладить полоску по коже для обеспечения наилучшего контакта с кожей. После того как полоска полностью высохнет и станет жёсткой, следует удалить её по направлению от крыльев носа к спинке. С уважением, команда LIMONI"
0,1,,Фигня полная,"Здравствуйте! Очень жаль, что этот вкус вам не подошел. Многим покупателям он нравится. Попробуйте другие вкусы нашего продукта, у нас широкая вкусовая линейка. Надеемся, они вам понравятся больше, и вы найдете именно свой вкус. Спасибо, что выбрали нашу продукцию и нашли время, чтобы написать отзыв о ней. Мы это очень ценим!"
0,1,,"Фигня полная, даже не прилепились нормально. Эффекта ноль","Здравствуйте, Мария! Результат от применения полосок напрямую зависит от текущего состояния кожи и соблюдения технологии их применения. Если Вы будете четко следовать рекомендациям, то все получится. Для обеспечения наилучшего результата перед использованием полосок следует тщательно смочить кожу носа водой (после предварительного очищения). Если кожа будет недостаточно влажной, полоска может потерять эффективность. Также после нанесения необходимо разгладить полоску по коже для обеспечения наилучшего контакта с кожей. После того как полоска полностью высохнет и станет жёсткой, следует удалить её по направлению от крыльев носа к спинке. С уважением, команда LIMONI"
0,1,,"Флакон пустой! Забирал муж, на месте не проверил. Нигде ничего не вытекло, значит изначально пустой и отправили. Естественно уже деньги не смогу вернуть, нужно сразу проверять. Продавец оказался недобросовестным.","Добрый день! Благодарим вас за отзыв, рады что вы выбрали топ для ногтей с липким слоем LIANAIL.  Скорее всего, это брак. Рекомендуем оформить возврат. Сожалеем о Вашем опыте.  По вопросу возврата обратитесь, пожалуйста, в поддержку wildberries.
Рекомендуем попробовать такие продукты как : база для гель лака LIANAIL и  обезжириватель для ногтей LIANAIL.
Приятных покупок! Надеемся увидеть вас снова."
0,1,,Хлорид железа оказался уже разбавленный и разлитый по коробке,"Добрый день. Приносим извинения за причиненные неудобства! Нам очень жаль, что вам достался такой товар. Это очень неприятно – получить брак. К сожалению, мы, как производители, не можем повлиять на службу доставки Wildberries. Вы можете создать обращение в личном кабинете, чтобы урегулировать ситуацию. "
0,1,,Хорошая вещь Рекомендую,
0,1,,"Хорошо стоит копейки, под верхней этикеткой еще одна и факт в лучшем случае до 2019 года годен",
0,1,,Хотела карамель с кофе 400 грамм. А прислали драже в шоколаде 150 грамм,"приносим свои извинения за доставленные неудобства, видимо ошиблись при сборке, напишите пожалуйста номер Вашей банковской карты, мы Вам вышлем компенсацию"
0,1,,"Хотела натуральную пасту, но оказалась из обжареного кешью, почему не пишут в описании? Это неполезный продукт и очень сладкий, непонравился.",
0,1,,"Хотела черную смородины без сахара, а пришла земляника с сахаром, по цене она дешевле, не на много, но дело принципа. Распечатала только дома. Увы. Дата изготовления 30. 10. 2020. Срок годности 12 месяцев. Упакована было все хорошо, поэтому и не стала возиться на пункте самовывоза. Вывод один: надо проверять. Одна звезда, конечно же, не товару.","Светлана, добрый день! Жаль, что вы получили не тот продукт(. Пожалуйста, напишите на нашу почту или позвоните по телефону горячей линии - бесплатно отправим вам конфитюр, который вы заказывали изначально). Спасибо, что выбираете продукцию ""Иван-поле""! Надеемся, что продукт в итоге заслужит вашу высокую оценку! "
0,1,,Хотели на подарок. Простая железка с рисунком..... 😞,"Добрый день! Спасибо, что выбрали наш товар и рассказали о Вашем впечатлении! Мы ценим мнение каждого.
Данная монета является неплохим вариантом бюджетного кошелькового сувенира и его качество полностью соответствует ценовой политике. Монеты этой коллекции изготовлены из медицинской стали, которая известна такими свойствами, как твердость, износостойкость и гипоаллергенность. 
В нашем ассортименте имеется более качественный аналог именных монет из латуни.

С любовью и признательностью, 
Ваша ОптимаБизнес
"
0,1,,"Хочу дополнить свой отзыв. После публикации прочитала описание товара. ""При охлаждении молоко расслаивается на густые, жирные кокосовые сливки и кокосовую воду, может быть крупинками. Сливки можно использовать в кондитерском производстве, кокосовую воду для приготовления коктейлей и смузи. Для того, чтобы восстановить молоко до однородной, густой консистенции, необходимо его подогреть и интенсивно взболтать или перемешать блендером"". Тогда вопрос: почему молоко фасуется в тетрапак с узким горлом, если после охлаждения его невозможно достать оттуда, упаковку надо резать? Логично было бы упаковывать тогда его в банки как упаковывают кокосовое масло. Если я хочу заказать кокосовые сливки или воду, я закажу их, здесь же я заказываю молоко, оно должно быть жидким. А так получается полуфабрикат, который надо доработать, чтобы получить молоко. Состав радует, остальное непродумано производителем.","Добрый день. Молоко в холодное время года при транспортировке расслаивается на кокосовые сливки и воду, так как это полностью натуральный продукт и в нем нет эмульгатора, в отличие от других производителей. Это указано в описании. Для того, чтобы стабилизировать это молоко и сделать его однородным и жидким, необходимо подержать его под струей горячей воды или в кастрюле с горячей водой и интенсивно взболтать. В другой упаковке оно не сможет храниться, к сожалению. Напишите нам пожалуйста на order@unicatrade.ru"
0,1,,"Хуже и быть не может. Волосы как проволока, голова чешется еще больше. Такое ощущение, что шампунь купила в магазине все по 39. Странно откуда столько положительных отзывов 🧐",
0,1,,"Цвет на фото другой ,на самом делаете пришли очень тёмные , много чёрных все цвета тусклые","Добрый день! Цвет может незначительно отличаться, это связано с особенностями цветопередачи различных экранов. Но даже на Вашем фото скрепки при всем желании нельзя назвать тусклыми :) Набор состоит из скрепок разных цветов, примерно в равном соотношении. Рекомендуем проверять товар при его получении, если он не соответствует Вашим ожиданиям, можно отказаться от покупки. 
"
0,1,,"Цвет намного темнее, чем на упаковке",
0,1,,"Цена завышена в 4 раза, задания не особо, на 15 мин ребенка 2,5 лет","Это отлично, что ваш ребёнок развит не по годам и легко справился со всеми заданиями. Как можете видеть, никто до вас не жаловался. Сожалеем, что не угодили. Спасибо за отзыв."
0,1,,Чай не понравился.,"Здравствуйте! Благодарим Вас, что нашли время для отзыва и поделились своим мнением. Нам очень жаль, что Улун женьшень не пришелся Вам по вкусу. Надеемся, что Вы найдёте в нашем ассортименте то, что Вас полностью устроит  =)"
0,1,,Часто заказываем корм .в этот раз я не очень довольна .одна консервная банка была помята и одной не хватило .возврат,
0,1,,"Через полгода клавиатура умерла. Мышь часто живет своей жизнью и открывает не то, что нужно.","Сожалеем, что Вам пришлось столкнуться с неудобствами во время использования нашего товара. Допускаем, что Вам пришло бракованное изделие. Товар можно вернуть, предварительно оформив заявку в личном кабинете «Проверка товара – Возврат после оплаты по браку». Не забудьте приложить к заявлению видео, где видна проблема. Обращение рассматривается в срок до 5 дней. После подтверждения заявки денежные средства возвращаются на баланс сразу же после фактической передачи товара."
0,1,,"Честно говоря полоски не очень, делала все по инструкции результата никакого (((","Здравствуйте, Виктория! Результат от применения полосок напрямую зависит от текущего состояния кожи и соблюдения технологии их применения. Если Вы будете четко следовать рекомендациям, то все получится. Для обеспечения наилучшего результата перед использованием полосок следует тщательно смочить кожу носа водой (после предварительного очищения). Если кожа будет недостаточно влажной, полоска может потерять эффективность. Также после нанесения необходимо разгладить полоску по коже для обеспечения наилучшего контакта с кожей. После того как полоска полностью высохнет и станет жёсткой, следует удалить её по направлению от крыльев носа к спинке. С уважением, команда LIMONI"
0,1,,"Чешется от него лицо, по ходу аллергия.....","Добрый день! Нам очень жаль, что вам не подошел этот продукт! Возможно, у вас проявилась индивидуальная непереносимость некоторых компонентов в составе средства. Попробуйте прекратить использование продукта на неделю и убедитесь, что такая реакция не вызвана влиянием окружающей среды или механическим воздействием на кожу."
0,1,,Что с ценами? Товар российский! Никаких санкций на него нет!  Вообще с ума сошли? Почти в 2 раза цена выросла! Оборзели...,"Здравствуйте, Виктория! К сожалению, мы вынуждены изменить цены, так как произошло глобальное подорожание импортного сырья и комплектующих, необходимых для производства продукта. Надеемся, что ситуация временная, и у нас снова появится возможность радовать вас подарками и акциями."
0,1,,"Шампунь гипоаллергенный ?! Точно не для астматиков. Шампунь с отдушкой. После применения этого чуда, у мужа началась отдышка!!!",
0,1,,Широкие кнопки перекашиваются и клинят. Чтобы нажать надо точно в центр попасть. Цвет русских букв неудачный. Не видно нифига.,"Сожалеем, что товар Вам не подошел. Компания Defender предлагает огромный выбор клавиатур, уверены, что Вы сможете подобрать более подходящую Вам модель.
"
0,1,,"Шла две недели, да еще пришла открытая. Капец конечно. Видно же прям, что золотинка сверху под крышкой которая, открытая, не просто там продавили ее, а открытая. Как такое можно высылать. Безответственность сборщика. Позор",
0,1,,Шоколад вкусный.Привезли в другой пункт выдачи ,"Спасибо что ответили, рады что понравился наш шоколад, но за доставку мы не отвечаем, это зона ответственности маркет плейса"
0,1,,Это вообще нормально за 600 руб половина баночки? ,"Здравствуйте, Юлия! Благодарим Вас за обратную связь о Вашей покупке регенерирующей маски Skin Helpers. Продукт соответствует заявленному объему. Жаль, что покупка не оправдала Ваши ожидания. Желаем Вам только радостных покупок и прекрасного настроения."
0,1,,"Это не какао, а какой то безвкусный дешевый порошок и  без какао масла. Пробовала и варить и просто заваривать и молоко добавлять, ничего не помогло.
Жаль, банка красивая.","Добрый день!

На такие комментарии даже отвечать не хочется. Заказные отзывы вам хороший доход приносят? Удивительно, все люди хвалят этот продукт и в магазинах и на площадках, но всегда найдется человек, который напишет гадость.......
Вы видимо первый раз в жизни видите натуральный какао порошок.


Удачи вам..................."
0,1,,Это не кокосовое молоко . Это молоко в которое добавили кокосовое масло . Не выбрасывайте деньги на ветер,
0,1,,"Это не сироп, а жмых с сахаром. К тому же плохо упакованный, поэтому порченый. Пахнет плесенью. Зря потраченные деньги.","Добрый день, уважаемый покупатель!

Сожалеем, что товар вас не устроил по качеству. Мы готовы вам поменять его за свой счет. Для этого создайте обращение на почту ekotovaryshop @ ya. Ru без пробелов. "
0,1,,Это подделка не ведитесь!,"Добрый день! Спасибо Вам за выбор нашего крема! Интернет-магазин WildBerries является нашим официальным партнёром, мы напрямую осуществляем поставки, поэтому наличие поддельной продукции на сайте исключено. С уважением, команда LIMONI "
0,1,,"Это просто катастрофа!!! Никогда прежде с такой оплошностью Wildberries не сталкивалась!!! Ждала-ждала... ВМЕСТО масла РАСТОРОПШИ прислали ЛЬНЯНОЕ! А оно у меня, извините, дежурное масло, и стоит в магазине рядом с домом 150 руб.!!! Упаковано было хорошо, отметила про себя: молодцы какие, в bubble package замотали! Будьте научены моим горьким опытом: все-все нужно рассупонивать, что называется, не отходя от кассы, на пунктах выдачи!!!))))","Добрый день, а бутылку достаньте из коробки, должна быть расторопша."
0,1,,Это ужас тихий а не база. У клиентки через три дня слезла пластом хотя делала подложку из прозрачной базыэ!!! Не выравнивается плешивит густая как пластилин,"Добрый день.  Благодарим за обратную связь. Если Вы правильно выполнили все этапы маникюра, гель-лак должен хорошо носится. Данный гель-лак применяется в 3 фазной системе ( база -  гель-лак  - топ):
1) Подготавливаем ногтевую пластину к покрытию (придаем форму и выполняем маникюр), хорошо обезжириваем и снимаем глянец с ногтя бафом.
2) Наносим прозрачное базовое покрытие (рекомендуем использовать базы  Sun  классическую, каучковую или стронг) тонким слоем. Сушим ногти в Led лампе мощностью от 36 ватт не менее 60 секунд.
3) Наносим камуфлирующую базу в два слоя, сушим в лампе аналогично второму пункту.
4) При желании наносим цветной гель-лак.
5) Наносим топовое покрытие и также сушим в Led лампе.

Надеемся, что Вы правильно выполните все этапы, и данной проблемы у Вас больше не возникнет."
0,1,,"Это ужас! Молоко прокисшее, упаковка была вскрытая. ",
0,1,,"Это ужас, коробочка полупустая, крышка на порошке треснутая, все рассыпалось",
0,1,,"Это ужасный сироп, не заказывайте его. Он жутко воняет, на вкус как сладкий,горелый хлеб. Просто ужас, я его вылила, использовать вообще не возможно  ","Здравствуйте. Спасибо за  ваше обращение, нам важно мнение каждого,  ваше сообщение поможет нам стать лучше
С уважением, производитель сиропов RICHEZA."
0,1,,"Это что за беспредел ;!!! Заказала масло ! Пришла свечка какая то , деньги на ветер ! Не заказывайте у этого продавца ! Полная подстава за такие деньги","Здравствуйте! Нам очень жаль, что с Вашей покупкой произошла такая неприятность, и приносим искренние извинения от лица службы доставки Вайлдберриз. К сожалению, мы не можем повлиять на качество доставки, т.к. являемся поставщиками. Напишите нам на почту lovlytoys@yandex.ru и мы вместе решим как урегулировать сложившуюся ситуацию. Спасибо! "
0,1,,Это что простите??? Первый раз с таким столкнулась не смотрела сразу в пункте выдачи увидела дома!!!,"Сожалеем, что Вам пришлось столкнуться с неудобствами во время использования нашего товара. Допускаем, что Вам пришло бракованное изделие. Товар можно вернуть, предварительно оформив заявку в личном кабинете «Проверка товара – Возврат после оплаты по браку». Не забудьте приложить к заявлению видео, где видна проблема. Обращение рассматривается в срок до 5 дней. После подтверждения заявки денежные средства возвращаются на баланс сразу же после фактической передачи товара."
0,1,,"Это, пожалуй, мой самый ужасный опыт с использованием кремов. Хочется верить, что продукт качественный, просто не подошел лично мне. Выглядит шикарно, консистенция матовая, мягкая, после нанесения действительно создается впечатление, будто он разбивается на множество капелек воды. Но проблема в том, что он не впитывается, остается липкая пленка, лицо буквально сразу после нанесения крема выглядит, будто я сильно вспотела. Когда я его заказывала, у меня были намерения блистать, а не блестеть.",
0,1,,"Этот сироп употреблять никто в нашей семье не смог. В ооочень сладкой субстанции намешали раздробленные сухие ягоды вместе с косточками. Какая польза может быть от этого песка из сухих ягод и костей в очень сладком сиропе? 
Не рекомендую",
0,1,,Эффект нулевой🙈,
0,1,,Эффекта не было. Даже после бани пробовала.,
0,1,,"Эффекта нет, товар пришёл не упакованный и полу пустой",
0,1,,"Эффекта никакого абсолютно. Зря растение только иглой поцарацапала. И подмазывала ещё пасту на эти места, но все равно ничего.",
0,1,,"Я в шоке. Писали ,что товар задерживается. 
Уведомления о прибытии не было!
14.10.2020 в 3 часа ночи подтверждение получения.
Я товар не получала!!! Прошу вернуть деньги!",
0,1,,"Я дико недовольна!! Ребята, делайте что-то с поставками. Если написано что отгружает продавец, то он и должен отгружать!! А мне прислали кофе от июня 2020!!! ","Здравствуйте! Производитель отгружает продукцию сразу после обжарки. Дальнейший путь, к сожалению мы не контролируем. "
0,1,,"Я если честно вообще не увидела эффекта ! Легкий пилинг, и то из-за того, что палочкой пыталась что-то выдавить. Удивляюсь, как у предыдущих комментаторов такие потрясающие  результаты 😟😟😟",
0,1,,"Я и до этого не верил во все жидкости спортпита. Результат принесли усиленные тренировки, а потел что принимая этот концентрат что не принимая","Добрый день. Не всегда проблема в продукте. Если у вас толерантность к простым и безопасным энергетикам (жиросжигатель работает и как энергетик в некотором роде), возможно, вы не ощутите его действия. Возможно, есть ошибки в диете, которые не дают почувствовать работоспособность продукта, например, большое количество углеводов в рационе. Попробуйте отдохнуть некоторое время от спортивного питания и вы начнете ощущать его действие снова. 
С уважением, команда SteelPower."
0,1,,"Я не знаю, может мне попался такой рулон. Все не четко от слова совсем!",
0,1,,"Я не могу оценить эти патчи, из за того что пришли совершенно другие, я заказывала двое патчей разных сразу, пришли двое одинаковых. Эта оценка не товару, а работником склада которые собирают и отправляют заказы.",
0,1,,"Я не понимаю кто пишет положительные отзывы об этом аппарате и всех вводит в заблуждение. Купила для ткани из-за специальной насадки, которая перестала работать через 30 минут, пришлось заменить ее на насадку для дерева, которая кое-как работает. Модель выпускается без каких либо апгрейдов с 70-х, топорная работа, иглы меняются ооооочень неудобно, ручка греется, работать не удобно, одним словом выброшенные деньги, таким аппаратам место в музее или на свалке.",
0,1,,"Я не поняла.Как можно прислать вместо духов,  какой то кондиционер для волос.Как хоть заказ собираете.Обидно.Я очень духи ждала.😔",
0,1,,"Я ожидала, что у меН получится вкусное кофе с пенкой, а получилось кофе со вкусом «типа» кокоса и плавающие массы кокосового молока, вдобавок к тому, после выпитого данного напитка - вся семья далеко от дома уйти не может, живот скручивает 😭 и дело точно у молоке, ибо ничего нового в этот день не ели, а попробовали только этот продукт добавить, о чём очень потом пожалели((",
0,1,,"Я очень расстроена, так как прислали целую коробку не того джема ! Шёл тоже долго.Такой не ем, обнаружила , что прислали не тот только дома. ","Анна, добрый день! Жаль, что вы получили не тот продукт(. Пожалуйста, напишите на нашу почту или позвоните по телефону горячей линии - бесплатно отправим вам джем, который вы заказывали изначально). Надеемся, что продукт в итоге заслужит вашу высокую оценку! "
0,1,,Явная подделка! Аромата вообще ноль. Отдаленно где то пахнет ванилином. Даже по шрифту видно что это не оригинал .,"Добрый день.
Приносим извинения. 
Доработаем формулу по запаху. "
0,1,,"вместо этого заменителя сахара привезли чай вечерний и утренний... и не одному мне, судя по отзывам))","Добрый день. Благодарим за информацию. Приносим свои извинения за то, что Вам доставлен товар с неверным вложением. К сожалению, при обращениях в отзывах мы не видим информации о деталях доставки заказов нашим покупателям. Тем не менее, мы и служба логистики Wildberries стремимся к кому, чтобы заказы были доставлены в целостности и в кратчайшие сроки. Просим Вас сообщить о ситуации в разделе Обращения в Личном кабинете, чтобы исправить и избежать повторения данной ситуации. Мы так же приняли информацию в работу. Для нас очень важен и ценен каждый наш клиент и мы надеемся, что Вы останетесь вместе с нашим брендом. Спасибо за понимание!"
0,1,,"вся упаковка была в пасте, ужасная доставка. И уже не первый раз доставляют продукты с повреждениями.","Благоарим Вас за выбор нашего продукта.
Нам искренне жаль что сервис доставки нашего партнера оставляет желать лучшего.
Уверен сервис WB будет лучше.
"
0,1,,"вы когда отправляете не смотрите на товар что ли, частенько вы высылаете бракованный товар,на этот раз лупа с осколом.",
0,1,,заказала несколько разных. смородиновый ждала больше всех. прибыл в пункт выдачи - баночка вдребезги. .жаль,"Елена, добрый день! Очень жаль, что баночка была повреждена при транспортировке. Пожалуйста, напишите на нашу почту или позвоните по телефону горячей линии, мы бы хотели выслать вам замену бесплатно! Надеемся, что нам удастся сгладить неприятное впечатление от случившегося. "
0,1,,"к КС домофонам не подходит, либо брак...  и вернуть нельзя",
0,1,,"мука ужасного качества!!! Пару раз пыталась приготовить, на вкус как манка. Пришлось выкинуть. Я разочарованна!","Добрый день! Это цельнозерновая мука, из бурого  риса, может поэтому вам не понравилась. "
0,1,,"нанесла маску, жду, минуты 4 от силы прошло, сняла. высыпало весь лоб.","Добрый день, на упаковке мультимаски содержится   информация о мерах предосторожности – не использовать маску-пленку на раздраженной, поврежденной , воспаленной коже или коже с высыпаниями; или если есть чувствительность к одному из компонентов состава. Во избежание нежелательных реакций кожи – важно  оценить  все указанные рекомендации перед применением маски."
0,1,,ничего не выросло :(,"Здравствуйте, рекомендуем вам подождать ещё немного, некоторым растениям необходимо больше времени на всхожесть. "
0,1,,очень жалко...,"Добрый день. Благодарим Вас за обратную связь. Мы также огорчены, что флакон был повреждён при транспортировке. Вы можете воспользоваться сервисом Проверка товара - Возврат после оплаты по браку."
0,1,,"поддон и крышка хлипкие, одноразовые. Только торфяные горшочки хорошие. Не советую к покупке.","За 200р и чтобы толстые и навсегда. так не бывает. Парник легкий, отлично справляется со своим функционалом."
0,1,,половина банки костей и желе мяса почти нет покупать не советую,"Добрый день! Благодарим вас за отзыв и обратную связь. Сожалеем, что вам не понравился продукт. Мы стараемся, чтобы наш товар становился лучше и учитываем каждый комментарий. Желаем Вам приятных покупок!"
0,1,,пришли наклейки ,
0,1,,пришёл разбитый пузырёк,Добрый день! Приносим извинения за доставленные неудобства! Напишите нам на почту info@siberina.ru для решения данного вопроса.
0,1,,"просто пипец, покупаю такой крем не первый раз, но как упакован слов нет. Крыша поцарапана как будто ключами водили или валялась где-то, банка была в креме когда я сняла упаковку, зато крышка была плотно закрыта, интересно как так вышло. Консистенция другая по сравнению крема из магазина. Ну и самое любимое у продавцов заклеивать код. Заказывать больше не буду, лучше уж в магазинах буду брать.",
0,1,,"упаковка повреждена! а товар не возвратный! Поставщику минус и претензия! Это плохо. что нельзя проверить перед тем . как покупать. как было раньше! перекладывают убытки на плечи потребителя , верните назад возможно посмотреть товар перед покупкой! нельзя все оплачивать вперед! это не удобно, у меня не всегда есть безнал. иногда лучше отдать налом курьеру.",Напишите пожалуйста нам на почту order@unicatrade.ru решим этот вопрос
0,1,,"фигня полная, не отпечатывает, зазоры внутренние слишком малы и лак отпечатывается не так четко ","Добрый день! Большое спасибо за то, что нашли время поделиться впечатлениями. Сожалеем, что качество нашей продукции не оправдало ваших ожиданий. "
0,1,,"чиа вообще не разбухают,выкинула банку",
0,1,,"что произошло не знаю. купила две базы лианейл каучуковую и вот эту тонкую. каучуковая сохнет в выравнивающем слое, а эта не сохнет СОВСЕМ! я мастер, беру не для домашнего использования. знаю как, что и сколько нужно сушить. она не сохнет даже за 2 минуты! хотя обычно сушу базу 30 секунд. я расстроена. видимо брак какой то. жаль потраченные деньги( ","Добрый день! Благодарим вас за отзыв, рады что вы выбрали базу для гель лака  LIANAIL.
У данной базы остаётся сильная липкость после просушки. Её необходимо снять сухой салфеткой. После снятия лс ноготь выглядит практически голым, но по факту база просохла и укрепляет ноготь как ламинирующий состав
Рекомендуем попробовать такие продукты как : обезжириватель для ногтей LIANAIL и топ для ногтей LIANAIL.
Приятных покупок! Надеемся увидеть вас снова."
0,1,,"….не знаю что и сказать!., до этого брали данный корм! Сейчас купили 2 пачки-собаке плохо! Тошнит,..не ест !.., что с кормом???  … была замена какая-то!???????… ","Здравствуйте! В составе корма ничего не менялось. Также, Вы всегда можете обратится за консультацией к нашим ветеринарным специалистам  по тел. 8 (800) 500-60-77
Благодарим за обратную связь."
0,1,",""dt"":1608","Ждала 4 дня заказ, заказала 2 блокнота. Пришел скраб и детский деревянный конструктор. У сборщиков уже новый год видимо!","К сожалению, мы не можем вам помочь. Мы производитель товара и не имеем отношения к доставке, оплатам и возврату. C уважением, Hatber"
0,1,":[],""site"":""RU""}]
ый","На бирке не указано что это серебро, нет пробы. На самом изделии есть место для пробы, но там пусто. Из чего это? Надувательство? ",Здравствуйте. Все наши изделия имеют пробу. Ищите пожалуйста внимательно. 
0,1,":""2020-12-28T14:03:1","Заказывала дважды... и оба раза приходили в таком состоянии ... Поцарапаны , практически полностью ..  хотела бы заказать снова, но боюсь что снова придут в таком «прекрасном» виде .. ",Здравствуйте. На изделии нанесена защитная пленка! Снимите ее после установки и все будет замечательно. Мануфактура Ваша Светлость.
0,1,"aluation"":5,""color"":","Ну зачем так некрасиво поступать. Отодрали этикетку,запаковали дополнительно в пакет и отправили. В итоге открыла упаковку дома,украшала дверной проем в детской комнате,и прислали маленький размер. Мы с детем итак живём сами на копейки,уже третий месяц декорирую дверь,покупаем по одной упаковке. В этот раз купили две и одна из них - маленький размер. И снова мы остались и без денежек,и с незавершенным декором. Как не стыдно. Для кого-то это мелочь,а для нас - это деньги.","Здравствуйте. Нам очень жаль за данное недоразумение. Но как производитель мы не можем контролировать данные вещи так как на данном этапе это компетенция магазина. Напишите пожалуйста жалобу в соответствующий раздел личного кабинета Вайлдберрис. Также, со своей стороны, мы не хотим, чтобы от безсовестности сотрудников магазина страдали наши покупатели особенно дети. Свяжитесь пожалуйста с нами (контакты указаны на этикетке товара) - мы отправим Вам декор за наш счет.  Мануфактура Ваша Светлость."
0,1,colorless," В описании указан вес 1 кг, а по факту 0,5 кг. Муж забрал не зная, возврат оформить не так просто. ","Добрый день. Сожалеем, что произошло подобное. Приносим свои извинения за несоответствие. По данной карточке товара отправляли кисель в фасовке 1 кг, в ближайшее время разберемся, почему произошел пересорт. Еще раз извиняемся, нам важно Ваше мнение, и мы бы хотели, чтобы Вы сохранили положительный настрой и для следующих покупок выбрали наш магазин Алтайские традиции. "
0,1,colorless, Ужасные патчи не советую,
0,1,colorless,"*очень жидкий,как вода,да и состав оставляет желать лучшего..норм только цена",
0,1,colorless,"1 год уже пользуемся , от постоянного использования появляется переодически покраснение на пальцах . Нам не помогает бросить вредную привычку . Точно не стоит своих денег","Здравствуйте, если Вашему ребенку, при правильном использовании, насадка не помогла в течении первых 2-3 х недель, смысла носить дальше нет. Насадка помогает в 90% случаев, в остальных 10ти нет. Бывают случаи, когда ребенок не сосет палец, а просто держит его во рту, в этом случае, насадка не работает."
0,1,colorless,"2 раза заказывала и оба раза прислали вместо 500гр 100гр, первый раз ладно, но второй уже прям не приятно...",Добрый день! Приносим свои извинения за сложившуюся ситуацию. Разбираемся.
0,1,colorless,"""Водка со льдом"", серьёзно? С оригиналом не знакома, но судя по многочисленным отзывам на фраге, он унисекс свежак.
В этом же парфюме — императрица D&G, я её очень хорошо знаю. Никаких заявленных нот тут нет, зато с императрицей схожесть феноменальная. Может, ошибочно залили в флакон?
Конечно, ни разу не унисекс. Женский, для тех самых кисейных барышень.
Разочарование.",
0,1,colorless,"А теперь я вообще в шоке .просто переплатила ,тупая Покупка ...129р",
0,1,colorless,"Аромат приятный, но не стойкий совсем",
0,1,colorless,"БЕЗ ЗАПАХА,В СТЕКЛЯННОМ ПУЗЫРЬКЕ,ПОСМОТРЮ В ДЕЙСТВИИ,ПОКА НЕ ПОЛЬЗОВАЛАСЬ","Здравствуйте! Благодарим Вас за отзыв! Нам очень важно, чтоб покупатели получали удовольствие от использования продуктов LIMONI. Надеемся, что все последующие покупки будут полностью оправдывать Ваши ожидания, например Корейский пилинг скатка для лица Артикул: 93629304. С уважением, команда LIMONI"
0,1,colorless,"Бал мало того, что пришёл в вбитой упаковке, так ещё вместо 120 капсул в ней 75!!!!! Что за беспредел? Я в шоке. Заказывай после этого у Вас БАДы и Витамины. ","Добрый день!  Благодарим Вас за обратную связь. Приносим свои извинения за данный инцидент. Обязательно проведем проверку и примем необходимые меры. Мы ценим каждого клиента и Ваше мнение очень важно для нас! Желаем в будущем получать только положительные эмоции от покупок в нашем интернет-магазине. С уважением, Wildberries."
0,1,colorless,"Бальзам как будто шершавый, не приятно мазать губы",
0,1,colorless,Банка была уже вскрыта и скрабом уже пользовались. ,
0,1,colorless,Банка пришла вскрытая.на крышке вмятина.Запах ужасный-значит открыта уже давно и просто испортилась.Отвратительно!!,Благодарим Вас за обратную связь. Для нас это важно.
0,1,colorless,"Банка пришла открытая, полупустая, без какой-либо защитной упаковки.","Нам очень жаль, что товар Вам не подошел"
0,1,colorless,Баночка пришла вскрытая. Нарушена целостность упаковки.,"Добрый день! Очень жаль, что Вам доставили открытый продукт. Всегда проверяйте правильность доставленного товара и целостность упаковки в пунктах получения заказов. Если товар вам не подойдёт или с ним что-то не так, вы можете сразу отказаться. Товар поставляется на склады маркетплейса в надлежащем виде. После отравления, к сожалению, мы не можем отследить целостность доставленного товара сотрудниками маркетплейсов, и нашей вины здесь нет. В отзывах на продукт и оценках просим Вас учитывать его вкусовые качества или ваше общее впечатление от него. С уважением, команда aTech nutrition."
0,1,colorless,Барахло полное,"Здравствуйте, Ксения! Сожалеем, что вам не удалось оценить по достоинству полоски для носа. Результат от применения полосок напрямую зависит от текущего состояния кожи и соблюдения технологии их применения. Если Вы будете четко следовать рекомендациям, то все получится. Для обеспечения наилучшего результата перед использованием полосок следует тщательно смочить кожу носа водой (после предварительного очищения). Если кожа будет недостаточно влажной, полоска может потерять эффективность. Также после нанесения необходимо разгладить полоску по коже для обеспечения наилучшего контакта с кожей. После того как полоска полностью высохнет и станет жёсткой, следует удалить её по направлению от крыльев носа к спинке. С уважением, команда LIMONI"
0,1,colorless,"Бензопила пришла без шины, пакет от нее есть, а самой шины нет!!! Я так ждал эту бензопилу, так как дела стоят на месте. А теперь эту бензопилу мне перезаказывать за большую цену, чем была????","Добрый день! Благодарим Вас за обратную связь. Нам очень важно мнение покупателя. Позвольте принести извинение за доставленные неприятности, нам жаль, что покупка Вас расстроила. Рекомендуем Вам проверять все покупки в пункте самовывоза, чтобы в таких случаях сразу вернуть товар. Вы можете оформить возврат через форму в личном кабинете Вайлдберриз, приложив фото и видео, подтверждающие эту неисправность. Надеемся в будущем у нас появится возможность поменять Ваше мнение о нас в лучшую сторону.
С Уважением, официальный магазин производителя брендов ""Ресанта"", ""Вихрь"", ""Huter"", ""Eurolux""."
0,1,colorless,Беру данный шампунь на протяжении многих лет. Но в данном случае очень расстроена. Шампунь будто бы подделка. Пахнет мужским неприятным запахом. Кожа головы чешется. Заказала у другого продавца - такого нет,
0,1,colorless,"Блеск есть, но на 5 й день скалывается и трескается. Не советую.",Добрый день! Топ необходимо наносить выравнивающим слоем.
0,1,colorless,"Блин и сегодня забрала не те , я думаю уже они халтурят в розовом не стойкие , я хочу поменять ",
0,1,colorless,"Большое спасибо! Вы написали, что выключатель есть, а его там нет!!!","Здравствуйте! Нет, выключатель не заявлен. Мышь уходит в режим энергосбережения автоматически."
0,1,colorless,"Браво, маэстро!!! Зачем отправлять хrень, когда сам же при переоценке лоХanулся. Едет к тебе твой прикол обратно, плати за доставку.","Здравствуйте. Благодарим вас за уделённое время. Простите, что доставили вам не ту модель товара. Вы можете вернуть его нам. Рекомендуем при получении проверять заказ и отказаться, если что-то не подошло. Надеемся, что новые покупки будут оставлять только положительные эмоции."
0,1,colorless,"Быстро ‘испаряется’ на губах, запаха почти нет , а смягчает и увлажняет плохо. Состав натуральный, это хорошо. ",
0,1,colorless,"В мае заказала шампунь и бальзам этой серии - пришло что то странно пахнущее хлором или каким то другим химикатом (очень едкий запах). До этого пользовалась данными шампунями и бальзамами, не было такого амбре... Мне сложно подобрать средства для ухода за волосами и это было одно из лучших бюджетных вариантов. Но теперь опасаюсь заказывать.","Добрый День! Могла быть выпущена партия с другой отдушкой. Но полезные свойства шампуня и его состав не был затронут. При последующем заказе высока вероятность того, что Вы получите шампунь с его традиционным ароматом. К сожалению 100 % гарантию мы не можем дать, но результат после мытья волос вы получите тот же. С уважением, бренд ""Indigo Style""."
0,1,colorless,"В первом заказе паста пришла хорошая, упаковка целая, вкус приятный. Вот мой второй заказ. Упаковка вскрыта, паста разлилась по целофану. Разочарование( Заметила уже дома. Пришлось выкинуть. Заказывать больше не буду.",
0,1,colorless,"В первый раз покупала были хорошие, консистенция желейное как холодец. Купила во второй раз, водянистая, сомнительная . Дала питомцу , она часто вырывала , хранение возможно не правильное . Но это реально была отрава. Больше не буду заказывать и не советую .","Добрый день! Благодарим за отзыв, для нас это очень важно! Сожалеем о случившемся с Вашим питомцем. Корм проходит все проверки на производстве, и его качество неизменно. Также жалоб от других покупателей на подобную реакцию у питомцев на данный корм не поступало. Здоровья Вашему питомцу! С уважением, команда ООО Торговый Дом «Нара».
"
0,1,colorless,"В составе нет пустырника и валерианы, сплошная химия, пена наверное будет если всыпать пачку, в инструкции написано 4 ст локи(((((брала ребёнку, но теперь придётся пользоваться самой тк в синюю ванну сажать ребёнка страшно, хоть и написано 3+.не советую",
0,1,colorless,"В упаковке не достаёт одного пакета (пауч) Внешней вид коробки явно был поврежден, далее заклеен скотчем . Очень не приятно. ",
0,1,colorless,"Вернула, потому что протекала.","Здравствуйте! Нам искренне жаль, что произошла ситуация, из-за которой Вы не смогли оценить товар. Благодарим за то, что не оставили без внимания данную проблему, это помогает нам улучшать качество сервиса. Мы обязательно будем стараться, чтобы последующие покупки оставляли у Вас только приятные впечатления. С уважением, Wildberries."
0,1,colorless,"Взошли все 10 семян. Но что это были на самом деле за растения или трава не знаем, потому что через неделю они все погибли. Делали все по инструкции. Самый большой росток продержался 1,5 недели... Но как был травой, так и остался.","Спасибо, что нашли время поделиться мнением о покупке. Уверены, ваш отзыв будет полезен для других покупателей.
"
0,1,colorless,"Вкус очень слабый, посредственный. В консистенции есть курупинки как у многих казеинов. Есть протеины и повкуснее. К примеру клубничный казеин этой же фирмы очень вкусный.",
0,1,colorless,"Вкус химозный,не знаю теперь что делать с этим сиропом,добавлю в свою пп выпечку, надеюсь сгодится",
0,1,colorless,"Вкуса розы нет,скорее какой-то непонятный привкус,едва уловимый. Есть с чем сравнивать.Мне подарили лукум со вкусом розы. Который тает во рту, и аромат розы достаточно насыщенный и натуральный.И я решил купить нечто похожее,руководствуясь отзывами.
И вот, не могу понять,толи у людей вкуса нет,или мне такой попался?",Очень сожалеем что Вам не понравился наш продукт(((
0,1,colorless,"Вкусная паста, но она не из кешью. Урбеч из кешью другой на вкус и цвет. Было бы круто, если бы производитель правду написал. Не рекомендую этот товар",
0,1,colorless,Вкусно ...эффекта 0,
0,1,colorless,"Вкусно. Но привезли просроченный!!! Как такое вообще может быть? Я не посмотрела и начала есть и ребёнку давала. А потом смотрю до декабря, а заказ привезли амперных числах декабря. Это вообще как?!",
0,1,colorless,"Вместо 1кг пришло 0,5. На самом пакете наклейка-штрихкод и написано 1кг, на розовой заводской наалейке 0,5. По факту тоже 0,5.","Добрый день! Приносим свои извинения за несоответствие штрихкодов. Ошибку устранили. Надеемся, что Вы сохраните положительный настрой и вернетесь к нам за покупками вновь в магазин Алтайские традиции. У нас много новых поступлений- мы расширили линейку натуральных оздоровительных продуктов, а также добавили в ассортимент натуральные алтайские косметические продукты и алтайские обереги-талисманы. Приглашаем Вас за покупками! "
0,1,colorless,Вместо 2 упаковок пришёл только 1,"В продаже 1 упаковка, на фото изображена одна упаковка: лицевая и оборотная сторона упаковки."
0,1,colorless,"Вместо 5 шт пришло 4, возврат , прошу не учитывать процент. Считайте при получении ",
0,1,colorless,"Вместо RL-10, по цене 700₽, присылают левую дешевку, красная цена которой 100₽. Конечно, сами виноваты, что не проверили на пункте, но факт, что продавец явно не порядочный, советую всем кто читает отзывы, не заказывать у них! ","Здравствуйте! Данные насадки на фото от другой модели звуковой щетки RL 030.Возможно произошла техническая ошибка,по независящим от нас причинам.Мы обязательно разберем Ваше обращение и примем соответствующие меры. Вы можете оформить возврат товара на пункте выдачи.Также Вы можете позвонить на нашу горячую линию,по номеру телефона,указанному на упаковке.Наши специалисты помогут Вам уладить данное недоразумение максимально быстро и удобным для Вас способом."
0,1,colorless,Вместо лукума положили витамины,Очень жаль что так получилось (( во время сборки на складе wildberiss перепутали Ваш заказ ((( надеемся что больше такого не повторится
0,1,colorless,Вместо лукума положили льняное масло в капсулах.Прошу не снимать процент выкупа!!! так как вина не моя!,"очень жаль что так получилось ((( при сборке заказа ошиблись((( надеемся что следующий Ваш заказ доставят именно то, что Вам нужно))) приятных покупок на wildberiss)))"
0,1,colorless,Вместо лукума с лепестками роз пришёл с кунжутом,
0,1,colorless,"Вместо патчей прислали маску на лицо! Отказалась,хотя патчи нужны были срочно в подарок.",
0,1,colorless,"Внутри должны быть семена? У меня ничего,кроме земли.","Да, семена крепятся в пакет к картонной этикетке. Очень жаль, что вам достался такой товар. Вы всегда можете вернуть его или перезаказать."
0,1,colorless,"Возврат! Вместо сиропа, пришёл яблочный уксус. Перезакажу.","Добрый день! Сожалеем, что так произошло. Надеюсь, на днях Вам привезут именно то, что заказывали! Имбирный пряник - отличный выбор!"
0,1,colorless,"Волшебного эффекта, о котором тут пишут, не заметил. Пропив почти всю упаковку эффекта нет совсем: легкие болевые ощущения в суставе снилизись только после снятия физической нагрузки. Зато после приема появляются сильная жажда и ощущение давления в голове.","Здравствуйте. Артроверон это прежде всего биологически активная добавка к пище, его основная функция - вспомогательная. Артроверон может помочь усилить эффект от основного лечения. Рекомендуем Вам проконсультироваться с врачом для определения эффективной дозировки приема Артроверон."
0,1,colorless,Вообще на окне не держится ,"Добрый день! Спасибо за отзыв. Нам очень жаль, что товар не оправдал ваших ожиданий. Многочисленные отзывы и наши собственные опыты этим продуктом доказывают, что он качественный и полностью отвечает своим заявленным свойствам, по содержанию и цене, что немаловажно. Попробуйте снять присоски и залить в стакане с кипятком , подержать минут 5 и сразу клеить. Оставайтесь с нами!"
0,1,colorless,"Вообще не понравилась. Жесткая, царапучая. Кажется, будто не контролируешь ситуацию, когда работаешь с ней. Даже не знаю для чего ее приспособить 🤷🏼‍♀️ хотела купить такую же, но с ворсом покороче, теперь не буду, тк она тоже из козы и вероятнее всего такая же по качеству. Эх, надеялась, что у лимони хорошие кисти из натур ворса, а на деле разочарование","Здравствуйте, Алина! Мы искренне сожалеем, что Вы остались разочарованы покупкой, так как кисть показалась Вам слишком жёсткой. Как мы уже отмечали, ворс козы считается не самым мягким из натуральных. Возможно, Вы останетесь довольны мягкость кисти с ворсом соболя (артикул 1643904), так как он похож по своим свойствам на мягчайший ворс белки,  или пони (артикул 2927258) – с ним кисти гладкие, упругие, мягкие и шелковистые. С уважением, команда LIMONI"
0,1,colorless,Вообще не понравился .решила оставить комментарий после использования 👎этот скраб просто таит на руках не успев скрабировать тело ..,
0,1,colorless,"Вообще не стоит своих денег! Делали по инструкции, только хлорид железа сработал красиво. ","Спасибо, что нашли время поделиться мнением о покупке. Уверены, ваш отзыв будет полезен для других покупателей.
"
0,1,colorless,"Вот в таком состоянии пришла моя арахисовая паста,поэтому и звезда 1.","Добрый день, производитель не занимается доставкой. У Вас есть 24 часа на проверку и вкладка в личном кабинете для направления претензии."
0,1,colorless,Вот такую красоту привезли...очень неприятно,"Добрый день, у Вас есть возможность вернуть деньги за товар, но не в отзывах, просим соблюдать регламент и обращаться через личный кабинет."
0,1,colorless,Врёт на +5°,
0,1,colorless,"Все банки пришли просроченные,конечно же,не стала проверять сразу,а зря.","Добрый день, Валерия! Спасибо за выбор нашей продукции и обратную связь. К сожалению, контроль за доставкой WB не в нашей компетенции. Обратите внимание, что необходимо обязательно проверять товар при получении, так вы сможете на месте отказаться от заказа, если он по каким-либо причинам не соответствует вашим ожиданиям. Если есть недоверие к товарам от этого маркетплейса, вы можете заказать нашу продукцию на другом популярном маркетплейсе, где не требуют денег за возврат или в нашем официальном интернет-магазине, где заказы отправляются покупателям прямо со складов производства. Пожалуйста, оставьте обращение в разделе ""Контакты"", на официальном сайте нашего интернет-магазина. Прикрепите к обращению фото упаковки с номером партии. Надеемся, что нам удастся сгладить неприятное впечатление, а дальнейшие заказы нашей продукции будут только радовать вас. "
0,1,colorless,"Все было прекрасно, пока не начала листать книгу. Очень обидно, покупала ее в подарок","Здравствуйте! Спасибо за Вашу оценку и уделённое время. Сожалеем о случившейся ситуации.
"
0,1,colorless,"Все хорошо запечатанно.Но вот сам продукт не поняла,ни какого мочегонно эффекта нет,просто деньги на ветер.Пробовала и две ложки с горкой утром на тощак потом вечером добавила,и ни чего!Деньги на ветер от зелёного чая и то эффектна больше","Добрый день! Действительно, дренажный напиток Guarchibao Drainage Liquor разрабатывался для очищения организма, а также обладает деликатным мочегонным эффектом. Однако очень важно понимать разницу между дренажными напитками и прямыми мочегонными средствами. Даже при сохранении привычного режима посещения туалета, при приеме Drainage Liquor меняется состав выводимой жидкости - это шлаки и токсины, накопившиеся во всех органах и тканях. Также обращаем Ваше внимание, что увеличение или уменьшение порций – не путь к достижению результата. Согласно исследованиям, любая перестройка в организме занимает не менее 21 дня. То есть основной эффект Вы сможете оценить спустя 3 недели приема продукта по инструкции! При этом во время курса важно соблюдать правильный питьевой баланс: пить не менее 1-1,5 литров чистой воды в день и ограничить ее потребление за 2-3 часа до сна.  С уважением, команда Guarchibao!"
0,1,colorless,"Всегда беру урбеч из кешью другого производителя ( паста более светлая и очень плотная). Эта паста жидкая и вкус не такой насыщенный и цвет темнее! Есть ощущение, что паста разбавлена и изначалбное ореховое сврье было обжарено! (((( больше не закажу!","Благодарим Вас за обратную связь для нас это Важно. Наша компания производит традиционный урбеч как это делают Аварци уже более 2,5 тыс. лет. В наших продуктах проверенное 100% сырье без каких либо добавок."
0,1,colorless,"Всегда заказывают этот топ,но в этот раз пришёл настолько густой,что покрывать им не возможно.Жаль что не посмотрела отзывы и не провери на пункте выдачи.Контролируйте качество продаваемого товара,слишком много недовольных покупателей.","Здравствуйте! Напишите, пожалуйста, дату производства. Она указана на дне флакона. Мы проведём проверку по данному артикулу. Спасибо Вам за сигнал. "
0,1,colorless,"Выкупила не посмотрев 13.12.19 г заказ и только дома спустя несколько дней увидела, что паста просрочена с 13.11. Где контроль качества!!!? Почему людям просрочку толкают!!! 
Подала заявку в разделе Проверка товара, если не удовлетворят пойду дальше!","Здравствуйте! Ваша заявка рассмотрена и подтверждена. Приносим свои извинения за доставленные неудобства. Осуществить возврат товара можно в любом фирменном пункте самовывоза или с помощью курьера (услуга выезда курьера платная). Денежные средства будут возвращены и отражены на балансе в личном кабинете сразу же после фактической передачи товара сотруднику пункта самовывоза\курьеру (при сдаче товара курьеру денежные средства отобразятся на балансе в течение суток) Если у Вас возникли вопросы о способах и условиях возврата, Вы всегда можете обратиться за консультацией к специалисту компании в разделе Мои обращения Личного кабинета либо по телефону горячей линии. Надеемся, что последующие покупки будут только удачными. Спасибо за обратную связь! С уважением, Wildberries."
0,1,colorless,"Г..но, рвётся... Не понимаю восторженные отзывы.","Добрый день! Нам очень жаль, что товар не оправдал ваших ожиданий. Многочисленные отзывы и наши собственные опыты этим продуктом доказывают, что он качественный и полностью отвечает своим заявленным свойствам, по содержанию и цене, что немаловажно. Ваш отзыв с элементами ненормативной лексики является эмоциональным и безосновательным, показывает грубость и некомпетентность."
0,1,colorless,"Гель не понравился, написано что без липкого слоя, а он с липким и ложиться буграми",
0,1,colorless,"Гель, в котором находятся патчи, вытек из пластиковой баночки. Наверно поэтому он находился в целлофановом пакете. Вряд ли при производстве банку поставили в пакет. Возврат. Прошу не снижать % выкупа","Добрый день. Благодарим Вас за отзыв, и искренне сожалеем о данной ситуации. Примите наши извинения. К сожалению, мы сами не застрахованы от единичных инцидентов повреждения груза в процессе транспортировки. Уверяем, что такие ситуации единичны (это видно из отзывов к нашему товару), рекомендуем сразу проверять целостность коробки и других составляющих товара в пункте выдачи ВБ. Ещё раз, приносим извинения. Попробуйте заказать товар снова, в следующий раз он должен быть целым. Приятного использования!"
0,1,colorless,Говно редкостное. И на вид и на запах,"Оставляем грубость на Вашей совести. На отзывы,  составленные в подобной форме отвечать не будем. Всего Вам доброго."
0,1,colorless,"Горький.Партия от 19 .04.22.До этого брала урбеч из кешью,отличный.","Урбеч с фундуком почти всегда горчит, так же как и с грецким орехом-ну такое у них послевкусие) Предлагаем Вам попробовать нашу новинку-урбеч кокос и манго, артикул 66826050, уж он, точно горчить не будет)"
0,1,colorless,Грустно и невкусно 0/10🥺,"Жаль, что Вам не подошло"
0,1,colorless,"Густой как база ( так не удобен в работе . Брала такой же у другого продавца, мне понравился . Я не рекомендую( на выброс.","Добрый день.
К сожалению, удобство консистенции - субъективный фактор для оценки. Жаль, что вам не подошёл данный продукт. Но мы уверены, что в нашей широкой линейке продуктов вы найдёте удобные для себя материалы."
0,1,colorless,"Давайте говорить честно, пахнут они только в упаковке. НИКАКОГО запаха при горении не будет, максимум первые 10 минут. И что самое интересное: фитиль ужасный!!! Сгорит раньше, чем кончится воск.
Купила потому что увидели хорошие отзывы, но ничего хорошего в товаре нет. Лучше купить обычные и самые дешевые свечи без запаха, хотя бы гореть будут дольше, чем эти!
Больше никогда не куплю и не советую",
0,1,colorless,"Дважды присылали другие имена! Не дали возможности подарить полноценный романтический подарок к мероприятию! Однозначно, не рекомендую!","Добрый день! Спасибо, что сообщили о проблеме. Доставку обеспечивают сотрудники Wildberries. К сожалению, по данному вопросу поставщик не может Вам помочь. Рекомендуем создать заявку в соответствующем разделе личного кабинета. Благодарим за понимание!

С любовью и признательностью, 
Ваша ОптимаБизнес
"
0,1,colorless,"Девочки не берёте это гавно, это обычный лак для ногтей, вы вообще охринели , сами себе репутацию портите","Уточните, что именно Вам не понравилось? Будем рады конструктивной критике."
0,1,colorless,Делали все точно по инструкции. Ничего не выросло,
0,1,colorless,Добрый день! Вайлдберриз что это?!,"Добрый день. Примите наши искренние извинения по поводу брака. Надеемся, протечка не повлияла на качество самого товара, и Вы получите исключительно положительные впечатления от использования наших патчей. Приятного использования!"
0,1,colorless,Добрый день! Семена со вкусом плесени возвращаются? Есть их нельзя!,"Здравствуйте! Сделайте возврат в пункте выдачи. Если это будет сложно, отпишитесь на электронный адрес, указанный на стикере. Заменим. С уважением, команда Healthy Lifestyle."
0,1,colorless,"Добрый день. Пришла паста упакованная в пузырьковую плёнку и пакет. Банка Не повреждена, при открытии был щелчок. Очень вкусная , невероятная 😍 Спасибо , буду брать ещё !","Благодарим за очень позитивный (и весьма справедливый ;-)) отзыв о данной пасте! 
При просмотре комментария наши сотрудники удивились низкой оценке, но Ваши добрые слова для нас гораздо важнее!  "
0,1,colorless,"Дополняю отзыв - никакого спирта не было в составе чистящего средства. Кисть изначально была в плохом состоянии, а после промывки стала ещё хуже. Ворс отвратительный - я не знаю, что в эту козу намешали, но таким колючим ворсом можно оставить царапины на коже, а уж тем более на коже глаз. Это худшая кисть, которая у меня вообще была когда-то, не стоит даже 200 рублей","Еще раз здравствуйте, Анастасия! Мы искренне сожалеем, что Вы разочарованы покупкой кисти.  С уважением, команда LIMONI"
0,1,colorless,"Дополняю отзыв:после каждодневного двухнедельного использования появилось сильное жжение,когда сняла сегодня патчи ужастнулась,кожа вся красная была, я не аллергик и держала до 30 мин максимум!а также они сползают!и кому интересно разберите состав на экоголике,состав ужастный!Разочарована полностью!","Добрый день. Благодарим Вас за отзыв, мнение покупателей очень важно для нас. Искренне сожалеем о ситуации с аллергией. Состав товара опубликован в свободном доступе и не скрывается. Перед заказом, при аллергии на какие-либо компоненты, обязательно изучайте подробную информацию во избежание таких инцидентов. Все характеристики товара отражены в его карточке."
0,1,colorless,Дрянь ужасная!,
0,1,colorless,Ерунда! Зря потраченные деньги ! Повелась на отзывы (,"Добрый день! Положительные комментарии оставляют люди, которые уже попробовали наши продукты и убедились в их эффективности. Однако организм каждого человека индивидуален. И для того, чтобы сделать правильные выводы, нужно понимать какие цели изначально Вы перед собой ставили. Дренажный напиток Guarchibao Drainage Liquor направлен в первую очередь на выведение лишней жидкости и токсинов, за счет этого – уменьшение отеков и объёмов тела. К тому же, согласно исследованиям, любая перестройка в организме занимает не менее 21 дня. То есть результаты вы сможете оценить только спустя 3 недели приема! Также эффективность дренажного напитка во многом зависит от правильности приема и соблюдения питьевого баланса. С уважением, команда Guarchibao!"
0,1,colorless,"Ерунда.месяц прошел,толку ноль",
0,1,colorless,"Если судить по фото в отзывах кому то реально приходит нормальный чай.
На самом деле фасуют что попало и участвовать в этой лотерее не очень хочется, то что мне пришло это ни то что низший сорт, это похоже то что с пола подмели, какие-то мелкие шарики с ветками половина которых не раскрывается даже в 100°С кипятке, не говоря уже о 90°С как рекомендуется заваривать этот чай. Надпись на пачке кстати гласит (Высш. кат.) даже не знаю как теперь расшифровывать это сокращение. К покупке не рекомендую.","Михаил, добрый день! Мы были бы рады, если бы Вы приложили фото. Нам жаль, что чай не пришелся Вам по душе. Мы обязательно проведем проверку по продукту. Спасибо за обратную связь! "
0,1,colorless,Еще и заржавел(,
0,1,colorless,"Ждала это мыло 3 недели. И не дождалась. В пункт выдачи заказ так и не пришел, а на сайте оформили, как возврат. Обидно.","Нам искренне жаль, что Вам не доставили товар. Надеемся в дальнейшем магазин будет внимательнее относиться к качеству оказываемых услуг."
0,1,colorless,"Жуткое разочарование, обман! Просто земля в упаковке, пакет для семён пустой, причём вскрыт не был!!!","Добрый день. Примите извинения за доставленные неудобства. На упаковке указаны контакты производителя. Напишите нам, мы заменим товар."
0,1,colorless,"Забрала, принесла домой, и офигела.... Упакована была в несколько слоев пупырки, и спаяный пакет. Сняв пупырку, увидев, что все в пасте, открываю дальше, на фото видно, вздутая крышка. Как оказалось, под ней из фольги крышка вскрытая, отогнув её, обнаружила пасты только пол банки. Поставила на весы 164гр с упаковкой!!!! Относить на возврат не стала из-за 115 руб. Буду на выпечку использовать. Претензия, конечно, не к производителю, а к WB","Добрый день, нам очень жаль. Производитель полностью компенсирует поврежденный при доставке товар, но необходимо обращаться через личный кабинет инцидент на Вайлдберриз, в отзывах подобные вопросы мы рассмотреть не можем."
0,1,colorless,"Заказала 2 бутылочки, одну себе, другую сестре, к одной бутылке не прилагался мерный стаканчик, очень неприятно!!! Расстроили неполным комплектом! Так не делается(((","Добрый день! 
Нам очень жаль, что к вам приехала бутылка без колпачка(( видимо, потерялась при транспортировке. Очень надеемся, что такого больше не произойдет. Чтобы отмерять необходимое количество, используйте пожалуйста чайную ложку. Так или иначе, в бутылке продукта меньше не станет и использовав весь продукт, компоненты должны оказать нужное действие.
С уважением, команда SteelPower)"
0,1,colorless,"Заказала 2 пачки , ранее привозила себе эту омегу с севера, пришли обе пачки просроченные : одна до сент 2022, вторая до ноября 2022",
0,1,colorless,"Заказала две пачки салфеток, на пункте выдачи получила, завернутыми в пакет( фото 1). Дома обнаружила, что салфетками кто -то удачно попользовался и вложил обратно в пачки( фото 2). Омерзительно! Не советую не сами салфетки, а данного продавца!",
0,1,colorless,"Заказала насадки RL10, а пришли RL30, поменяйте насадки!!! Что за ерунда, как осуществить замену? ","Добрый день! Уважаемый пользователь. Компания Revyline искренне сожалеет о том, что Вам пришлось столкнуться с такой неприятной ситуацией. Произошла  техническая ошибка, обратитесь пожалуйста в наш сервисный центр по номеру телефону 8(800)775-38-49, что бы решим вопрос обменом."
0,1,colorless,"Заказали этот корм на двоих с подругой.
Моя Муська не ест, ее кот не ест....
Угостила соседских  2 -х  котов, тоже есть не стали.",
0,1,colorless,"Заказывала на подарок, своих денег он не стоит, внутри были 2 пластиковых стаканчика, 2 палочки деревянные,  1 ложечка мерная и 2 сухих вещества. Сделали все как написано в инструкции, эффекта никакого не было. Развод на деньги, не берите его!!!",
0,1,colorless,"Заказываю второй раз. Первый раз получила всё в целости и сохранности. Патчи понравились. Во второй раз пришла коробочка без жидкости
 Всё пролилось и размазалось по пакетику. Больше заказывать не буду. Никогда.",
0,1,colorless,"Закалывал две упаковки , одна норм , другая открытая и полу пустая, бессовестные",
0,1,colorless,"Запах очень приятный, но вода пришла почти пустая( флакон весь поцарапанный (",
0,1,colorless,"Запах приятный, но толку никакого от него. Волосы как пакля",
0,1,colorless,"Запах просто жесть, как вонючие носки которые забыли в углу на месяц. Растворяется плохо, что с молоком, что с водой, во рту как песок... Может с другими вкусами дела обстоят иначе, но что-то больше нет желания брать той фирмы что либо","Здравствуйте! Очень жаль, что этот вкус вам не подошел. Надеемся, другие вкусы вам понравятся больше. Спасибо, что выбрали нашу продукцию!"
0,1,colorless,"Запах химозный.уверена, пользы ноль. Натуральности никакой нет.",
0,1,colorless,"Заявлено,что 5 масок, пришла одна","Добрый день. Всегда проверяйте целостность комплектации в пункте выдачи товара. Убедительная просьба не снижать рейтинг товара, так как на центральный склад Вайлдбериз товар поставляется в полной комплектации и это проверяет сам лично поставщик, отгрузку и доставку товара до конечного потребителя отследить мы уже не можем. В случае не корректного вложения Вы всегда можете отказаться от товара."
0,1,colorless,"Звездочка вьетнамская... больше ничего не чувствую. И выветривался, и отстоялся, но никакого табака, ванили, косточек вишни нет. Все перебивает звездочка. ",
0,1,colorless,"Зря не проверил на пункте выдачи! Внутри оказалось все навалено, чашка Петри расколота, фильтровальную бумагу вообще не положили. Вообщем кошмар и ужас","Добрый день. Приносим извинения за причиненные неудобства. Нам очень жаль, что вам достался такой товар. Это очень неприятно получить брак. Вы можете вернуть товар или заказать замену. Надеемся, магазин не станет учитывать его в проценте выкупа."
0,1,colorless,"Зубной порошок просто ужасный. От него воняет какой-то химией или цементом каким-то, даже не знаю чем. Брала чистить съёмные брекеты для ребенка. Чистит плохо. До этого был более дорогой порошок другого производителя, так что есть с чем сравнивать. Зубы я бы таким порошком кошмарным чистить не стала. В итоге выкинула.",
0,1,colorless,И мне вместо 500 гр пришло 100 гр. Рассчитано на невнимательность покупателя? Естественно отказ.,"Приветствуем, скорее всего ошибка  ВБ , такого не должно быть."
0,1,colorless,"И мне пришла просрочка. Чья вина, производителя или магазина?","Здравствуйте! Пожалуйста, примите наши извинения. Нам очень жаль, что Вы столкнулись с такой ситуацией.  Благодарим, что Вы не оставили без внимания и сообщили нам. Партия товара на складе будет проверена. Надеемся, что последующие заказы в интернет-магазине принесут Вам только положительные впечатления. С уважением, интернет-магазин Wildberries."
0,1,colorless,И у меня пардон понос весь день от глотка данного молока,
0,1,colorless,"И я сегодня получила просроченную пасту. Срок истек еще в октябре. Эй, работники магазина, зачем Вы здесь извинения пишите и обещаете проверку всей партии товара, если ничего этого не делается? Как Вам не стыдно! Я в следующий раз эту пасту вместе с чеком и жалобой отправлю в Роспотребнадзор, пусть Вас оштрафуют на пару миллионов. Позорище!!!",
0,1,colorless,"Из 24 шт в комплекте было всего 12 шт. Упаковка была сбоку порвана по шву, поэтому не обратила внимания. Не думала что магниты надо пересчитывать прямо в пункте выдачи.","Здравствуйте! В данном разделе вам отвечает производитель. К сожалению, мы не обладаем возможностью влиять на качество и сроки доставки товара. В сезон повышенного спроса (в период праздников) могут быть осложнения. Пожалуйста, проверяйте товары непосредственно при получении. Вы также можете связаться непосредственно с Wildberries через форму обратной связи или соцсети. С уважением, ГК АНДАНТЕ. P.S. Ваши оценки влияют только на рейтинг товара, а не на доставку. Вряд ли стоит давать плохую оценку. Лучше не забирать товар и перезаказать его. "
0,1,colorless,Из 4 пришли 2....зачем так....????,"Добрый день, Оксана! Мы сожалеем, что Вы разочарованы покупкой товара. К сожалению, после передачи товара на склад Wildberries поставщик не может контролировать условия хранения и дальнейшую транспортировку товара. Мы всегда настоятельно рекомендуем внимательно проверять заказ при получении на наличии брака, неполной комплектации и срока годности товара. Рекомендуем обратиться в поддержку Wildberries. Оперативное рассмотрение подобных ситуаций гарантировано, если обращение оформлено в Профиле «Мои обращения». Напоминаем, что в отзывах оценивается товар и его характеристики. Пишите, если остались вопросы, постараемся помочь."
0,1,colorless,"Из всех патчий которые я покупала, эти худшие. Тонкие, наполнение мало и жидкое. верхние патчи сохнут. Эффекта ни какого не заметила.","Добрый день. Благодарим за Ваш отзыв, мнение покупателей очень важно для нас. У средства накопительный эффект, выраженное действие возникнет при регулярном и систематическом применении, - от двух-трёх недель. Также, рекомендуем обратить внимание и на другие продукты бренда: например, у нас есть прекрасные тканевые патчи с цветками золотого османтуса. Возможно, такой формат патчей Вам понравится больше. Приятного использования и удачных покупок!"
0,1,colorless,"Из двух заказанных, одна пачка была упакована в коробку, вторая - в пакет. В пакете пачка сломана и только 3 пластинки, вместо 8-ми.","Добрый день, Елена! Благодарим за обратную связь по заказу. Нам очень жаль, что Вы получили заказ в подобном виде. Со склада АСНА на склад маркетплейса товар отгружается в надлежащем виде и полной комплектации, вероятно, Вы получили бад после получения недобросовестным покупателем. При получении заказа Вы всегда рекомендуем проверять товар на ПВЗ, Вы можете попробовать оформить возврат товара через личный кабинет и через ПВЗ. С заботой о Вас, команда АСНА."
0,1,colorless,Использую уже 2 недели. Эффекта 0. Больше не буду покупать их.,"Добрый день. Спасибо за Ваш отзыв. Нам искренне жаль, что товар не оправдал Ваших ожиданий. Не расстраивайтесь, в нашем бренде есть товары других категорий, которые вам могут быть по душе. Приятных покупок."
0,1,colorless,"Испортился, а раньше очень нравился.","Добрый день! Спасибо, что выбрали нашу продукцию и нашли время оставить отзыв!  Нам очень жаль, что наш товар не оправдал Ваши ожидания :( Ждем Вас, чтобы решить проблему! С любовью, команда бренда группы компаний Mamabrands"
0,1,colorless,"Истёк срок годности, прошу не учитывать процент выкупа!","Здравствуйте. Примите наши извинения, что Вам был доставлен товар с истекшим сроком годности. Такие случаи, конечно, недопустимы. Заявка на проверку товара рассмотрена. Данная позиция не будет учитываться в расчете процента выкупа. Партия товара будет проверена на складе. С нашей стороны обязательно будут приняты соответствующие меры. Будем стараться, чтобы последующие заказы в интернет-магазине приносили Вам только положительные впечатления. С уважением, Wildberries."
0,1,colorless,"К продукции, мед с живицей, были приложены фото, где показано, что в баночке пустоты, теперь фото удалены и не только мои:((, видимо производителю не нравятся подобные ситуации:((, будем делать вывод, к счастью здесь много производителей, данной продукции, будем заказывать у них!!",
0,1,colorless,К сожалению не вкусно. от слова совсем((,
0,1,colorless,"К сожалению не могу ее есть, жидкая и самая невкусная паста из всех, что пробовала. Даже если как следует перемешать, во рту ощущение, что будто просто масло ешь",
0,1,colorless,"К сожалению пришел погнутый, для работы не пригоден",
0,1,colorless,"К сожалению, высушил губы за 2 раза использования до абсолютно белого цвета и ""пергаментной"" кожи ((( внимательно читала отзывы, состав перед тем, как сделать выбор - и такое разочарование (( и у сына то же самое - губка трескалась, покупала ""заживить"" - ещё больше сухости.",
0,1,colorless,К стеклу присоски не хотят липнуть.,"Добрый день! Нам очень жаль, что товар не оправдал ваших ожиданий. Многочисленные отзывы и наши собственные опыты этим продуктом доказывают, что он качественный и полностью отвечает своим заявленным свойствам, по содержанию и цене, что немаловажно. Попробуйте подержать присоски у работающего фена, они нагреются и будут хорошо держаться. Предлагаем обратить внимание на другие термометры бренда GARDEN SHOW: GARDEN SHOW / Термометр уличный оконный на липучке без ртути Солнечный зонтик Артикул: 9843096, GARDEN SHOW / Термометр комнатный, светлое дерево. Артикул: 9845563, GARDEN SHOW / Термометр оконный биметаллический квадратный в пакете Артикул: 12710502GARDEN SHOW / Термометр оконный ""божья коровка"" 160x155мм Артикул: 9845562, GARDEN SHOW / Термометр оконный ""пчелка"" Артикул: 8048674. Хороших покупок!"
0,1,colorless,Как на вкус незнаю. Курьер доставил пасту в жутком состоянии. Неужели при формированиии доставки не видно состояние товара? Зачем такое доставлять?! Не очень приятно. Оформила возврат!,"Добрый день. Нам очень жаль, но помочь в отзывах не возможно. Просим создавать обращение на возврат через личный кабинет."
0,1,colorless,"Как так??? Куда делась вся начинка? Просто в шоке!!! знаю как должно быть, а тут просто...нет комментариев!!! Больше не закажу",Добрый день! Начинка в шоколаде распределяется равномерно. Выясним обязательно на производстве по вашему случаю.
0,1,colorless,"Как это называется, всего 7 магнитов, и даже не из одной сказки.","Здравствуйте! В данном разделе вам отвечает производитель. К сожалению, мы не обладаем возможностью влиять на качество и сроки доставки товара. В сезон повышенного спроса (в период праздников) могут быть осложнения. Пожалуйста, проверяйте товары непосредственно при получении. Вы также можете связаться непосредственно с Wildberries через форму обратной связи или соцсети. С уважением, ГК АНДАНТЕ. P.S. Ваши оценки влияют только на рейтинг товара, а не на доставку. Вряд ли стоит давать плохую оценку. Лучше не забирать товар и перезаказать его. "
0,1,colorless,Как я могу вернуть свои деньги и ваш неликвид?,
0,1,colorless,Как я писала ранее что база ужасна !На 3й день слезает пленкой .Вообще у меня такое впервые .,
0,1,colorless,"Качество изменилось по сравнению с тем, которое я покупал в супермаркетах.  Протеин даже не похож на вкус клубники, а порошок выглядит по-другому.",
0,1,colorless,"Качество не соответствует заявленному. Совсем не то, что на фото продавца, присмотритесь: слева - фото с сайта, справа - фото полученного товара. Плюс ко всему (точнее, минус)))))- края неровные, местами острые, металл на срезе тёмный, неоднородный. Не понимаю, когда пишут хвалебные отзывы, если на самом деле ""не то пальто""...","Добрый день! Спасибо, что сообщили о проблеме. Мы полностью отвечаем за качество продукта в первичной упаковке. 
Доставка и возврат производится за счет поставщика, поэтому у Вас есть возможность выбрать подходящий товар или вернуть его, если качество Вас не устроило. Дабы не возникли проблемы с возвратом, рекомендуем проверять вложения сразу на пункте выдачи.

С любовью и пониманием, Ваша ОптимаБизнес
"
0,1,colorless,"Кислит, горчит, очень жидкий, состав не указан! Привкус старых орехов! Вообще все, что могло быть плохо, все в комплексе!","зайдите в карточку продукта и прочитайте всё, что Вас интересует"
0,1,colorless,"Когда заказывала этот шампунь, в карточке товара не было полного состава, но производитель утверждал, что в шампуне нет синтетических отдушек и резкого аромата. После покупки обнаружила парфюм в составе, указанном на флаконе шампуня. При вскрытии флакона, в процессе мытья волос и даже после высыхания волос чувствуется сильная парфюмерная отдушка. Шампунь хорошо промывает волосы, но из-за сильной синтетической отдушки этот шампунь нельзя использовать аллергикам и астматикам. Деньги на ветер.","Здравствуйте.

Ситуация крайне странная и неприятная для нас. Будьте добры, если Вас не затруднит, прикрепите фото состава с вашей бутылки. И если получится, чтобы в кадре присутствовал артикул или штрих-код. Будем разбираться, если действительно все так, как Вы описываете."
0,1,colorless,"Когда открыли банку, то увидели товар в таком виде.","Добрый день! По фото видно, что это брак производства. Плохо пропаяна мембрана. Если хотите заменим. Отпишитесь на почту, указанную на стикере. С уважением, команда Healthy Lifestyle."
0,1,colorless,Колесико и боковые кнопки крайне плохие. В принципе что еще ожидать от мыши за 300 руб.,
0,1,colorless,Количество - 11 штук. Брак. Зря потраченные деньги. Не рекомендую!,"Здравствуйте! Нам искренне жаль, что так получилось. Человеческий фактор - всегда огромная проблема. На упаковке есть наши контакты. Напишите, пожалуйста, нам, и мы обязательно вышлем вам недостающие детали с извинениями. С уважением, ГК АНДАНТЕ"
0,1,colorless,"Кора хорошая!
Но!!! Пакет в разорванном виде, низ на скотче, из 3-х литров заказанной коры, пришла половина.
Безобразие! И разочарование!","Здравствуйте. Благодарим за отзыв! Вероятно, данная неприятная ситуация могла произойти при вскрытии коробки на складе Wildberries, а конкретно - случайно порезали упаковку и не внимательно отнеслись к сборке заказа. Грунт Green Garden Pro для орхидей не содержит патогенной флоры, так как мы работаем только с проверенными поставщиками сырья, также он фасуется будучи исключительно сухим и без насекомых. Так или иначе мы надеемся, что дальнейшие покупки продукции Green Garden Pro принесут Вам только положительные эмоции!"
0,1,colorless,"Кораллы не выросли  ,не было пипеток (","Здравствуйте! На очень жаль, что вам доставили некачественный товар. Рекомендуем вам создать заявку через личный кабинет, чтобы оперативно урегулировать данную ситуацию.
"
0,1,colorless,"Корм прекрасный к нему претензий ,состав великолепный !
Заказываю регулярно .Но в этот раз пришлось платить доставку 200₽ 
Корм я естественно выкупила .
Причину платной доставки в пункте самовывоза мне объяснить не смогли, операторы игнориют сообщения в мессенджерах ,линия вечно занята ,может хоть тут заметят !
P.S.
Мой процент выкупа равен 100%

Если каждый раз придётся платить не понятную доставку ,буду вынуждена отказаться от данного корма и wildberries в целом !","Здравствуйте. На момент оформления заказа Ваш процент выкупа составлял 0%, именно поэтому доставка на пункт самовывоза платная. По условиям работы нашего интернет -магазина начиная со второго заказа доставка на пункт самовывоза бесплатная, если Ваш процент выкупа составляет 20% и более. Благодарим за понимание.С уважением, интернет-магазин Wildberries."
0,1,colorless,"Корм хороший, но при транспортировке треснула одна из банок",
0,1,colorless,"Коробка грязная ,мятая лупа в открытом пакете. Вся грязная. Противно в руки брать! Стекло все мутное. Отказалась. Сняли с карты 75 рублей,",
0,1,colorless,"Коробка от лупы была немного примята,хотя с лупой все ок.
Теперь о самом товаре:лупа явно не имеет 6 кратного увеличения, есть с чем сравнивать. Есть у меня лупа с 3.5 кратным увеличением, она и то лучше увеличивает.",
0,1,colorless,Коробка пришла вскрыта. Больше половины пакетов вздуты. Проверяйте прежде чем покупать. Уже вторая подряд приходит со вздутыми пакетами. Первую купил только дома обнаружил.,
0,1,colorless,"Коробка рваная, ручка тормоза сломана(","Добрый день! Спасибо, что нашли время оставить отзыв о покупке! Сожалеем, что заказ доставили Вам поврежденным. Мы отправляем товары в полной комплектации и в качественной упаковке. Увы, продавец не может проконтролировать дальнейшую сборку, доставку и выдачу заказа покупателю, т.к. эти этапы входят в зону ответственности интернет-площадки ВБ. Поэтому товары не всегда доходят в первоначальном виде. Рекомендуем проверять целостность и комплектацию при получении. "
0,1,colorless,"Коробочка пришла деформированная вся, и мокрая изнутри - видимо, содержимое вытекло. отказ, конечно. Прошу учесть при определении % выкупа","Добрый день. Сожалеем о данной ситуации. Мы поставляем товар в идеальном состоянии. Наши специалисты проверяют каждую единицу товара. К сожалению, мы не можем контролировать службы доставки и хранения товара до конечного потребителя. Нам искренне жаль, что вы не получили товар в надлежащем виде. Не расстраивайтесь, попробуйте заказать товар еще раз."
0,1,colorless,"Кости, жилы, трахеите а вот мясо не нашла. Взяла впервые попробовать тушенку из курицы и больше даже не хочу","Добрый день. Спасибо за ваш отзыв. Данная продукция производится по ГОСТу из тушек, допускается небольшое количество костей. Но, жилы и трахеи в тушках мяса птицы точно отсутствуют."
0,1,colorless,Кофе в другой упаковке.,"Добрый день! Мы постепенно переходим на новый дизайн упаковки зернового кофе.
Не смотря на изменения, кофе по прежнему останется вкусный и ароматный. Спасибо, что выбираете нас! С теплом, ваши 9БАРКОФЕ."
0,1,colorless,"Кофе просроченный на год, дата изготовления 21.06.2020","Здравствуйте. Спасибо за Ваш отзыв, ваше мнение очень важно для нас, ведь благодаря вам мы становимся лучше С уважением, UNITY COFFEE."
0,1,colorless,"Кофе старый...Дата производства:17.12.2019 На момент получения:3.08.2020 ему 7 с лишним Месяцев.Извините,но Кофе-Не Коньяк!Он со временем Не Становится!!Лучше.И к тому же упаковка Мятая!,настолько-что есть даже трещины на сгибах!!,куда проникает воздух!Упаковка-как Дуршлаг ..Это просто не допустимо!Варил в турке-аромата Нет!в принципе..Вкус так же слабый!!!Сам кофе хороший..Но Старый!,и Нарушена Упаковка!",
0,1,colorless,"Красивый как декор, к жизни совершенно непригоден. Не прошло и недели, а он уже скололся и слез. Испытание водой не прошел: после первого заплыва в пресном озере спросто сполз с ногтей пленкой. Что примечательно, наносила на родную камуфлирующую базу в один слой,но и с ней он не сдюжил.",
0,1,colorless,"Кроме того что волос стал сухой , других изменений не произошло. 
   Делал в первые и по инструкции 
  Волос светло-русый выгоревший на солнце с проблесками седины. 
      Цвет  шампуни ( платиновый- блондин)  Нанёс вечером на 20 мин , подождал до утра результата не увидел, повторил утром с выдержкой 30 мин. Результата нет.",
0,1,colorless,"Купила 2 книги из этой серии , хотя внешне и названия у книг разные , книги совершенно одинаковые , подала заявку на возврат одной из книг , но заяку отклонили так как книгу возврату не подлежат , получается если товар с браком его обратно не принимают","Здравствуйте! Эти книги не входят в одну серию, в этом Вы можете убедиться, сравнив художественное оформление обложек. Внутренний блок книг, действительно, одинаковый, что браком не является – просто книга выпускается в двух разных обложках. Но мы обязательно указываем содержание в разделе иллюстраций, чтобы покупатель не запутался."
0,1,colorless,"Купила и не посмотрела содержимое, лежала коробочка до праздника, в и тоге подарила человеку, а семян там не было","Добрый день! Примите извинения за доставленные неудобства. На упаковке указаны контакты производителя. Напишите нам, мы заменим товар."
0,1,colorless,Купила сегодня принесла домой а срок у одной банки до 7 февраля этого года а у второй вышел 13 ноября 2019ого года!!!! Это ужас!,
0,1,colorless,Купила стакан земли! Семена отсутствуют.,"Здравствуйте! На очень жаль, что вам доставили некачественный товар. Рекомендуем вам создать заявку через личный кабинет, чтобы оперативно урегулировать данную ситуацию."
0,1,colorless,"ЛИЧНО ДЛЯ МЕНЯ - ГАДОСТЬ ПЕРВОСТАТЕЙНАЯ И - ДЕНЬГИ НА ВЕТЕР!!!
ЭТО --- ОЧЕНЬ-ОЧЕНЬ ГУСТОЙ КЛЕЙСТЕР, СВАРЕННЫЙ ИЗ КРАХМАЛА И АГРОМАДНОГО КОЛИЧЕСТВА САХАРА С СОВЕРШЕННО МИЗЕРНЫМ ДОБАВЛЕНИЕМ ИЗМЕЛЬЧЁННЫХ ОРЕХОВ!!!
ЭТОТ ЗАГУСТЕВШИЙ ОЧЕНЬ СЛАДКИЙ КРАХМАЛ - ПОРЕЗАН НА КУСОЧКИ И ЩЕДРО ОБСЫПАН САХАРНОЙ ПУДРОЙ.
КУСОЧКОВ - ДОВОЛЬНО МАЛО, ТАК КАК КЛЕЙСТЕР - ВЛАЖНЫЙ ВНУТРИ И - ТЯЖЁЛЫЙ! - ЛИПНЕТ К ЗУБАМ, А ВКУС - ПРОСТО ТУПО СЛАДКИЙ!))
С НАШИМ МАРМЕЛАДОМ - ЭТА ГАДОСТЬ НИ В КАКОЕ СРАВНЕНИЕ НЕ ИДЁТ!!! - ПРОСТО РЕАЛЬНАЯ ГАДОСТЬ!
ВЫКУПИЛА ЕЩЁ И ТУРЕЦКОГО ПРОИЗВОДСТВА КОРОБКУ, - ТАКАЯ ЖЕ ***, ТОЛЬКО ЧУТЬ МЕНЕЕ ПРИТОРНАЯ И ПЕРЕСЫПАНЫ МАЛЕНЬКИЕ КУБИКИ НЕ САХАРНОЙ ПУДРОЙ, А - КРАХМАЛОМ.
МНЕ ОЧЕНЬ ЖАЛЬ, ЧТО Я ИМЕННО ЭТО ... - ЗАКАЗАЛА КО ДНЮ РОЖДЕНИЯ!
ПРОСТО ЛЮБЫЕ НАШИ КОНФЕТЫ - В 1.000.000.000 РАЗ! - ЛУЧШЕ, ВКУСНЕЕ!!!
ХВАТИЛО ЭТОЙ ПРОБЫ - НА ВСЮ ЖИЗНЬ)) - БОЛЬШЕ НИКАКИХ ЭКСПЕРИМЕНТОВ С СОМНИТЕЛЬНЫМ ЗАМОРСКИМИ СЛАДОСТЯМИ!
Я-ТО ДУМАЛА, ЧТО У НИХ - ФРУКТОВЫЙ ВКУС БУДЕТ!
ПРОВЕРИЛА ПРОДАЖНЫМ ОТЗЫВАМ!)) 👎👎👎",Очень сожалеем что Вам не понравился наш продукт(((
0,1,colorless,Линяет хлеще чем хаски перед летом. И это при том что узел старался не мочить. Не берите,
0,1,colorless,"Ложится база хорошо, но не держится, от слова совсем.",
0,1,colorless,Ложке нет ????стакани  сломан .,
0,1,colorless,"Лупа как будто была в использование , ручка поцарапана , изображение размытое , отказ .",
0,1,colorless,Люди не берите обман!вместо 220х240  пришёл 1.5х200!по отзывам я так поняла вернуть будет невозможно! А так матерьял хороший!но на душе осадок!купила в подарок!,"Добрый день, уважаемый клиент, спасибо Вам за оценку нашей продукции, мы сожалеем, что не оправдали Ваши ожидания. Если Вам пришел товар несоответствующий указанным характеристикам, просьба написать нам на почту, которая указана на упаковке изделия. С уважением, компания ООО ""Альфа-Трейд""
"
0,1,colorless,"Маску не доложили,как и во многих отзывах.Производитель,я не собираюсь взвешивать маску,как вы это предлагаете сделать?ложечкой достать маску, а потом положить обратно?Пусть этим занимается отдел качества,а не покупатели.И так видно,что пол банки нет.Больше у вас ничего не закажу","Здравствуйте, Алия! Благодарим за обратную связь о Вашей покупке регенерирующей маски Skin Helpers. Наполнение 50 мл в данную банку визуально должно доходить до плеча, где начинается резьба для накручивания крышки. Технологически полное наполнение до края бортов невозможно, так как в комплекте с крышкой должна присутствовать пластиковая прокладка, которая опускается приблизительно на половину высоты резьбы банки. Желаем Вам приятных покупок и отличного настроения."
0,1,colorless,"Масло совершенно безвкусное, похоже на рафинированное. И рядом не стояло с горчичным","Здравствуйте! Благодарим вас за отзыв. Нам очень жаль, что вам не удалось оценить по достоинству вкус и качество горчичного масла нашего производства. Все наши масла нерафинированные, холодного отжима что позволяет сохранить максимум полезных веществ. Если вы предпочитаете ярко-выраженный вкус и запах, то вам скорее подойдут рафинированные масла. Надеемся, что дальнейшие покупки принесут вам исключительно положительные эмоции.  С уважением, Житница здоровья. "
0,1,colorless,Мастихина не было в заказе.,"Здравствуйте! Благодарим за обратную связь. От лица компании приносим свои извинения. В настоящее время специалист Контактного центра разбирается в возникшей ситуации. Ответ будет предоставлен Вам на электронную почту. Хотим также обратить Ваше внимание, что оперативное рассмотрение подобных ситуаций гарантировано, если обращение оформлено в Профиле «Мои обращения». Надеемся, что нам удастся сгладить неприятное впечатление от обслуживания в нашем магазине и вернуть Ваше хорошее расположение. С уважением, интернет - магазин Wildberries."
0,1,colorless,Мне в коробке от товара пришёл совершенного другой продукт!!!,"Здравствуйте! Нам очень жаль, что с Вашей покупкой произошла такая ситуация. На лицо недобросовестная работа сотрудников Вайлдберриз. Мы прикладываем очень много усилий, чтобы наши покупатели были довольны. Перед отправкой на маркетплейс каждый товар тщательно проверяется на комплектность, сроки годности и видимый брак.  Но, к сожалению, мы не можем проконтролировать доставку от склада до конечного потребителя.  И если вы получили ошибочный товар, товар в ненадлежащем виде, вскрытый, сломанный, в поврежденной  или отсутствующей упаковке то нашей вины в этом нет, и товар в этом не виноват. Очень просим такой товар возвращать или обращаться с жалобой в клиентский сервис маркетплейса! Снижая оценку товару, Вы никак не влияете на качество доставки. "
