nmId,productValuation,color,text,answer
0,4,"белый, бордовый, желтый","Конверт хороший, по мне так он маломерит, надеюсь малыш влезет, и ещё замечание производителю, нужно что-то с мехом сделать вдоль замка, А-то попадает в молнию и от этого плохо застегнуть и расстегнуть. Выкупила, так пришёл без брака, выглядит также красиво как на картинке",
10003209,5,белый,Аромат приятный. Упаковка 👍🏻. Спасибо!,"Добрый день! Спасибо за отзыв и доверие товарам Rossinka. Рекомендуем также попробовать наше увлажняющее жидкое мыло с экстрактом подорожника и разнообразным выбором натуральных ароматов арт. 43223648, 43237744, 43239027,  40658993, 40708735"
0,2,,"У меня раздражние появилось после них, жжение и кожа покраснела под патчами😬",
0,2,синий,"Купила за 19 рублей, проверить не могу, так как нет трансформатора который нужно отдельно покупать, а он стоит 18 рублей. В итоге не дёшево, увы.","Добрый день!

Мы выражаем Вам свою признательность за Ваш отзыв в отношении качества продукции и надеемся, что продукция компании Linkgroup не разочарует вас в дальнейшем.
Отзывы наших покупателей о продукции чрезвычайно важны для нашей компании, поскольку Linkgroup ведет постоянную работу по совершенствованию своей продукции и сервисной политики с учетом мнений наших клиентов.

С уважением, команда Linkgroup!"
0,2,"голубой, синий","Цвет намного бледнее, чем на фото. Очень разочаровал комплект(((( За такую сумму можно и получше найти, всем советую поискать! На наволочках облака, но это не так страшно. Просто очень бледные дельфины и рыбки, как будто десять раз постиранный((((",
0,3,хаки,"Заказывала на подарок ,но пока дома рассматривала товар кнопки отпали ((((( Подарок испорчен (((  Плед сам по себе хороший !Очень жаль качество кнопок плохое !","Здравствуйте! Нам искренне жаль, что Вы столкнулись с такой ситуацией. Процент брака есть у любого производителя и от него, к сожалению, не застрахован никто.  Подобное –  редкость. Мы проведем тщательную проверку контроля качества. "
10002460,4,коричневый,"Ткань приятная к телу, по мне 46 на 46 облегает фигуру, мне такое облегание ни к чему, поэтому взяла 48, чуть свободнее, зато прилично. И в пир и в мир. Цвет в размере 46 ярче чем в 48, жаль, но всё равно взяла.",
0,3,"черный, серебристый, белый","Очень красят носки. Хорошо, что купила со скидкой, а то совсем бы расстроилась.",
0,5,серый,"Толстовка утепленная, мягкая, приятная к телу, но под высокие штаны, коротковата. Смотрится отлично, молодежно.",
0,1,оранжевый,Доставка 3 недели брать больше не буду,"Здравствуйте! Нам очень важно, чтобы наши товары оставляли хорошие впечатления у наших покупателей. Сожалеем о произошедшей ситуации с доставкой товара. Приносим извинения за задержку. Сроки доставки не зависят от нас, мы не можем на них повлиять. Надеемся, другие покупки в нашем магазине принесут Вам только положительные эмоции."
0,3,баклажановый,"Через месяц водолазка скаталась,несмотря на правильный уход",
0,5,черный,Просто отличная! за такие деньги,"Здравствуйте!
Благодарим, что Вы выбрали бренд ЭРА и оставили теплый отзыв.
Ждём Вас снова за покупками!
С уважением, клиентский сервис."
10001475,3,черный,"Сапоги на полную ногу. Удобная колодка. Отлично подойдут на полные ноги, т.к. голенище широкое - 41 -42 см (плюс резинка). Качество кожи не понравилось, тонкая, морщинистая, дешевая. Каблук из легкого пластика, полый. Как долго продержится такой каблук на зимней обуви? Цена завышена. Жаль, что такое плохое качество, ведь так трудно найти классическую модель с широким голенищем.",
0,5,серый,Все соответствует,
0,1,черный,И снова вместо 13 размера приходит 14. Что за ерунда ?,"Проблему еще не устранили на складе, после нашего и вашего заявления. Сожалеем."
0,5,оранжевый,Отличный круг,"Здравствуйте, дорогой покупатель! Примите нашу благодарность за отличный отзыв и внимание к нашей работе. Мы рады, что у Вас осталось положительное впечатление от нашего товара! Будем рады видеть Вас снова! Чтобы просмотреть весь ассортимент нашего магазина, Вы можете перейти по ссылке: https://www.wildberries.ru/seller/16105 
С Уважением, официальный магазин производителя брендов ""Ресанта"", ""Вихрь"", ""Huter"", ""Eurolux"".
"
0,5,,Хорошая соль. Запах обалденный.  Будем ещё заказывать,Спасибо за положительный отзыв! Благодарим за Ваш выбор!
0,3,розовый,"Цвет куртки очень красивый, но по размеру не подошло. Да и качество не очень. Сразу промокнет, если дождь пойдёт.",
0,2,серый,"Первый раз вижу, чтобы ткань на пастельном белье скатывалась в мелкую катышку!!!!!! Спать очень противно.",
0,1,colorless,"Вот в таком состоянии пришла моя арахисовая паста,поэтому и звезда 1.","Добрый день, производитель не занимается доставкой. У Вас есть 24 часа на проверку и вкладка в личном кабинете для направления претензии."
0,4,colorless,"Шумный ,греется ,сколько проработает не знаю","Здравствуйте! Нам жаль, что товар вам не подошёл. У нас большой ассортимент, уверены вы найдёте что-то для себя. Надеемся следующий заказ вас порадует.Чтобы просмотреть весь ассортимент нашего магазина, Вы можете перейти по ссылке:
https://www.wildberries.ru/seller/16105
С Уважением, официальный магазин производителя брендов ""Ресанта"", ""Вихрь"", ""Huter"", ""Eurolux""."
10004026,4,синий,"Телефон, как телефон. Эффекта вау не произвел. Камера не очень четкая, фото не фонтан. Внешне очень симпатичный. За 8500 сойдет",
0,4,светло-розовый,"Заказывали с оранжевыми ручками,а пришёл с розовыми ",
10002228,5,,"Упаковка для подарка простовата, но сам чай и варенье просто супер, очень вкусно, брала для себя","Добрый день! Спасибо, что нашли время оставить отзыв. Нам очень приятно, что Вы выбрали наш товар.
"
0,5,светло-розовый,Все хорошо ,
0,2,белый,"Мышь не соответствует  заявленному товару на фото и на упаковочной коробке, нет гибкого утолщения у провода в месте, где провод заходит в мышку во избежание перелома провода. По факту просто ооочень тоненький проводок, который не прослужит долго. Имея плачевный опыт таких соединений, мышь заказывала, полагаясь на фото сайта. Подать заявку на проверку товара в течении 4-х часов не успела, были важные причины, теперь эта ситуация отразится на % выкупа. Думаю, здесь вина не магазина, а изготовителя, который вводит покупателей в заблуждение, вкладывая в упаковку товар, не соответствующий изображению на этой самой упаковке. И не понятно, откуда на фото мышь с этим самым утолщением?",
0,5,"винный, темно-алый, малиновый","Цвет супер, как на фото, плотный. Ложится хорошо","Добрый день.
Благодарим Вас за положительный отзыв о нашем товаре. Ждем Вас за покупками!"
0,5,белый (осн.),"Клёвые, ну оооооч. клевые",
0,5,,"Это любимейшее кокосовое молоко! Сверху паста, внизу молоко)","Марина, спасибо Вам за отзыв! =)"
0,5,"фуксия, розовый грейфрут, ярко-розовый, розово-пурпурный, розовая фуксия, розовый лимонад, розовая гвоздика, розовый","Взяла разные цвета лаков, базу и топ, обезжириватель. Маникюр делаю на дому сама себе и не нуждаюсь в больших объемах лака, так как все сразу не используешь и часто выкидываешь полные банки из-за срока годности. Эти малютки прекрасные в работе, да не самовыравниваются, приходится поработать подольше с ними. Но, за такую цену - носка прекрасная. Обычно ношу гель лак 3-4 недели, и он держится без сколов. Эти малютки тоже отлично держаться, я теперь большой поклонник данной марки гель-лаков.  ","Добрый день! Благодарим вас за положительный отзыв, рады что вы выбрали гель лак для ногтей Beauty Free. С гель лаком для маникюра Beauty Free вы будете в центре внимания.
Рекомендуем попробовать такие продукты как : база для гель лака Beauty Free и топ для ногтей Beauty Free
Приятных покупок! Надеемся увидеть вас снова."
0,4,коричневый,"Заказывала две шторы. Пришли шторы разных оттенков. Одна зеленоватая, другая коричневая. Вернула по этой причине. Прошу не изменять процент выкупа",
0,3,голубой,"подставка нормальная, но пришла без одной антискользящей штучки",
0,5,оранжевый,"Звезды за обслуживание ,а товар пришел с отломленым реле давления,подскажите могу ли поменять товар или вернуть и втечении скольки дней .очень жаль",
0,4,черный,"Качество отличное, но сильно большемерит","Спасибо за отзыв, примем к сведению ваше замечание."
0,1,синий,"Как по мне так бесполезная трата денег,нам не помогла от слова совсем, только хуже.не рекомендую","Александра, добрый день! Нам очень жаль, что бутылочка не оправдала Ваши ожидания. Благодаря работе вентиляционной системы, бутылочки Dr. Browns снижают вероятность колик, связанных с заглатыванием малышом воздуха при кормлении. Если колики вызваны другой причиной, бутылочки не помогут."
0,2,,"Мне кажется, что я просто купила вазелин с желтоватым оттенком.","Спасибо за обратную связь! Жаль, что продукт не оправдал Ваших ожиданий. Бальзам состоит только из натуральных компонентов, без искусственных красителей и консервантов. Входящие в состав масла и экстракты обеспечивают надежный уход и питание чувствительной кожи губ."
10002314,2,"черный, синий, серый","Никогда не покупайте здесь вещи.Вернуть нереально,качество сервиса оставляет желать лучшего.Купила бублик,не разбираюсь в них. Шина показалась маленькой,но думала что такая и должна быть.В итоге,когда дома попробовала надуть,то шина оказалась маленькой.нап сала заявку на возврат,но мне отказали.Потом еще писала заявки,т.к. в описании товара написана шина размера 13(она и лежит в комплекте),а на самой этикетке к диаметру 110 нвписано,что диаметр должен быть больше.В заявке отказали- они стали ссылаться на то,что нужно сразу смотреть что берёшь!!! И оттянули сроки возврата!!!Очень жаль,что придётся распрощаться с этим магазином.О своих клиентах здесь не думают, цель не больше постоянных клиентов иметь,а побольше собрать бабла с первых клиентов,кто еще не встретился с проблемами",
0,2,прозрачный,"Первую пару относила на ура целый месяц...но одев вторую относила всего один день ,после снятия начала промывать одну из линз и она просто рассыпалась на ладоне.Линзами пользуюсь уже 20лет и первый раз с таким сталкиваюсь.",
0,4,colorless,"Тоньше чем мои предыдущие патчи другой фирмы. Банку вскрыть было очень тяжело. Жидкости много. Сползают. О результате говорить рано, использовала 1 раз.",
10003561,1,серый,Вообще ужасного качества. Я даже мерить не стала,
0,5,,Заказываю постоянно. Очень нравится🙂,
0,2,черный,Все четко кроме самого качество обуви. Обычная базарная резинка в ней нога как в бане,
0,5,бежевый,👍🏻👍🏻👍🏻👍🏻👍🏻отличная декоративная подушка ,"Добрый день! Благодарим Вас за отзыв на подушки на стулья Altali! Рады, что Вы остались довольны! В дополнение к подушкам рекомендуем приобрести стеганое покрывало на кровать или диван из этой же коллекции арт. 17723639. Оно поможет Вам в создании комфорта и уюта в Вашей комнате! Ждем Вас с новыми заказами и желаем замечательного настроения!"
0,3,белый,"У кого потолочный карниз, не советую. Ощущение, что лента пришита неправильно, крючки цепляются низко и сама тюль упирается в потолочный карниз и очень некрасиво выглядит да и двигается с трудом. ",
0,4,оранжевый,"Хороший , но тусклый цвет .","Дорогой покупатель, благодарим за выбор текстильной продукции нашей компании! Мы стремимся максимально точно отображать цветовую палитру на фото. Перед размещением на сайте, фото проходят профессиональную обработку и цветокоррекцию. Хочется отметить, что цветопередача на разного рода мониторах и экранах, может отличаться от оригинала. Спасибо за уделенное время! Будем рады видеть вас вновь на страницах нашего каталога, просто наберите в поиске Галтекс!"
10001540,2,желтый,"Боди пришло обрисованное ручкой,а так само по себе хорошее",
0,2,черный,"Верх кожаный, все аккуратно выполнина, но подошва очень жёсткая. В них долго не проходишь.",
0,2,синий (осн.),джинсы не понравились. они больше серые и с потерты как-будто зеленым. цвет совершенно не соответствует картинке. очень разочаровалась.этих денег не стоят.,
0,3,красный,"Яркие, легкие. Симпатичные,  но буду возвращать. Моя стопа - 26 см, всегда носила 39-39,5, теперь из-за косточки перешла на 40. По таблице размеров надо было брать 41, я же выбрала 40 - и оказались велики сантиметра на полтора. Из-за этого при ходьбе задник болтается, трет пятку, а на заднике жесткие швы (см. фото). Особенно неприятно ощущается выпуклый вертикальный (сильно выпуклый). Так что увы...",
0,4,"синий, красный","Понравилось, без запаха, но очень жёсткое. На фото после стирки. Не полиняло.",
0,3,розовый,"Ооочень простенькая. Пошита как-то ""легкомысленно"". Детская.",
0,2,голубой,"Сумка вместительная, только быстро порвалась и стало плохо держать холод.","Добрый день!
Благодарим вас за отзыв. Нам жаль, что произошла такая ситуация.  Возможно это произошло из за перегрузки. 
С уважением, представитель бренда!"
0,4,серый,Не знаю как смотрят на фото те кто пишут что свет совсем не соответствует. Все соответствует. Белье отличное а за такую стоимость так вообще прекрасно!,
0,5,синий,"Отличные плавки, швы ровные, всё чётко.",
0,2,темно-синий,"На фото абсолютно другое, такие бы взяла.. а что получила, то 2 большие разницы, наверное другая партия пришла...",
0,3,,"Бумага хорошая.По сантиметрам совпадает.По качеству тоньше .В целом всё хорошо,заказывала за 202 рубля","Добрый день. Если все хорошо, зачем ставите низкую оценку? Обидно :( Плотность бумаги соответствует заявленной. Рекомендуем внимательно изучать характеристики товара."
0,1,,Заказывала шампунь для волос. Прислали бальзам. Больше не буду заказывать !,"Добрый день. Очень сожалеем, что во время доставки, товар был перепутан. За этот процесс отвечает WB, а здесь вы общаетесь с представителем поставщика. Перед отправкой на склад WB товар тщательно  проверяется."
0,2,,"Не понравился на вкус от слова совсем. Зайдёт фитоняшкам кто сахар совсем исключил из рациона. А если кто себя не ограничивает и питается хотя бы 70 % полезности и 30 % вредности, то не понравится. ",
0,2,"темно-синий, голубой","Платье большемерит.На фото не видно, что ткань с люрексом. Хоть и приятная к телу. Рисунок на платье не навязчивый, аккуратный. На рост 168 юбка повисла ниже колена. Прошу не снижать %выкупа",
10003839,4,голубой,"Сшито аккуратно, 2 слоя фатина, сетка и хб подклад. На стройную девочку 125 ростом немного широковато. В целом хорошее платье, взяла за 1362","Добрый день. Благодарим за отзыв. Приятно, что Вы оценили качество и дизайн. На будущее для корректного подбора размера необходимо обращать внимание не только на рост, но и на обхват груди, который указан вторым после роста. Это поможет быстрее подобрать посадку. Надеемся, что Вы найдете еще много интересных вещей в коллекциях бренда SMENA. Желаем Вам только приятных покупок."
0,3,светло-серый,"Обула тапочки 8 марта.Еще недели не прошло,уже вот-такой вид(Ткань непрактичная.Своих денег не стоят!Скоро на выброс(","Татьяна, нам очень жаль, что так произошло. Учтем Вашу ситуацию и пересмотрим материал тапочек."
0,2,бирюзовый,Материал- больше похож на пластик. Цвет не такой яркий. Оставила для сменки на всякий случай. ,
0,2,,"Молоко было вкусным до последнего заказа. В холодильнике молоко отслоилась на молоко и кокосовое масло. Последние 200мл молока это был сплошной жир. Но это я поняла когда мне стало плохо и, простите за подробности, меня вырвало 2 кусками масла! Оба примерно с половину большого пальца руки. И это единственное молоко, которое при низких температурах не густеет, а именно разделяется на составляющие. Если воду и кокосовую мякоть ещё можно соединить при взбалтывании, то кокосовое масло болтается внутри одним большим куском.","Добрый день! Перед употреблением кокосового молока мы рекомендуюем поместить тетрапак в теплую воду, а затем хорошо взболтать упаковку. Расслоение кокосового молока и сливок при низких температурах нормальный процесс. "
0,1,бежевый,"Следы клея на стыка кожи с подошвой, ещё и трещина на подошве. Совершенно непонятно, почему покупателям присылают бракованный товар и учитывают его в проценте выкупа! В целом: задняя часть туфель вся мягкая, форму не держит, носок жёсткий, скорее всего немного маломерят.",
0,3,оранжевый,"Для меня оказалась короткая. Хотелось длиннее, как на фото. Качество супер.","Нам очень жаль, что вы столкнулись с такой ситуацией. 
По поводу размера - все индивидуально и к сожалению не всегда одежда подходит под конкретные параметры каждого индивидуального человека. Для выбора максимально комфортной посадки одежды - вы всегда можете заказать несколько смежных размеров, чтобы определить наиболее подходящий под вас. 
С Уважением, команда Forstrong. "
0,2,бежевый,"Ну качество посредственное, заусенцы и неровности.","Добрый день! Нам жаль, что товар не соответствует Вашим ожиданиям. Мы очень ценим обратную связь от наших покупателей, для нас важно мнение каждого клиента. Приносим свои извинения за доставленные неудобства!"
0,2,розовый,"Ткань на пододеяльнике с фабричным браком. Не учитывайте процент выкупа. Если бы не это , я бы выкупила . Вина не моя .",
0,4,colorless,"Текстура приятная, запах не очень...",
0,5,colorless,Вещь приятная и полезная. Ребенок с удовольствием поливал всходы чайной ложкой и аккуратно играл динозаврами. На фото базилику недели полторы.,"Здравствуйте! Спасибо вам за замечательный отзыв. Нам очень приятно, что вы доверяете нам, выбирая нашу продукцию."
0,1,colorless,"Слово ""паста"" этой жиже не подходит. Жидкая масляная масса с вязким осадком. При размешивании осадка все равно оч жидко, не застыла даже в холодильнике. Вкус так себе, кокос чувствуется, арахис нет. Послевкусие неприятное, вяжущее, с запахом технического масла, запах ненатурального продукта. 
Банка пришла без какой-либо упаковки, пакета, коробки. 
Разочарование от покупки. Деньги потрачены зря.","Нам очень жаль, что товар Вам не подошел"
0,2,черный,Щетка не понравилась.жесткая и волосы тянет.выдрала пол головы волос.,
0,3,зеленый,"Сумка достойная, но не было хладогента. Перезакажу",
0,3,"пудровый, абрикосовый","Пудра пришла в пупырку завернутая. Вся рассыпанна. Даже разворачивать не стала. Отказ. Жаль, очень ждала.",
0,1,"белый, красный","Крышечка на флакончике вся размокла и развалилась, жидкость протекает. Я бы не советовала. Этих денег не стоит.","Добрый день. Спасибо за обратную связь. Сожалеем, что ваш опыт работы с продуктом оказался неудачным, и талисман вас разочаровал. Мы обязательно передадим ваши наблюдения в производственный отдел. Уверены, это поможет сделать продукт лучше. Спасибо, команда «Бумбарам»."
10003212,3,прозрачный,запах не плохой .а распылитель сломан,"Добрый день! Спасибо за отзыв. Сожалеем, что вам пришлось столкнуться с подобным опытом. Мы будем работать над улучшением транспортной упаковки. "
10002363,5,сапфировый,"Рюкзачек супер! Очень вместителтный, заказывала на выбор 3 рюкзака и именно этот подошёл, остальные были детские, маленькие. И по цене очень порадовал.","Здравствуйте!Спасибо за Ваш отзыв! Благодарим за высокую оценку и за то, что Вы нашли время оставить отзыв, мы и дальше будем стараться радовать Вас."
0,3,"белый, голубой",Цена=качество. После нескольких стирок превратилось в «марлю»,
0,2,черный,"Висят очень сильно, размер не соответствует",
0,2,,"Молоко получила плохого качества - несвойственный запах, комочки не расходятся даже при добавлении в горячий кофе, сколько ни взбалтывай. Пожалела, что заказала целый литр. Упаковки, как на 1 л, так и на 0,33 л, после вскрытия протекают в месте крепления крышек, поэтому тоже особо не взболтаешь - содержимое выплескивается.",
0,4,colorless,Чистит но для моих чувствительных зубов не подошла,
0,4,черный,"Качество хорошее ,НО заказывал по таблице размеров 42р пришли 43.5 ,постоянно такие проблемы с магазином Адидас на валберис",
0,1,черный,"Расческа просто ужас. Зубчики все провалились через неделю использования. Можно выбросить сразу. Производителю должно быть стыдно за такие товары. Еще и профессиональная. Ужас, ужас, ужас ",
0,1,глубокий пурпурный,Заказал Мадженту привезли Елоу...бардак !!!!!!!,
0,3,темно-бежевый,"Есть у нас Живой песок. И мне не нравилось, что он очень мягкий, рассыпчатый. Точнее он хороший, но хотелось что-то похожее на настоящий песок, чтоб сын мог играть в нем с машинками. Решила заказать этот песок. И была в шоке, когда его достала. Да, лепится отлично. Но он твердый, весь комками. Для игры, катать машинки, загружать, выгружать песок не выйдет. Ребенок поиграл в него 10 мин. и попросил достать другой. Вообщем, я разочеровалась в нем. ",
0,3,малиновый,Есть один жирный минус- жутко потеет ребёнок в них. ,"Не нужно кутать. Наша одежда - полноценный слой, и вниз нужно надевать что-то полегче. Флис прекрасно отводит влагу и является самым удачным вариантом экипировки под непромокайки до +5/7 градусов "
0,1,colorless,Просроченный продукт. Возврат. Прошу не учитывать процент выкупа.,"Добрый день! Мы очень сожалеем, что Вы столкнулись с такой ситуацией и приносим свои извинения. Товар будет проверен. Благодарим, что не оставили без внимания  и сообщили нам. С нашей стороны будут приняты меры, чтобы впредь подобного не происходило, и Вы всегда оставались довольны покупкой и качеством обслуживания. С уважением, интернет - магазин Wildberries."
0,3,серый,выглядит на свои деньги синтетика с цыганским блеском,"Добрый день! Нам действительно жаль, что мы не смогли Вас порадовать(( Просим Вас заказать другую нашу модель и надеемся, что Вы не будете разочарованы!) С уважением, команда Lussotico
"
0,4,"синий, молочный","Качественно сшито. Не на жару. Тк материал плотный очень. У синих к тому же более жесткий. Светлые - более мягкие на ощупь .  У нас так же есть футболки и штанишки из этой коллекции. Вещи на стройных деток. Не для пухлешей. При росте 69 см , весе 7700,  трусики носим на голое тело. На животике остаются следы. Мы покупали размер 74-80. Те маломерят. При весе 7200 следов не оставалось.  Трусики купили за 460 рублей комплект. Не дешево.",
0,3,бордовый,"Очень разочарованна,некачественно сшит как будто из картонки ,клей виднеется ,ожидала совсем другое конечно ,повелась на скидку ,за такую цену ясно что будет именно такой кошелёк.Оставила его ,так чисто для разнообразия.",
0,4,белый,"Заказала в 38 размере. Теперь большие. Получается маломерят на пол-размера, а половинчатых размеров, к сожалению, нет. Пятка и нос на кроссах опять измазаны в чем-то чёрном. Возможно это какой-то брак производства, так как не я одна жалуюсь на такую проблему - девушки, которые заказывали другие модельки, тоже об этом в отзывах пишут. Решила оставить.",
0,4,белый,"Большемерят на размер. На 38,5 заказанный 38 свободен",
0,1,colorless,После сезона перестал включаться. ,"Добрый день! Мы сожалеем о сложившейся ситуации, для детального рассмотрения причин и решения вопроса, просим обратиться в наш сервисный центр, список с адресами расположен на последней странице паспорта устройства.
С Уважением, официальный магазин производителя брендов ""Ресанта"", ""Вихрь"", ""Huter"", ""Eurolux"".
"
0,1,прозрачный,"Сохнет на воздухе, пахнет ацетоном. Выкинула","Добрый день! Данная база является быстрорастворимой, она снимается жидкостью за 5 минут. Идеально подходит для домашнего использования. Также её можно использовать как праймер. Частично сохнет в лампе, частично на воздухе - это её особенность. Не подходит для выравнивания ногтевой пластины - то есть для более толстого нанесения."
0,5,colorless,"Отличная паста, многие пробовала, но эта лучшая, без залипов","Добрый день! Спасибо за Ваш отзыв!
Мы рады, что Вы выбрали нашу продукцию.
"
0,4,желтый,"В целом тоже довольны с дочкой 2,5 лет. Текстура приятная, запах не навязчивый. Но немного липнет к рукам!",
0,2,черный,После второй стирки поползли все нитки. Качество не очень ,
0,2,"темно-синий, голубой","Синтетика голимая. Пока снимала, чуть не убило током😂",
0,1,"розовый, серый","Отказ, рюкзак оказался бракованный, с пятном на боковой стороне. Прошу не снимать процент выкупа. По качеству не понравился. Выбрали другой рюкзак.",
0,4,молочный,"Я так хотела сыночку что-нибудь из этой серии... Заказала боди, т.к. комбезика нужного размера нет. И увы - отказ. Не обратила внимание, что он с запахом. Повертела, посмотрела на две скромные кнопки и поняла, что мой бутуз будет из этого боди вылезать через очень свободную горловину :( И да, боди маломерит на целый размер: 68-74 в самую пору на худенького малыша ростом 64,5 см.",
0,2,черный,"Размер удачный. Но всё в ней пригорает, чем ни смазывай. Абсолютно всё!","Здравствуйте! Спасибо за ваш отзыв. Сожалеем, что противень не дотянул до ожиданий. При соблюдении правил эксплуатации покрытие выдерживает до 10 000 циклов готовки. Возможно, противень был перегрет. Надеемся, что новые покупки принесут вам только положительные эмоции. Будем рады видеть вас снова!"
0,4,темно-синий,"Абсолютно не понравилась.  Качество кожи низкое.  На ощупь,  как бумага. Цвет блеклый.",
0,3,желтый,"Прочитав отзывы, обратила внимание что бывает недокомплект кубиков, в пункте выдачи проверила что есть пакет с фишками и кубиками, а дома оказалось что карточек 26 вместо 27, нет одного джокера...Неприятно, получается что нужно тратить время на пересчет карточек, можно как-то этого недостающего джокера получить?
Качество материалов хорошее, карточки плотные, крупные, удобный тубус для хранения, кубики с большими цветными гранями. Играть по правилам не совсем получается, как писали в предыдущих отзывах сочетания цветов заканчиваются быстро и нужно дальше что-то придумывать самим, а у нас еще и одного джокера нет, которые по задумке авторов участвуют в таких ситуациях. Из-за этого пока в полной мере не оценили игру, будем тестировать дальше. Надеюсь на ответ производителя о недокомплекте.","Добрый день. Напишите, пожалуйста, обращение на почту info@yarastu-toys.ru , прикрепив фото и описав проблему. Мы Вам обязательно ответим."
0,4,черный,"Маломерки на 1 размер. НЕ зимние. Стелька вообще без меха, кожаная. 
Качество так себе, таких денег не стоят совсем. Отказ.",
10000226,4,синий,"Джинсы брали дочери, качество неплохое, маломерят на размер. Брелка, как на фото, к сожалению не было.",
0,2,серый,"Порадовала только коробочка! Муж жалуется, что ноги мокрые в них, голая синтетика ! Двойка эти носкам",
0,1,"золотистый, желтый","Ужаааас.можно как то более трепетно относиться к покупателям.пришло украшение,на нем сто узлов,какой то комок не пойми чего.",
0,1,черный,"Пришёл производственный брак,два зубца сломаны.","Здравствуйте! Приносим Вам свои извинения, что Вы вынуждены были отказаться от покупки по причине брака.Товар снят с реализации.С уважением, Wildberries."
0,4,colorless,"Средство хорошее, но коробка пришла мятая-а заказала для подарка!","Благодарим Вас за отзыв, нам важно мнение наших покупателей. Рекомендуем попробовать и другие продукты нашего бренда."
0,1,белый,"Пришли в ужасном состоянии, внутри грязные, как-будто уже кто-то их носил, что для домашней обуви неприемлемо","Мария, пожалуйста, свяжитесь с нашим отделом контроля качества в Telegram или Whatsapp по номеру +79250558221
Мы попытаемся решить проблему."
0,3,малиновый,"Одевала сегодня штаны на джинсы катались на мокрых горках после дождя , пришли дамой джинсы были влажные немного и штаны внутри влажные , скорей всего промокают , может ходить по лужам в низ нормально но кататься на мокрых горках они особо не подходят , или я не понимаю они 100% процентов не защищают ?","Затекание воды может происходить через нижние резинки, которые не плотно прилегают к сапогу вследствие чрезмерного запаса, который мы видим по отзывам. Катаясь с горки, штанины могут задираться. Либо нарушение целостности покрытия, т.е механического повреждение, которое можно увидеть на просвет. Покрытие ткани литое, промокать и пропускать влагу само по себе не может."
0,2,,"Как у многих упаковка вскрытая, местами рваная. Сам мешок на уровне китайского, материал жёсткий и тонкий, уплотнительной резинки нет, язычка защитного для использованного мешка тоже нет, отверстие закрыто тканью. Дёшево, но повторно не куплю.","Добрый день!
Со своей стороны мы контролируем целостность ни только товара, но и упаковки. Надеемся, что впредь такого не повториться и Вы поставите оценку выше!
Спасибо!"
0,5,коричневый,"Хорошая вещь. Легко крепится, хорошо держит. Покупала вместе с подставкой для крышек. получился симпатичный комплект. Очень довольна!!! Рекомендую.",
0,3,белый,"Цвет вообще не совпадает, а так хорошее. За цвет снимаю 2 звёзды.","Дорогой покупатель, благодарим за выбор текстильной продукции нашей компании! Мы стремимся максимально точно отображать цветовую палитру на фото. Перед размещением на сайте, фото проходят профессиональную обработку и цветокоррекцию. Хочется отметить, что цветопередача на разного рода мониторах и экранах, может отличаться от оригинала. Спасибо за уделенное время! Будем рады видеть вас вновь на страницах нашего каталога, просто наберите в поиске Галтекс!


"
0,1,прозрачный,"Отвратительные линзы!
Качество очень низкое. Рвутся уже на первой неделе носки. Третью пару вообще один раз использовала, сразу порвалась. Их невозможно ни снять ни надеть,при том, что мой опыт ношения линз около 20 лет. Эти линзы я, однозначно не рекомендую!",
0,1,"серебристый, металл, серый","Очень маленький брелок, совсем не такой как на фото тонкий ,дешёвый материал ,размер с двух рублёвой монетой, 
","Добрый день! Спасибо, что выбрали наш товар и рассказали о Вашем впечатлении! Мы ценим мнение каждого.
Данный брелок является неплохим вариантом бюджетного подарка и его качество полностью соответствует ценовой политике.  В нашем ассортименте имеется качественный аналог именных брелоков из латуни."
0,2,colorless,"Думала большая,но видимо не обратила внимание на размер.Маленькая.Возврат по друглй причине,уже купили.Но качество хорошее.",
0,3,горчичный,"Цвет теней желтый, как ни крути, чтоб получить светло бежевый надо разбавлять белым. По отзывам совсем другое описание. К светлой бледной коже не вариант. К качеству претензий нет, Брала такие же розовые.",
0,1,,"Ужасный бальзам, неприятный на губах, а ещё и 2 штуки, лежит теперь без надобности.","Спасибо за отзыв! Нам очень жаль, что Вам не понравился данный продукт. Восприятие каждого человека индивидуально. Бальзам по текстуре плотный, питательный и  не жирный, если нанести немного, то почти не будет чувствоваться на губах. Надеемся, что Вы найдете подходящее вам средство. "
0,1,"золотистый, серебристый","при открытии коробки не было обнаружено кольца, в итоге пришла пустая коробка без товара.","Здравствуйте! На сегодняшний день реализована система проверки товара по фото. При наличии основательных причин для отказа от покупки в момент доставки, клиент в течение 24 часов должен создать заявку для проведения проверки товара. Если заявка создана корректно и фото передают наличие достоверных оснований для отказа (брак, истекший срок годности, ненадлежащее качество товара, несоответствие описанию, неправильное или неполное вложение), подтверждением для клиента будет являться перерасчёт и исключение данной позиции из его процента выкупа. Пожалуйста, пользуйтесь этой возможностью, так как у нас как у поставщиков нет физически возможности проверять товар перед отправкой клиентам. отправки идет со складов Вайлдберриз силами их сотрудников, за чью работу мы не несем ответственности! "
0,4,розовый,"Несмотря на массу хвалебных отзывов, меня комбез совершенно не впечатлил. Во-первых оказался ну очень широким, особенно широки оказались дочке рукава, и длинные кстати тоже, болтались просто как у Пьеро. При этом на рост 72 см с учетом подгузника сел с минимальным запасом по туловищу. Во-вторых велюр местами был примят и выглядел как поцарапанный. Зато капюшон у нас был не мелкий. Цвет приятный, кнопки все работали, пошив качественный. Цена, особенно со скидкой, очень приятная. Материал показался тонким и хлипким, отказалась от покупки.",
0,4,синий,"Мне понравился, запах нежный не навязчивым, все ок",
0,5,красный,"Отличная  футболка на повседневку,легкая,соответствует размерной сетке!",
0,5,colorless,"Набор пришел в закрытой упаковке, все аккуратно уложено. Начали экспериментировать с дочкой.","
Здравствуйте! Спасибо вам большое за выбор нашей продукции и за оказанное нам доверие.
"
0,2,графит,Выглядит как тряпка. Возврат.,"Добрый день. Очень жаль, что данное изделие Вам не понравилось. Надеемся, что последующие покупки принесут Вам исключительно положительные эмоции.
"
0,1,"белый, серый меланж",Штаны длинные а футболка коротка живот вроде не большой у меня но он голый !! И смотреться дёшево ,
0,5,черный,Крутые!!! Цена-качество. Бегать по офису самое то. На 37 взяла 38 прям самое то.,"Добрый день. Спасибо за ваш отзыв. Мы действительно тщательно следим за качеством нашей обуви, чтобы каждая пара как можно дольше радовала своего покупателя. Будем рады вашим новым заказам! С уважением, kari"
0,5,серебристый,"Плетение офигено красивое, блестит классно ! И ничего в нем нет спутанного,ненадёжного ,что порвётся! Бред! Выглядит достойно и прочным! ","Здравствуйте! Cпасибо Вам огромное за то, что доверились и выбрали именно нас, носите с удовольствием! С уважением, Бронницкий ювелир."
0,3,коричневый,"Качество хорошее,но отказ! Заказала разные цвета. В обоих случаях один бок короче,а другой длиннее. И это очень заметно. Не правильный крой!","Добрый день.Это не брак, а особенность модели - слегка асимметричные края. Это видно на фото."
0,5,"белый, голубой",Очень крутой конверт,
0,2,"серый, светло-серый","Цвет просто серый. Не очень приятный, не такой как на фото ","Добрый день.
Реальный оттенок гель-лака может отличаться от изображения из-за особенностей цветопередачи монитора."
0,5,синий,"Отличная бутылка! Кушаем из нее с рождения, есть и маленькая такая) сыну нравятся эти бутылочки! Имеются все детали , качество супер! Старшая тоже кушала из таких же бутылок.",Мария! Спасибо за отзыв.
0,1,colorless,"Вместо RL-10, по цене 700₽, присылают левую дешевку, красная цена которой 100₽. Конечно, сами виноваты, что не проверили на пункте, но факт, что продавец явно не порядочный, советую всем кто читает отзывы, не заказывать у них! ","Здравствуйте! Данные насадки на фото от другой модели звуковой щетки RL 030.Возможно произошла техническая ошибка,по независящим от нас причинам.Мы обязательно разберем Ваше обращение и примем соответствующие меры. Вы можете оформить возврат товара на пункте выдачи.Также Вы можете позвонить на нашу горячую линию,по номеру телефона,указанному на упаковке.Наши специалисты помогут Вам уладить данное недоразумение максимально быстро и удобным для Вас способом."
0,4,серый меланж,"По качеству приетензий нет, хорошо прошито и ткань приятная на ощупь,но вот размер 42 оказался мне большим.","Здравствуйте! Спасибо за оставленный отзыв. Очень жаль, что выбранный размер не сел на вас идеально. С любовью, ILOVEMUM."
0,5,желтый,"Очень милая качественная погремушка, приятная ткань, ровные швы, звук не режет уши маме, рекомендую :D Самое главное: для сына это любимая игрушка! Улыбается цыпленку, гулит, кольцо очень удобно ложится в ручку, очень лёгкая игрушка которую очень удобно и мягко кусать :D большое спасибо Мякишам за такие чудесные игрушки! Спасибо вайлдберрис за аккуратную доставку :)","Добрый день! Спасибо за выбор игрушек Мякиши и за Ваш отзыв. Мы очень рады, что наша игрушка стала одной из любимых для Вашего малыша. С полюбившимся образом можно собрать коллекцию, рекомендуем посмотреть Пищалку - Артикул: 12490372, Развивающий кубик - Артикул: 12967135, Комфортер - Артикул: 13355160. Развивайтесь вместе с Мякишами!"
0,2,,"Разочарована этим какао: во-первых, особенного шоколадного запаха нет, во-вторых, на зубах что-то скрепит как мелкий-мелкий песочек. В итоге, кроме симпатичной баночки преимуществ у данного какао перед нашим «золотым ключиком» нет. Не рекомендую ","Спасибо за отзыв!

Реклама золотого ключика в нашем аккаунте, это нарушение правил площадки."
0,1,серебристый,Рамка была с отколотым углом,"Добрый день. Нам очень жаль, что в очередной раз, нас подводит не бережная доставка магазина. Мы в свою очередь, не заинтересованы поставлять в магазин рамы в поврежденном виде. Как правило, если поврежден угол, то скорее всего раму уронили. Углы мы фиксируем, в отличии от других производителей 2-3 скобами для надежной фиксации. Надеемся, что следующая покупка будет доставлена в идеальном состоянии. Счастливого нового Года! С уважением, представитель компании ООО ""НРК"" МИРАМ"
0,2,голубой,"Пришла совершенно другая сумка, когда заказ собираете хоть смотрите немного, зачем ложить то что человек не заказывал. Я даже не успела в экспертизу разместить чтоб не учитываем в процент выкупа.",
0,2,"черный, синий","Разочарована, ткань тонкая все просвечивает, на фото качество ткани в разы плотнее выглядит","Добрый день! Спасибо за Ваш отзыв, эта моделька представлена на сайте и в других расцветках, более насыщенных, будем рады, если Вы ознакомитесь со всем нашим ассортиментом."
0,4,розовый,Классная подушка,"Спасибо Вам за высокую оценку и за отзыв, нам это очень приятно! Хорошего пользования!)"
0,1,зеленый,"Коробка разорвана, пакет с песком тоже. 2 формочки из 6 с отколотыми кусочками. Уберите пжлст данный товар и не учитывайте в проценте выкупа.","Здравствуйте. При поступлении возврата, товар был проверен и снят с продажи. Данная позиция не учитывается в проценте Вашего выкупа."
0,4,"шампань, светло-серый",Качество хорошее  но маломерки. Размер 110-116 на 3-4 года.,
10004020,1,сиреневый,"Доставлен в пупырчатой пленке, когда открыла дома, получила треснутые банки.",
0,5,белый,"Пользуюсь ими больше полугода,отличные,из всех какие были эти единственные не мутнеют",
0,1,серый,"После нескольких складываний/раскладываний (около 3 часов использования) стала болтаться металлическая планка под кнопкой и нож перестал полностью складываться.
Оформлено заявление на возврат, ждём результат рассмотрения.",
0,2,,Не соответствует,
0,5,серебристый,"Спасибо большое за кошечек) просто крутые, еще пришли  сердечки в подарок и маленький котёнок....",Здравствуйте. Спасибо за Ваш отзыв. Рады быть Вам полезны. Мануфактура Ваша Светлость.
0,3,белый, К  качеству нет претензий.. Но обсолютно не то что на картинке .. и к тому же маломерит. просто тупо прямое платье... Не расклешеное как мы видим на картинке. Возврат. ,"Добрый день! Нам действительно жаль, что мы не смогли Вас порадовать(( Просим Вас заказать другую нашу модель и надеемся, что Вы не будете разочарованы!) С уважением, команда Lussotico
"
0,4,черный,Нормальный такой похожий на резину коврик-корыто,"Добрый день. Спасибо за отзыв и оценку. Благодарим за выбор бренда ECO COVER. Будем рады видеть Вас снова в лице наших покупателей. С уважением, команда ЭкоПром."
0,2,желтый,"Шнур не гладкий,красится очень сильно,при намотке на катушку все кольца у удилища стали жёлтыми","Спасибо за обратную связь! Жаль, что Вам пришлось столкнуться с данной проблемой!"
0,3,красный,"Рисунок красивый, яркий, собирать интересно. Но качество оставляет желать лучшего, после одной сборки и разбора рисунок стал отклеивать от деталей, вся красота пазла испорчена. Оказывается рисунок нанесен на бумагу и приклеен к деталям, я думала, что за цену больше тысячи рублей изображение будет нанесено краской на детали. Любим эти пазлы, у нас есть других производителей, те качественные, думала они у всех такие, но нет. Этой фирмы больше не куплю.","Добрый день! Мы сожалеем, что Вам пришлось столкнуться с данной ситуацией. На текущий момент все пазлы серии животные переведены на технологию уф печати. Возможно вам доставлен пазл из старой партии. Если у вас есть претензия по товару можете направить ее к нам по email: care@unidragon.com "
0,5,оранжевый,Хорошая кружка и цена хорошая,
0,5,"красный, розовый, серый","За свою цену комплект прекрасный, ткань плотная, швы аккуратные, после стирки качество не ухудшилось. Единственный не критичный недостаток-в моём комплекте наволочки такие же, как простыня - серые, а красный орнамент всего до половины пододеяльника, т.е не соответствуют заявленным на фото. В целом впечатление прекрасное. Спасибо !",
0,4,"фиолетово-баклажанный, винный, фиолетовый","Обожаю эту фирму! Но этот лак разочаровал! Приходится 4 слоя наносить, что бы получить плотный цвет. Обидно( ",
0,5,"голубой, розовый","Все отлично, фигурка целая. Взяла на подарок",Здравствуйте! Спасибо Вам большое за выбор нашей продукции и за оказанное нам доверие.
0,2,голубой,отказ другая модель.,
0,5,голубой,"Хороший постельный комплект за такую цену, наволочка только одна, обратите внимание. Цвет после стирки не изменился. Купила второй комплект данной марки, буду брать ещё. ",
0,4,черный,"Платье слегка расклешенное к низу, поэтому я отдавала на ушивку. Комфортно, удобно, не просвечивает, не покрывается катышками.",
10000470,1,синий,Безобразные!Одна штанина короче другой!На невысоких девушек!,
0,2,розовый,"Не понравились совершенно. Может как пижама подойдут, а так даже дома в таких ходить не комфортно. Очень просвечивает ткань. А на том месте, где карманы она более плотная. Всё это смотрится странно. Отказ.",
0,1,малиновый,"Полное разочарование..... Заказала две штуки одного цвета и размера 12 го августа , 16 го получила 1 товар , а второй мне так и не выдали ( первый раз встречаюсь с этим WILDBERRIES.  Дала возможность решить вопрос неделю ещё , конечно же не решили  . Очень огорчило это всё.... за обслуживание вам 1 балл , а вот качество товара было очень хорошее 5 баллов, но мне не было смысла оставлять 1 полукомбинезон. Поэтому ВОЗВРАТ !  Пожалуйста прежде чем принимать заказ и снимать денежные средства за несуществующий товар , в начале хотя бы проверьте заказ !","Карточки товаров предназначены для отзывов о товаре, а не о качестве обслуживания и работы внутренних служб WB. Пожаловаться можно в другом разделе. Здесь Вы просто снизили общую оценку товара, а проблема о которой Вы пишите, не дошла до адресата, к сожалению."
0,2,темно-коричневый,"Взяла себе но разочаровалась, внешне красивый, но не вместительный и не закрываеться если  больше денег, еще отклеивается боковой отдел.(","Здравствуйте. Если были соблюдены правила ухода за товаром, модель можно вернуть на проверку. Если проверка подтвердит, что причиной дефекта явился производственный брак товара, денежные средства за него будут возвращены Вам полностью. В противном случае, позиция будет возвращена Вам."
0,2,,"Цвет хороший, но работать невыносимо. Не выравнивается абсолютно","Добрый день. Благодарим Вас за обратную связь. Нам жаль, что база Вам не понравилась. При необходимости Вы можете доработать покрытие тонкой кистью."
0,4,"желтый, желто-зеленый, лимонный желтый, желто-зеленый светлый, кукурузный, желтый крайола, лимонный, горчичный",Цвет бомба. Но! Очень требовательный к нанесению. Нужна идеальная поверхность ногтя и желательно три слоя. На фото три недели носки.,"Добрый день! Благодарим вас за положительный отзыв, рады что вы выбрали гель лак для ногтей LIANAIL. С гель лаком для маникюра LIANAIL вы будете в центре внимания.
Рекомендуем попробовать такие продукты как : база для гель лака LIANAIL и топ для ногтей LIANAIL
Приятных покупок! Надеемся увидеть вас снова."
0,5,серый меланж,"В итоге взяла себе и не пожалела)) На свой 42-44 взяла 44-46, потому что этот костюм должен сидеть свободно 😊 Спасибо за качество💪🏻👍","Благодарим Вас за такой замечательный отзыв! Мы очень рады, что Вам понравилось качество и Вы смогли подобрать себе размер! Будем и радовать Вас новыми интересными моделями и отличным качеством!"
0,1,розовый,"Ужасное качество, клетках сторона изначально не прикреплена качественно к самой рельефное картинке. Как итог - сразу все отвалилось","Благодарим Вас за отзыв. Для нас очень важно мнение Покупателей. Мы передадим Ваши замечания на производство и приложим все усилия, чтобы наши продукты вызывали только положительные эмоции."
0,1,colorless,"Не смотря на то, что пакет с солью был упакован в пупырчатую пленку сверху, внутри сам пакет был поврежден, соль частично высыпалась, а внутри отсырела и сломалась комками.",
0,5,бронзовый,Отличные ложки. Не гнутся. Металл жёсткий. Очень удобно.,
10002241,4,белый,"Доставка быстрая, упакован хорошо, пришёл без повреждений, хороший матрас за свою цену 👍Единственный минус, когда сняли чехол, постирали, он стал не пригодным, порвался, растянулся..лучше стирать на руках.",
0,4,голубой,"Хватило на 3 недели. Пены мало, унитаз не чистит и чистоту не поддерживает. Чисто запах и все. В 2 раза дешевле чем в магазине. ",Добрый день!Спасибо за Ваш отзыв и выбор BREF!
0,2,горчичный,"Не понравился . Как домашняя одежда . Цвет не такой яркий , ткань как застиранная ",
0,1,черный,"Лампа плохая, свет на ней тусклый, регулировка яркости, не работает.","Добрый день, Наталья. Спасибо за Ваш отзыв, Вы помогаете нам стать лучше! Приносим извинения за доставленные неудобства. Вы можете вернуть товар по гарантии. Для этого обязательно сфотографируйте товар, чтобы была видна неисправность, а затем напишите в личном кабинете заявку на возврат. "
0,4,розовый,"Трудно надеваются. Необходимо регулировать пряжечка. Брали на размер больше специально, а в итоге не влезли",Спасибо Вам за отзыв и интерес к нашей торговой марке.
0,2,черный,"Не советую...качество отвратное, пластик ужасный...почему русский алфавит красный?а английский белый...в общем китай да и только...купил как времянку","Здравствуйте! Эта клавиатура действительно максимально простая, но лучшая по своим характеристикам в этой ценовой категории. Для пользователей, требующих большей функциональности, Defender предлагает большой выбор отличных клавиатур, например, модели Oscar, наборы Harvard, Berkley."
0,3,зеленый,"Цвет бледнее, чем на картинке. Простынь короткая оказалось",
0,1,,"Крем совсем не понравился. Очень липкий. Наносила на ночь, через пару дней заметила, что глаза припухают и при этом никакого эффекта разглаживания. Очень удивилась, что кому-то он очень понравился.","Здравствуйте, Наталья! Нам очень жаль, что Вы разочарованы покупкой. Для обеспечение заявленного действия крем нужно наносить на очищенную и подготовленную кожу дважды в день на протяжении 28 дней. Как показывает практика, первые положительные изменения будут заметны уже в первую неделю применения в случае регулярного использования. С уважением, команда LIMONI"
0,1,"красный, золотистый","Лиф микроскопический, на маленькую и плоскую грудь.. расплющивает. При этом огромного размера бразилианы, больше напоминающие стринги. В лифе тонюсенькая вкладка есть. Качество ткани удовлетворительное. Но своих денег однозначно не стоит",
10003674,4,,"Книга пришла в двух пакетах, упакована была хорошо. НО все равно оказалась с чёрными царапинами. На книгу и чтение это не влияет, но все равно не приятно. Поэтому снимаю одну звезду.",
0,3,черный,"Почитал огромное количество отзывов о кроссовках и заказал. Был виден клей на товаре, но я не успел его сдать, так как не было времени. Кроссовки удобные, но скорее всего, не оригинал. ",
0,2,светло-бежевый,"А для меня эти мерцающие частички - это единственный и очень жирный минус, из-за которого средство ушло в утиль. А вот жидкая структура наоборот понравилась, можно равномерно распределить по коже и нет эффекта маски, хотя у кого какая кожа и кому какой эффект нужен. Но блестки - это жесть. Выброшенные деньги, и я снова в поисках идеального тональника.",
0,5,"синий, красный","Пришло все как на фото .Яркий ,цвета насыщенные.Ткань достаточно плотная.Посмотрим как поведет себя после стирки.",
0,1,коричневый,Пришла другая футболка с разрезом на спине.,
0,2,colorless,"Заказали ""Кору дуба"", а получили ""Перечную мяту""",
0,1,"малиновый, синий","То ли брак , то ли отзывы недействительны . Сели один раз на мокрую скамейку  и все мокрое внутри , штаны ноги . Очень огорчена , впустую на ветер деньги .","Если нет повреждения верхнего литого слоя, то ткань абсолютно непромокаемая. "
0,1,colorless,"Я, конечно, все понимаю, но просроченный товар продавать.. ну такое себе.","Здравствуйте! Сожалеем о данной ситуации и приносим свои глубочайшие извинения! Спасибо, что обратили внимание на данную проблему. С нашей стороны обязательно будет проведена работа по улучшению сервиса и приняты соответствующие меры. Партия товара в ближайшее время будет обязательно проверена. С уважением, интернет - магазин Wildberries."
0,5,,"Хорошая кость на вид, в работе еще не пробовала",Добрый день! Благодарим за отзыв. Желаем вам хорошего дня и успехов в творчестве!
0,3,бордовый,Цвет не соответствует фотографии. Даже не открывала,
0,4,светло-бирюзовый,"Нагрудник очень симпатичный и фотогеничный! Минус одна звезда, потому что через несколько месяцев использования порвалась дырочка, сильно расстроились! ","Здравствуйте, Диля! Благодарим вас за обратную связь. Нам приятно, что вы остались довольны покупкой. И очень жаль, что отверстие для застежки порвалось. 
Добавляйте наш бренд в любимые, чтобы быть в курсе наших акций и скидок! Отличного вам дня! С уважением, команда ООО Одиос."
0,2,светло-бежевый,Быстро порвались ,
0,4,черный,"Неплохие, но большемерят на 23.5 см 37 оказались большие, на среднюю или узкую ногу.",
0,5,,"Вкусное молоко, стала брать вместо другого, в который стали добавлять консервант. Это без консервантов.",Спасибо за обратную связь)
0,2,темно-синий,"Настолько дешёвая синтетика, что я чуть не прилипла к шторкам в примерочной",
0,3,,Только классика. Ничего другого этим пинцетом у меня не получилось(,
0,5,синий,Все хорошо! Пришла целая без дифектов. Бутылочка отличная беру второй раз ,"Добрый день! Мы благодарим вас за то, что вы приобрели продукцию Dr. Brown's, за положительную оценку и за позитивный отзыв. Мы с вами - лучшие! Отличного вам настроения и с наступающим Новым Годом!!"
0,5,,"Доставка отлично, протеин прекрасен","Здравствуйте! Очень рады, что вам понравилось. Спасибо, что выбрали продукцию Prime Kraft и нашли время написать отзыв о ней. Мы это очень ценим!"
0,4,colorless,"После первого применения, пока не увидела результата","Здравствуйте, Светлана! Спасибо за ваш отзыв. Эффект от применения тканевых масок наиболее заметен при курсовом применении. Количество процедур при этом может варьироваться от 10 до 14. При этом в начале курса необходимо наносить маску через день, а затем – одну или две процедуры еженедельно. С уважением, команда LIMONI"
0,1,зеленый,"Термометр не верно показывает,совсем! Врет. Оставлю только из за того,что лягушка нравится! Фигня ! Старый термометр точно дает показания!",
10003937,4,черный,"Шапка теплая, выглядит хорошо, единственный минус, осыпается сильно, не знаю, как поведет себя после стирки.",
0,1,белый,"Упаковка вскрыта, нет одной заглушки, такое ощущение что после возврата по браку товар продали, очень не приятно!",
0,3,розовый,"Взяли за 996₽. Качество на трочку. Заедает кнопка подачи пластика. Так же выгружается не полностью, хотя пользуемся инструкцией. Пластик выходит не равномерно. Пузыриться. У ребёнка 10 лет аккуратно сделать рисунок не получается, да и у меня тоже.",
0,2,зеленый,"очень липнет к рукам, потом плохо отмывается, ребенку давать нельзя. В описании написано, что без запаха, на самом деле есть запах ванили.","Здравствуйте! Пожалуйста, примите наши искренние извинения. При получении заказа мы всегда рекомендуем проверить его и при обнаружении неполной комплектации, брака, неправильного вложения вернуть товар сразу при доставке. При наличии данных причин в течение 24 часов у Вас есть возможность  создать заявку для проведения проверки данного товара (Личный кабинет  - Обратная связь - Проверка товара). Если дефект был выявлен после покупки, товар можно вернуть. При подтверждении производственного брака  денежные средства за него возвращаются в полном объеме. С уважением, интернет-магазин Wildberries."
0,4,прозрачный,"Пришли хорошо упакованы, результата пока особо не вижу, но думаю при регулярном использовании должен быть","Добрый день. Благодарим Вас за отзыв, нам важно мнение наших покупателей. Рекомендуем попробовать и другой продукт нашего бренда. У средства накопительный эффект, рекомендуется регулярное и систематическое применение - от двух-трёх недель. Приятного использования!"
0,3,розовый,"Оттенок красивый, но мне достался бракованный экземпляр. На фото видно что флакон лопнул внутри, похоже на заводской брак. В пункте самовывоза мне не разрешили вскрыть и проверить товар. Уважаемые сотрудники магазина, обратите внимание что возврат я сделала сразу после того как приехала из пункта самовывоза, т.е прошло не более полу часа. Я оформила заявку на возврат, прошу вернуть деньги в связи с браком.",
0,2,,"Вряд ли этот мармелад имеет право называться желейным. Скорее обычный. Все конфеты на один вкус, ничем не отличаются. Не рекомендую покупать истинным любителям свежего советского желейного мармелада. Ничего похожего",Очень сожалеем что Вам не понравился наш продукт(((
0,2,"черный, серебристый","1) В первый же день слетел со шпильки браслет (штырек на котором держится браслет), пробовали вставить на место шпильку, ну никак не получалось, она как будто короче, чем нужно. Пошли к часовому мастеру, вставил он шпильку, но все равно браслет шатается, того и гляди опять вылетит шпилька.
   2) Подсветка не работает!
Ладно хоть сами часы работают...Стоят недорого, поэтому не хотелось заморачиваться возвратом товара.",
0,4,фуксия,"Начитавшись отзывов, что нужно брать на 2-3 размера больше, на рост 97 рискнула взять 116 размер, тк носить полукомбинезон будем не каждый день, а на один сезон покупать не хочется. Ещё не носили, поэтому надеюсь, что спасёт не только от грязи, но и от воды. Потом отпишусь. Но вообще качество не очень: швы кривые, строчки на резинке распарываются, материал отрезан криво. А пока про размеры, тк сама измучилась искать замеры. По моим измерениям, в той таблице, которую я нашла, немного неправильно. У меня получилось так: 74, 46, 30. Великовато, но на комбенизон с утянутыми лямками носить можно. Если не подкачают, носить будем долго.","Благодарим за выбор нашей продукции! Мы проведем проверку в размерах и усилим контроль качества.К сожалению, мы не можем переубедить пользователей-любителей больших запасов, рекомендацующих большие прибавки к росту и размеру."
0,4,,"База не просыхает даже при слое 0,5 мм. Наносится очень-очень-очень тонким слоем...Не знаю может так и должно быть))) на клиентах пока боюсь пробовать её в работе, сначала испробую на себе. Липкая.","Добрый день! Данная база является быстрорастворимой, она снимается жидкостью за 5 минут. Идеально подхоодит для домашнего использования. Также её можно использовать как праймер. Частично сохнет в лампе, частично на воздухе - это её особенность. Не подходит для выравнивания ногтевой пластины - то есть для более толстого нанесения. У данной базы остаётся сильная липкость после просушки. Её необходимо снять сухой салфеткой. После снятия лс ноготь выглядит практически голым, но по факту база просохла и укрепляет ноготь как ламинирующий состав"
10002624,1,белый,Пришёл разбитый …..,Ой ну как же так :( Напишите нам в заботливую службу поддержки Twistshake. Контакты службы указаны на упаковке и в инструкции к контейнеру. В теме письма укажите WB HELP.  Возьмем в работу и решим Ваш вопрос.
0,3,черный,"Пришли быстро.Всё хорошо,но пишут слишком тонко и не ярко,как будто засохла паста.","Здравствуйте! Толщина линии письма данных ручек составляет всего 0,2 мм, это является их отличительной особенностью. Недостаточная яркость чернил может быть связана с тем, что шарик в пишущем узле новой ручки не был достаточно обкатан. Для этого советуем попробовать писать на разных поверхностях с разной силой нажима. Надеемся, ответ был полезен. Приятных покупок с Berlingo!"
0,2,,"Работать не возможно, очень много пузырьков воздуха","Добрый день! Благодарим вас за отзыв, рады что вы выбрали топ для ногтей с липким слоем LIANAIL. Пузыри могут образоваться при транспортировке, а также при работе, когда воздух попадает внутрь при резком опускании кисти во флакон. Чтобы избавиться от пузырей достаточно поставить приоткрытый флакон с гель-лаком в тёмное теплое место на 6-10 часов.
Рекомендуем попробовать такие продукты как : база для гель лака LIANAIL и  обезжириватель для ногтей LIANAIL.
Приятных покупок! Надеемся увидеть вас снова."
0,3,colorless,"Добавляю отзыв. Патчи не спадают, есть чуть-чуть жжение, после снятия слегка краснота появилась, но прошло. Мешки под глазами не убирают, бессонная ночь видна. Подтягивают кожу, приятное чувство стянутости","Добрый день. Благодарим за Ваш отзыв, нам очень важно мнение наших покупателей. Лёгкое покалывание возникает в рамках нормы, в связи с действием активных компонентов; оно проходит в течение нескольких минут. Для более выраженного действия рекомендуем систематическое и регулярное применение патчей - от двух-трёх недель, средство имеет накопительный эффект. Приятного использования!"
0,1,,"Пришел совершенно другой аромат, и к тому же мужской",
0,4,черный,"Неплохие, лёгкие. Носим почти год.","Спасибо за добрые слова! Мы рады, что вам понравилась наша обувь."
100026092,3,желтый,Несуразная юбка в итоге. Села колом. Отказ конечно,"Здравствуйте!  Мы сожалеем, что мини юбка на запах не оправдала Ваши ожидания и не села так, как Вы предполагали. Нам важен каждый отзыв, так как это помогает нам улучшать качество нашей продукции и обслуживание. Возможно, для создания желаемого образа Вам подойдет наш другой товар - элегантный вечерний топ под пиджак артикул 12498360, который отлично дополнит ваш гардероб и может стать изысканным элементом вашего вечернего наряда.  Спасибо, что поделились своим мнением. Надеемся, что в будущем наш ассортимент сможет Вас приятно удивить.  Желаем вам приятных покупок и искренне надеемся увидеть вас снова! 
С уважением, команда La Selva!"
0,5,коричневый,Они великолепны. Качество- огонь. На ноге- стильно!,
0,1,colorless,банка пришла разбитой,
0,2,"красный, черный","Из плюсов только размеры и внешний вид. Все в нем пригорает. Отмыть после приготовления очень трудно. Нужно пользоваться абразивами. Вообще посуда этой фирмы очень нравится. Есть сковородка, ковшик, кастрюля с антипригарным покрытием. Там все на 5 с +. Ну, это покупка, честно говорят, разочаровала.","Здравствуйте! Спасибо за ваш отзыв. Сожалеем, что противень не дотянул до ожиданий. Обязательно учтём ваше замечание. Надеемся, что новые покупки принесут вам только положительные эмоции. Будем рады видеть вас снова!"
0,5,"фиолетовый, желтый",Отличный!!очень рада дочь и вся семья))),"Добрый день! Спасибо за выбор и доверие к ТМ Томик.  Нам очень приятно)) Играйте и развивайтесь с удовольствием ))  С любовью, Томик "
0,2,черный,"Качество, а вернее состав. Поддон мягкий, так как не пластик. Непонятно как будет отмываться от грязи.",Добрый день. Спасибо за отзыв.
0,5,синий,"Единственная соска, которую взял ребёнок, качественно сделана! Буду брать ещё","Яна, здравствуйте! Рады, что Вы остались довольны покупкой. Благодарим за доверие и отзыв. Желаем Вам только приятных эмоций."
10003929,1,зеленый,"Тонкий, не для зимы",
0,5,"белый, голубой",очень крутые носочки))₽₽))💌 ,Спасибо за отличный отзыв. Мы дорожим обратной связью от покупателей. В нашем ассортименте более 200 ярких моделей. И каждый сезон выходят новинки. Будем стараться радовать вас снова и снова. Ваша Babushka :)
0,4,белый,"Размер соответствует. Ношу 35. Соглашусь с другими отзывами, что есть запах. Жестковаты.",
0,3,белый,"Уважаемые упаковщики, ГДЕ четвёртая заглушка?!? ",
0,2,белый,"На холсте вмятины, краска скатывается, как с пакета",
0,1,"синий, голубой, розовый","Комплект белья за такую цену нормально, но очень омрачил заводской брак",
0,2,,Чай не понравился! Ожидал совершенно другого вкуса! Послевкусие притарно сладкое.,"Добрый день,Павел! В основном все отзывы на наш Улун Женьшень Премиум положительные, вам не понравился вкус и такое бывает, ничего не поделаешь) Рекомендуем вам попробовать другие товары из нашей линейки, уверенны - вы найдёте чай по душе!"
0,1,,"Кора пришла в разорванной упаковке. Заявлено на товаре 3 литра, по факту литра два. Отказ.","Добрый день. Нам очень жаль, что Вам пришлось столкнуться с безответственной доставкой со стороны Wildberries. Спасибо что вернули! В свою очередь, мы утилизируем эту упаковку на складе, что бы она не попала в руки другим покупателям. Надеемся, что дальнейшие покупки продукции Green Garden Pro принесут Вам только положительные эмоции!"
0,1,зеленый,"Пришёл с рваным пакетом . Не хватает 4 детали. 
","Добрый день! Благодарим за отзыв. При получении заказа тщательно проверяйте товар на целостность упаковки. К сожалению, мы не можем проконтролировать продукцию на этапе доставки и очень сожалеем, что произошла такая неприятная ситуация.  Обратитесь на наш официальный сайт Томик, мы с вами обязательно свяжемся и отправим недостающие детали. С уважением, команда Томик
"
10002631,5,синий,"Отличная бутылочка, хорошего качества!👍","Благодарим за ваш отзыв! Пользуйтесь с удовольствием! 
"
0,5,кофейный,"Купила мужу побаловаться , он в восторге ",
0,4,"розовый, зеленый","Цена хорошая со скидкой,но качество не очень,с овечками комбез поплотнее,а зеленый тоненький, даже дырочки маленькие появились вдоль шва где кнопки,в общем для дома не плохо за эти деньги","Здравствуйте. Сожалеем о данной ситуации. Товар можно вернуть на проверку. Если проверка подтвердит, что причиной дефекта явился производственный брак товара, денежные средства за него будут возвращены Вам полностью. В ином случае, позиция будет возвращена Вам."
0,2,colorless,"На первый взгляд пришли хорошо упакованные, в заводской слюде, коробочка сухая, но пакетик в который была упакованная баночка оказалась вся мокрая, плохо закручена крышка и, не смотря на целый с виду защитный слой внутри, вытекло не мало. Пользоваться конечно еще ими можно, но обидно. Совет: вскрывайте их на пункте выдачи, даже если с виду они целые.",
0,3,белый,"Пришли совершенно другие трусики,не в коробке в обычном пакетике.отказ,хотела эту модель.",
0,4,синий,"Ставлю 4 звезды. Получила часы. Они нам понравились, цвет синий яркий. Размер прям такой какой и хотели. Всё соответствует описанию. Возникла проблема из за механизма,сломано крепление для второй стрелки. Теперь получается выбросили деньги на ветер. Жаль. Обидно. Мы так ждали эти часы.",Не переживайте! Мы же дали гарантию 2 года))) Напишите нам и мы найдём способ быстро прислать новый механизм своими силами. service@vashasvetlost.com
0,4,пудровый,"Заказала на свой добеременный 40-42 размер розовый и зелёный 42 и 44. Когда одела костюм 42 размера, я в нем утонула, он повис на мне балахоном, 44 р-р даже мерить не стала, хотя срок не маленький -7 мес. Ткань тонкая, легкая, как прозрачная. Даже если бы в пору пришёлся костюм, забирать бы не стала. Я искала на тёплую весну, а этот больше летний. В живую больше грязный цвет, а зелёный не такой насыщенный как на фото. ",
0,4,,Немного похож на турецкий.,
0,5,,"Не жирный, приятный аромат. Со своими функциями справляется на 5!","Добрый день! Благодарим вас за  положительный отзыв, рады что вы выбрали крем для рук увлажняющий ONIQ. Крем для рук питательный от ONIQ остается любимчиком среди мастеров маникюра.  
Для идеально завершения маникюра попробуйте масло для кутикулы ONIQ.
Приятных покупок! Надеемся увидеть вас снова."
0,5,"белый, серебристый","Кеды мягкие, удобные, стильные. На ноге  аккуратно смотрятся. Размер в размер. На свой 36р. заказала 36р. как  раз. Дочери заказывала на 38р. - 38р. тоже подошли. Дочери пришли хорошие , а мне к сожалению  пришли с браком.  По швам обрисованы красной ручкой. Спереди на подошве вырваны маленькие кусочки. Потертость на коже на мыске. Подошва грязная.  Еще раз заказала. Надеюсь придут в хорошем состоянии. Очень хочется эти кеды.",
10001560,5,розовый,"Покупала несколько раз. Безума от данного дизайнерского принта. Жаль, что его нет в одежде для деток после года, уж очень он нам понравился.",
0,5,красный,"Платье красивое, длиннее чем на модели . Единственный минус темнее чем на фото. Но я всё равно оставила,","Доброго дня! Спасибо, что выбрали нас) Нам будет очень приятно, если Вы обратите внимание и на другие наши продукты. С любовью, команда Lussotico)
"
10000258,3,белый,"Совершенно не пенится, очень большой расход на взрослого человека получается. Точно не сушит не раздражает кожу, без увлажняющих средств после мытья не обойтись. Запах нейтральный приятный. Больше брать не буду в пользу других средств другого производителя","Добрый день!  Данный продукт не пенится, тк его состав не содержит мылящих веществ. Этим и обусловлен расход продукта. Так же мы рекомендуем всегда использовать увлажняющие средства после любого очищения. Спасибо!"
0,4,красный,Размер в размер. На ноге сидят плотно. Вонь от подошвы несусветная. Чуть не задохнулась в примерочной.,
0,3,черный,"Ремень очень жёсткий.Форнитура/бряшка/ соединена с ремнем тоненьким ремешком,быстро протрется,не надёжно,и подгонялся ремешок к бряшке,срезы не ровные,шлицы тоже безобразные,края рваные,соединение  тяп- ляп.Разочарована .На пункте выдачи не проверила,так как ранее заказывала такой же ремешок,только продавец ALTERNAT,качество на высшем уровне,хотя цена намного ниже.Буду заказывать у этого продавца.","Добрый день,
благодарим вас за отзыв, крайне сожалеем, что изделие не оправдало ваши ожидания. В коллекциях наших торговых марок огромный выбор товаров, надеемся, вы найдете изделие себе по вкусу.

Хорошего дня!"
0,1,,"Клавиатура не работает, хотя что можно было ожидать за такие деньги","Сожалеем, что Вам пришлось столкнуться с неудобствами во время использования нашего товара. Допускаем, что Вам пришло бракованное изделие. Товар можно вернуть, предварительно оформив заявку в личном кабинете «Проверка товара – Возврат после оплаты по браку». Обращение рассматривается в срок до 5 дней. После подтверждения заявки денежные средства возвращаются на баланс сразу же после фактической передачи товара."
0,2,"голубой, розовый",Очень дорого. В фикспрайсе 199р,"Добрый день. Мы как производитель можем точно сказать, что с фикспрайсом не работаем, и наши наборы туда не поставляются. Скорее всего, там продаются гипсовые, а не керамические фигурки для раскрашивания."
0,2,золотистый,"Дополняю  отзыв. Тени пришли полупустые ,пять раз накрасила и тюбик пустой!!!",
0,5,бордовый,Отличная сковородка,"Здравствуйте!
Мы рады, что посуда Моulin Villa соответствует всем Вашим требованиям. Команда Moulin Villa делает все, чтобы с использованием нашей продукции у вас было больше времени на отдых, семью и приятные моменты.
Выбирая нашу посуду, Вы подтверждаете, что мы на правильном пути.
С благодарностью, команда Moulin Villa!
"
0,4,золотистый,Через 2 дня проявился воздушный пузырик😭,
0,4,colorless,"Запах приятный ,приятное ощущение холода на коже . Из минусов :ощущение, что моешься в заварке)))",
0,3,молочный,"На узкую ногу не подходят, широки.",
0,4,"желтый, серый",По фото думаю будет видно что цвет не такой насыщенный(,
0,1,colorless,Не выросли.Делали все по инструкции...,"Добрый день! Нам очень жаль, что покупка Вас разочаровала. Попробуйте подождать и продолжать уход за растением."
0,5,,"мое спасение, мажу ним все и всегда","Здравствуйте, Дарина! Мы очень рады, что Вы довольны качеством и эффективностью регенерирующей маски Skin Helpers. Желаем Вам приятного использования, отличного результата и прекрасного настроения каждый день."
0,3,серебристый,Нет застежек ,"Здравствуйте, спасибо за ваш отзыв. Застежки находятся под подушечкой, если их там не оказалось, то клиент до вас их потерял. Мы как поставщик проверяем все изделия на брак. но мы не контролируем процесс примерки, в ходе которой товар могут повредить или потерять его составляющие. "
0,4,"синий, голубой",В комплекте была только одна наволочка,"Добрый день! Спасибо большое за обратную связь.  В описании товара подробно указывается, что входит в комплект постельного белья. В данном комплекте наволочка только в одном экземпляре. Ждём Вас снова на страницах каталога товаров для дома Letto!"
10002099,4,"серый, фиолетовый","Примерили скатерть, размер подошёл, расцветка понравилась, единственный момент, не очень плотная, думала потолще будет ткань. ","Здравствуйте! Благодарим за обратную связь, это очень важно для нас. Надеемся Вас заинтересуют и другие наши изделия. Ждём Вас снова."
0,2,"оранжевый, желтый",Плохо! в коробке нет окислителя?.Возврат,
0,2,"белый, серо-фиолетовый, серо-зеленый","Не понравился, расцветка отличается от фото. Отказ","Добрый день! Спасибо что нашли время оставить отзыв. Очень жаль что товар вам не подошел! Цвет фотографии во многом зависит от цветопередачи Вашего устройства и калибровки экрана, на разных носителях оттенок может отличаться."
0,4,голубой,"Коврик красивый, но очень скользкий","Добрый день, Екатерина! Спасибо, за отзыв! Нам важно мнение наших клиентов. Мы проверим данную партию товара на качество. Ранее нареканий по этому коврику не было."
0,4,,"Фигурка симпатичная, идея тоже, но отсутствие выключателя меня не устраивает. Отказ.","Добрый день, Юлия! Жаль, что Вам не подошла садовая фигурка Гнома. Вы можете выбрать аналогичный товар или посмотреть ассортимент нашей компании. Желаем только приятных покупок!"
0,4,"розовый, светло-бирюзовый","Постельное не плохое,но цвета не такие яркие,как на фото,почти за 1800 хотелось бы,более приближонного с картинкой.","Добрый день, цветопередача фотографий изделия всецело зависит от настроек пользовательских мониторов. Также восприятие цвета  реального изделия очень зависит от  типа освещения в комнате. Если вас разочаровал реальный цвет изделия, вы можете отказаться от покупки или вернуть товар."
0,1,"красный, белый, синий","Это ужас! Ребёнок был счастлив получив подарок на 8 марта, так как очень любит различные эксперименты. Вскрыв упаковку обнаружили, что нет ложечек стаканчиков(3шт)!!! И штатива(подставки) для пробирок -1шт, получается играть невозможно!!! Либо нужно четыре руки чтобы держать эти пробирки!!! А самое обидное я их закупала в детский сад на 23 февраля мальчикам и 8 марта девочкам и возможно у многих некомплект, просто молчат,ужасно стыдно!!! Опрос проведу среди родителей.",
10002458,2,темно-синий,"Ношу 48-50, 46 на мне как 52-54, качество приемлимое",
0,4,черный,"Выбрала эту модель из-за гелевых вставок и фиксатора запястья. Обхват ладони 19см, заказала М. В итоге перчатки оказались очень свободные, на ладони при сгибании пальцев топорщится, прилегания нет. В пальцах тоже много места. Лента, которая обматывается вокруг запястья, оказалась для меня длинная, а липучка ограничена по длине, и мне закрепить не удалось. Если с размером самой перчатки можно было бы попробовать взять С-ку, то вот с лентой на запястье, я думаю, будет такая же ситуация. Не могу сказать насчёт материала на ладони, насколько он нескользкий (нет резинового нанесения точками или т.п.), потому что проверить не удалось.",
0,5,молочный,Хорошая шторка. Все устроило низ под фактический размер буду подшивать.,
0,4,розовый,"Я не в восторге, грубоват комплект, после стирки не полинял, простынь слегка перекосило,наволочка 70×70, очень неудобно, исправьте  пожалуйста описание, даете неверную информацию.Ребенку понравилось,это главное!","Добрый день. Мы благодарны, что Вы оценили нашу продукцию. Ваше мнение важно для нас. Для изготовления комплектов постельного белья, применяется традиционная российская бязь. Плотность бязи для постельного белья составляет не менее 120 г/кв.м., при таком показателе вещь считается качественной и долговечной. Для смягчения белья рекомендуем при полоскании добавлять кондиционер.  Надеемся, что последующие покупки так же принесут Вам исключительно положительные эмоции.
"
0,2,белый,"Хочу ответить представителю бренда. Сумка никогда не расправляется до первоначального вида. И будет смотреться неопрятно. Что касается недобросовестных покупателей, то для этого в офисе возврат принимает представитель wildberries , который должен проконтролировать, что и в каком виде ему возвращают. От сумки конечно отказалась.","То есть ""двойку"" вы ставите не изделию, а представителям ВБ, которые, принимая товар с возврата, совсем не смотрят на внешний вид. К сожалению, вынуждены с Вами согласиться."
0,1,белый,А итоге товар так и не дошёл!возврат денег!,
0,4,,"Банка немного протекла, т.к. крышка просто прокручивается. Так что, спасибо упаковщикам, целлофан надежно удержал содержимое :)
Сироп очень сладкий. Хотя написано без сахара!?","Добрый день! В составе сироп топинамбура, а не сахар. Но надпись ""без сахара"" убрали, что бы не путались."
10001099,3,черный,"выглядят некачественно, всё в клею, голень широкая, деревянные, колодка бабская. такая обувь не стоит 4 т., ну 16- вообще смешно.",
0,2,красный,"Меньше месяца прослужила , лопнула при упражнении",
0,1,черный,"Заказала одно,пришло другое совсем","Добрый день! Благодарим за Ваш выбор и отзыв. 
Приносим свои извинения за сложившуюся ситуацию.
К сожалению, мы не несем ответственность за работу склада Вайлдберриз. Надеемся, что данное недоразумение не испортило впечатление о нашем продукте.
С уважением, команда Кинексиб."
0,2,,"Ой, ну не знаю за что такая высокая оценка товара . Как по мне, так это вырви глаз. Прям до ужаса спирт спиртовый. ","Здравствуйте, Светлана! Благодарим Вас за обратную связь о Вашем мнении и опыте использования лосьона перед шугарингом GLORIA SUGARING CLASSIC. Нам жаль что продукт не оправдал Ваших ожиданий. Желаем Вам только приятных покупок и отличного настроения."
10004221,5,серо-голубой,"Костюм понравился очень. Комбинезон я подпоясала и длина брюк на место встала . На каблуках шикарно . Ткань синтетика, но качество хорошее.",
0,3,черный,"Кеды не плохие,но вот коробка подвела все ее как будто пинали ","Здравствуйте! Спасибо за оценку и жаль, что понравилось не всё. Чтобы проверить, почему так вышло с коробкой, обратитесь в клиентский сервис Wildberries. Надеемся, что будущие покупки adidas оставят только приятные впечатления!
"
0,5,черный,"Целая, не помятая, немного в пыли, работает)","Доброго дня! Спасибо, что нашли время написать хороший отзыв! Мы очень рады, что Вам понравилась настольная лампа от компании Эра. Заглядывайте к нам еще!

"
0,5,черный,"Сумка отличная, выбирала между двумя, оставила обе. По размеру переживала, но из моей старой, размер которой был больше, все влезло. Рекомендую к покупке. На фото обе новые сумки",
10004026,5,синий,"Телефон понравился,пользую уже полгода,нареканий нет,со своими задачами справляется.Батарея хорошая,экран неплох,вообще кто не заморачиваться советую.",
0,2,серый,"Это не мужская сумка. Для ребенка 10 лет, не старше. Ремень на максимуме налезает на мой 44 размер. За такие деньги Китай продавать уже совсем наглость","Здравствуйте. Эта сумка не через плечо, а на пояс для взрослых."
0,5,розовый,"Отличный комплект,цвет после стирки не теряется,очень ярко розовый,для девочек фанаток щенячьего патруля просто восторг!!!",
0,4,черный,Очень неприятная ткань. Поэтому возврат. В остальном цвет и размер соответствуют.,
0,5,"розовый, светло-бирюзовый",Очень советую!!! Берём второй раз. Насыщенный цвет и качество год после стирки и цвет такой же.,Добрый день. Благодарим Вас за высокую оценку нашего товара. Будем стараться и дальше радовать Вас и Ваших близких нашей продукцией! Подписывайтесь на наши новинки. Ждём Вас снова!
10003837,5,голубой,"Платье просто шикарное!!! Модное, необычное. изящное!!! Выбирали между розовым и голубым. Дочери понравился голубой переливающийся леопардик. Хотя я склонялась к розовому( более универсально) Порадовала цена (2383р) С фото точно совпадает. Спасибо магазину !","Большое спасибо за положительный отзыв. Мы рады, что покупка доставила Вам удовольствие. Надеемся, что Вы найдёте ещё много интересных вещей в коллекциях бренда SMENA. Желаем Вам приятных покупок!"
0,3,светло-коричневый,"Расцветка совсем не такая, как на фото. На фото в коричневых тонах, а действительности много ядовито-светло-оливкового.",
0,1,белый,"Ну по размеру явно маломерки, заказала 38/39, а они реально на 36/37.","Татьяна, нам очень жаль, что вы оценили наш товар одной звездой из-за того, что вам не подошел размер. При первой примерке может показаться, что тапочки маломерят, но это не так. Искусственный мех внутри быстро обомнется и тапочки будут больше."
0,3,белый,"Внешне симпатичный, небольшой, но, к сожалению, не работает. Вставили совершенно новые батарейки (нужны две АА), нажимали на указатель, но дедуля так и не ожил. Жаль :(",
0,1,"темно-бордовый, бордовый","Сумка пришла упакованная в прозрачный пакет,без бумаги внутри,вся в заломах,когда же ВБ.научится доставлять вещи в нормальном состоянии.Сумка сама красивая.","Очень жаль, что вы получили сумку в таком виде. Ну конечно, это не мы ( производитель) так отправляем и не склад ВБ вынимает бумагу после приёмки товара. А вот покупатели после ""примерки"" очень часто присваивают себе съемные ремни, цепочки, декоративные подвесы.А уж о том, чтобы упаковать обратно сумку как она была- и речи нет. Даже мешки из спанбонда ( для хранения) и те воруют. Конечно, при возврате товара сотрудники ВБ должны проверять полную комплектацию, но, увы, это происходит не всегда ответственно.
С уважением, производитель аксессуаров из натуральной кожи ESSE"
10003930,5,черный,"Качество огонь, на охоту мужу брала",
0,1,розовый,"Ставлю одну звезду за неправильное вложение,понимаю,что покупателям это не поможет в определении качества и внешнего вида товара,но молчать по поводу систематической отвратительной работы магазина не стану.",
0,5,прозрачный,"Я осталась очень довольна, после первого применения результат на лицо. 🤗 Доставка герметична, заявленный результат соответствует, удобно в использовании!! ! 👍 
Девочки, я советую!","Благодарим Вас за отзыв, нам важно мнение наших покупателей. Рекомендуем попробовать и другой продукт нашего бренда."
10004123,2,"розовый, серый, медный",Пришел только снуд. Пакет был вскрыт. Очень неприятное впечатление!,
0,4,серебристый,"Подвеска неплохая, но пришла с дефектом",Приносим извинения за это факт. Усилим контроль за качеством перед отгрузкой. Ваши отзывы помогают нам стать лучше!
0,1,молочный,Товар пришел не того размера,
0,5,серый,"Тапки очень клевые,мягкие.Ножка у меня худенькая ,поэтому прям для меня 👍🏻","Татьяна, спасибо Вам за отзыв! Носите с удовольствием!"
0,3,"серебристый, черный, красный",Очень бьёт по ушам.,
0,4,"желтый, лимонный, золотистый",Украшение пришло в хорошем состоянии. Я довольна ,"Добрый день, Ксения! Спасибо Вам за отзыв. Нам очень приятно, что мы смогли Вас порадовать. Носите с удовольствием."
0,3,"розовый, белый",Спустя недели 3 подушка стала блином...,"Добрый день! Благодарим Вас за оставленный отзыв! Наполнитель подушки - шарики термофайбера - могли немного ""прижаться"", но их достаточно вручную ""распушить"" и они примут прежнюю форму. Надеемся видеть Вас снова в числе наших клиентов!"
0,5,бежевый,"Ребёнку танк очень понравился. Детали ровные, собирал с удовольствием. Понравилось, что двигаются гусеницы у танка и крутится башня.",
0,4,черный,"Пришли с белыми шнурками, которые очень длинные (менять придётся). Натирают ноги. Находиться в них больше 2-х часов некомфортно. Будто в дешевом кожзаме нога преет. Размеру соответствует. Купила за 2500₽",
0,3,черный,"Внешне красивые, но ДУБОВЫЕ! И пришли с множеством потёртостей((( возврат!","Добрый день. 
Спасибо за отзыв. Сожалеем, что товар не оправдал ваших ожиданий. Отметим, что удобство и комфорт, чаще всего, зависит не только от размера, обозначенного маркировкой производителя, но и от модели и посадки, а также может зависеть от индивидуальных особенностей стопы. При выборе размера рекомендуем ориентироваться на длину стопы, заявленную в карточке товара.  
Для нас важно в каком виде товары поступят клиенту, и мы внимательно проверяем их перед отправкой. Вероятно, повреждение произошло в процессе транспортировки. 
Передали информацию для проведения проверки предпродажной подготовки и условий транспортировки товара.
С уважением."
0,2,"голубой, белый","Перчатки внешне хорошие,но в районе большого пальца сшиты так что образовалась складка, да кто-муже мягкая часть которая должна защищать подушечки пальцев  находится НИЖЕ подушечк пальцев",
0,2,белый,"Пришли со вскрытой упаковкой. Не придала этому значения, а зря. Дома посмотрела-несколько затяжек и грязные черные пятна. Пришлось вернуть, жаль",
0,5,,"Заказала несколько видов на пробу. Шоколадная - оказалась фаворитом. Угощали друзей под кофе с булочками - очень вкусно получилось, честно говоря не ожидала, полностью довольна.","Здравствуйте.
Благодарим Вас за выбор нашей продукции и обратную связь."
0,4,colorless,"Пастой пользуюсь 3 недели, утром и вечером. Вау эффекта нет. Обычная паста. Ничего особенного. Чистит как и все пасты. Налет на зубах от сигарет на месте.",
0,2,"черный, белый","Это не сумка, а малюсенькая косметичка. Достала из упаковки и сначала подумала что сумку не положили, а это только вкладыш.",
0,2,colorless,"Упаковка повреждена, соль рассыпана. У самой соли цвет и запах химозные. Не рекомендую",
0,5,темно-бежевый,"На самом деле 301 тон никакой не темно-бежевый, а бежевый или телесный. Качество хорошее, в течении дня тон не растекается и не блестит. Наношу кистью.",
0,4,черный,"Жёсткие , но красивые. Надеюсь , что получится разносить )",
0,3,,"Вкус Горького шоколада, даже какао, много не съешь, в охотку, больше не закажу","Ольга, здравствуйте!
Жаль, что продукт не оправдал ожиданий(. Ведь более 5 тысяч покупателей высоко оценили вкусовые качества этого десерта. Но на вкус и цвет...)))
Но спешим обрадовать вас - среди ассортимента ""Иван-поле"" есть две шикарные шоколадные пасты - шоколадно-ореховая паста без сахара TobeNut  и веганская ""Наэма"" и мы хотим отправить вам одну из них на выбор бесплатно! Пожалуйста, позвоните по телефону горячей линии или напишите на нашу почту! Надеемся, что этот шоколадный десерт вас порадует! "
0,2,серый,"Ужасная ткань, похожа на марлю! Однозначно отказ!","Добрый день! Благодарим Вас за отзыв и проявленный интерес к нашему бренду. Очень жаль, что данный комплект Вам не подошел. Комплект выполнен из бязи российского производства в соответствии со стандартами ГОСТ. Бязь действительно немного разряжена за счет своего плетения, но при этом ткань характеризуется как гигроскопичная и воздухопроницаемая. Не накапливает пыль, бактерии и статическое электричество, сохраняет яркость красок. Мы надеемся видеть Вас снова в числе наших клиентов!"
10002620,2,бледно-розовый,"Почитала отзывы, рискнула купить. Ждала с нетерпением доставки и зря, платье сидит ужасно, на груди все распирает, поправить не поправишь, смотрится как ""женщина с трассы"", и по шву видно брак, на талии, на руках.",
10002241,5,белый,Отличный 👍👍👍👍,
0,2,темно-коричневый,"Не оправдал ожидания, очень тонкий, легкий","Здравствуйте! Спасибо за ваш отзыв. Сожалеем, что противень не дотянул до ожиданий. Мы всегда советуем покупателям проверять товар при получении. Если что-то не понравится, от покупки можно отказаться. Также вы можете оформить возврат товара через личный кабинет. Надеемся, что новые покупки принесут вам только положительные эмоции. Будем рады видеть вас снова!"
0,3,красный,"Дополняю отзыв, после двух стирок штаны скатались, с кофтой все норм",
0,4,белый,"Неплохая,но не оправдала ожиданиеза эти деньги,хотя и пишут кожа.  Маленькая совсем.","Спасибо за выбор продукции ESSE и оставленный отзыв. Изделие не большое, и не маленькое, а именно такого размера, как мы хотели его сшить. Размеры изделия указаны в характеристиках товара. Рекомендуем внимательно изучить все параметры,чтобы не разочаровываться в покупке.
 С уважением, производитель аксессуаров из натуральной кожи торговой марки ESSE.
"
1000417,3,бежевый,"Не поняла я эту вещь.Очень тоненький материальчик,больше похож на ""сатин"" до стирки.Короткий и очень объемный,на размер меньше нужно заказывать ,если конечно нужно...",
0,3,розовый,"Качество плохое. Очень жёсткое, неприятное к телу. Такую цену явно не стоит. Оставила только из-за того что ребёнок захотел. Три звезды за яркость и героев",
0,3,розовый,"Очень страшненькая, небольшая кукла. На фото на много лучше. Отказ.",
0,1,,"Я и до этого не верил во все жидкости спортпита. Результат принесли усиленные тренировки, а потел что принимая этот концентрат что не принимая","Добрый день. Не всегда проблема в продукте. Если у вас толерантность к простым и безопасным энергетикам (жиросжигатель работает и как энергетик в некотором роде), возможно, вы не ощутите его действия. Возможно, есть ошибки в диете, которые не дают почувствовать работоспособность продукта, например, большое количество углеводов в рационе. Попробуйте отдохнуть некоторое время от спортивного питания и вы начнете ощущать его действие снова. 
С уважением, команда SteelPower."
0,4,черный,"Мой стоит неустойчиво, прикрепила к спинке кровати, за 322 р. нормально.",
10002097,4,"голубой, розовый","Очень красивая, яркая, но такой брак на видном месте :( полоска синяя",Благодарим Вас за отзыв. Для нас он очень важен
0,4,"розовый, оранжевый","Не понравились. Очень маленькие. На пластик наклеена картинка, немного отходила от самого кубика. Не распаковывала, но было видно и под упаковкой. ","Здравствуйте! У наших кубиков стандартный размер, он указан в описании товара. Жаль, что они Вам не понравились. Все картинки на кубики наклеиваются вручную. Если изображение не плотно прилегает к поверхности, нужно аккуратно провести по нему рукой для лучшего сцепления с пластиком. Спасибо за отзыв."
10003156,3,бежевый,Очень сильно электризуется,
0,3,белый,"Прокрашено неравномерно, есть сколы, царапины. В целом выглядит скорее как игрушка. Звучание оценить не могу, к сожалению, покупала в подарок ребёнку. Струны пластиковые, белые. Медиатор в комплекте. Доставлено в картонной коробке. ",
0,3,черный,"Красивые, наверное, удобные - но мех тонкий и на коже мелкие трещинки на одном сапоге были. На обхват ноги 38 сели отлично в 38 размере",
0,5,серый меланж,"Шикарная лампа, у нас в Сарове солнце раз в месяц светит зимой, поэтому другого варианта я не нашла. И не пожалела! Пальма которая у меня болела и не росла начала рости « на глазах»",
0,1,молочный,"Заказала тюль молочного цвета...Вот что пришло..Мне при претензии отклонили. Если это молочный цвет (белый мне ни к чему, я бы изначально сделала выбор в пользу белого) то значит я ""дальтоник""....",
0,5,красный,"Замечательный 👍 отходила с ним почти 2 года. Сейчас, взяла его же😏","Здравствуйте! Благодарим Вас за положительный отзыв и высокую оценку. Спасибо, что выбрали нас, будем стараться радовать Вас нашей продукцией и впредь.
С уважением, команда G-Case."
0,1,,"Напаминает вкус миндаля а не фисташка, мне не понравился сироп ,знаю о чём говорю работаю с кофе и сиропами не один год !","Здравствуйте. Спасибо за Ваш отзыв, это помогает нам сделать нашу продукцию и сервис лучше. Нам жаль, что Вам не пришелся по вкус этот сироп. На портале можно познакомится с новинками и полным ассортиментом продукции Barline. С уважением, производители сиропов Barline."
10002979,1,темно-фиолетовый,"Приехал быстро , но: коробка вскрытая, видно что доставали , крепление счётчика прыжков сломано! Возвращать не стал, т.к обещал ребёнку. Пришлось приклеивать. ","Добрый день! Благодарим Вас за выбор ТМ Moby Kids и обратную связь. Вам отвечает представитель бренда Moby Kids, а не сотрудник Wildberries: Мы сожалеем, что произошла неприятная ситуация при получении товара и это испортило Вам впечатление от покупки, но в данном разделе, и Вы оцениваете сам товар, а не сервис площадки. Хотим Вас заверить, что у нас строгий входной контроль качества и также мы всегда проверяем товар и его упаковку перед отгрузкой с производства. Дальнейшую ответственность за сервис и сам товар несёт маркетплейс Wildberries. В таких случаях рекомендуем отказываться от покупки и требовать замены товара со стороны Wildberries-  надо заявлять на горячую линию магазина или оформлять возврат в личном кабинете как брак.
"
0,5,,"Замечательный шампунь. Помог справиться с зудом и покраснениями на коже у мужа, а мои легкие, пористые и волнистые выпрямляет на 2-3 дня. Волосы очищает отлично и состояние их становится лучше.",
0,3,,Товар пришёл в ужасном состоянии!!! Вся коробка разодрана!!!,
0,5,"пудровый, абрикосовый",Покупаю второй раз ,
0,4,серый,"Немного оказались велики, но брала с запасом, поэтому всё хорошо. Размеру соответствует. Рекомендую. Спасибо","Здравствуйте, Елена.

Однажды вы выбрали Bossa Nova, и мы надеемся, что смогли доставить вам радость! Посетите страницу бренда, мы растем вместе с вашими ребятами, и нам есть что предложить!

С уважением, команда Bossa Nova.
#BNonelove"
0,2,"зеленый, темно-фиолетовый, голубой, фиолетовый, желтый",Коробка пришла вся разорванная. Трудно было проверить все ли детали на месте. А брала на подарок. Возврат.,"Добрый день! Благодарим за отзыв. К сожалению, мы не можем проконтролировать продукцию на этапе доставки и очень сожалеем, что произошла такая неприятная ситуация. Надеемся, что следующие покупки Вас порадуют. С уважением, команда Томик 
"
0,4,бирюзовый,"Красивый, пластик качественный. Но высота и размеры маленькие, не развернуться.нам 1.8 до раковины только со стульчиком и на мысочках  достает.",
0,1,салатовый,"Привезли не тот товар , что я заказывала. Неприятно. Возврат.",
0,1,,"Горькая! Срок годности в норме, но на вкус горькая. Видимо неправильно хранилась",
0,3,зеленый,"Мышь не очень, приходится часто менять батарейкт, сигнал слабый, устаёт запястье. Пользовалась ежедневно в течение нескольких месяцев, заменила на проводную. У этой фирмы неплохой товар, но их проводные мыши мне нравятся больше","Здравствуйте! Спасибо, что выбираете наши товары. Очень жаль, что эта модель вам не подошла."
0,2,серый,"Нож не наточен, ручка полный бред в руке не сидит, ограничители по краям бесполезны только руку об них поранить можно, чехол нечего ",
10002065,1,серый,Качество неохти(,"Роза, добрый день! Благодарим за обратную связь. Мы изготавливаем брюки на фабрике с соблюдением контроля качества. Если вдруг Вам попался брак, то необходимо от него отказаться именно по такой причине. Надеемся, что эта ситуация не испортит общего впечатления. С уважением, команда Tactical Frog."
0,2,серый,"Очень интересные у вас извинения.На бракованный товар сделал перезаказ,так вы вместо бесплатной доставки сделали мне самовывоз за 200р.У вас с головой всё нормально?вы привезли брак и на перезаказе ещё и пытаетесь заработать,за счёт суммы самовывоза?И почему ваша программа не дает поставить 1 звезду,а только 2?","Уважаемый Сергей, в данной форме Вы оставляете отзыв о товаре, а не о магазине. Все свои претензии (искренне надеемся в более корректной форме) Вы можете высказать, обратившись в службу поддержки покупателей WILDBERIIES (по телефону или через личный кабинет)."
10003929,4,хаки,"Большая, сваливается на глаза",
0,4,синий,"4 звезды за упаковку,коробка помята, надорванная (покупала в подарок, потому это расстроило), а так всё как фото,рисунок яркий, всё целое",
0,4,хаки,"приобрела мужу в подарок в качестве пледа в наряд заступать. сказал громко шуршит когда лежишь на подушке(но явно от этого качества материала стоит ожидать такого). идея хорошая, но как палантин это громко сказано - примерив палантином мы смеялись долго. 
в машину бросить, пригодится. 
по качеству пошива ничего, нитки торчат.и разве что молнию на углах подушки застегивать не оч удобно.
купила за 1061р, на оф сайте стоит 1тр",
10000860,4,"молочный, глубокий розовый","В целом белье не плохое,если бы не одно,но,швы ужасно обработаны и на навочках и на пододеяльнике.Стрило оно 3500 тыс.,за что вопрос.Мне оно досталось за 900 рублей,и этих денег жалко .",
0,1,черный,"Не прошло и два месяца,ручка оторвалась, фурнитура слабая,ручка не прошитая,держится на клепке. 
Не советую для покупки!",
10004042,3,песочный,"Итак ношу уже месяц. Неудобный. Нужно брать на размер больше. Карманы огромные. Езжу за рулем все время расстегиваются клепки снизу у ног и до живота. . При натягивании небольшом на спине, растягиваются спереди клепки, очень не удобно... в магазине наклонявшись за товаром растягиваются клепки... очень неловкая ситуация.",
0,2,colorless,"Это что-то непонятное, прилипает к зубам сразу за щётку надо хвататься, беру постоянно других производителей всё нормально, но этот ни с чем не соединяется помогает только кипяток. Совсем не понравился, может сильно перетерт. Не советую!",
0,4,темно-синий,"Хороший качественный жакет, ткань хорошая-холодит. Сняла звезду за то, как пришиты кнопки. Это конечно дело поправимо, но зачем насквозь прошивать. На лице видны стежки. Ткань ровная, гладкая.",
0,1,colorless,"Вкусно. Но привезли просроченный!!! Как такое вообще может быть? Я не посмотрела и начала есть и ребёнку давала. А потом смотрю до декабря, а заказ привезли амперных числах декабря. Это вообще как?!",
0,2,светло-бежевый,"Туфли ужасного качества, кожа на каблуке плохо приклеемна, пузырями",
0,1,,"Вместо сахаразаменителя прислали вот это, деньги до сих пор не вернулись","Добрый день! Спасибо за доверие к нашему бренду. Очень жаль, что Вы получили заказ с неверным вложением, за что мы приносим свои извинения! К сожалению, производитель не может контролировать продукцию на этапе доставки, поэтому просим Вас сообщить об этом представителям службы доставки в Личном кабинете в разделе Обращения. Мы и служба логистики Wildberries стремимся к тому, чтобы заказы были доставлены в целостности и в кратчайшие сроки. Благодарим за понимание!"
0,4,"серебристый, черный, красный","Отношение продавца к клиентам просто свинское. Это подарок и упаковка должна быть как минимум чистой и целой. Зачем было всю упаковку перематывать скотчем?!  Его потом не отодрать, это испорченный внешний вид упаковки! Клиентоориентированность на нуле! Хороший продавец позаботился бы и упаковал товар в картонную коробку, проложив ее внутри пупырчатой пленкой. А тут просто тяп ляп, лишь бы скорей  продать. Плохо!","Здравствуйте, Уважаемый Покупатель.
Нам очень жаль, что товар пришел в таком состоянии. Мы понимаем, насколько важна соответствие, целостность товара и хорошая упаковка для транспортировки товара, поэтому  всегда тщательно упаковываем нашу продукцию и обязательно проверяем перед отправкой на брак и комплектацию. К сожалению, человеческий фактор при доставке товара играет свою роль. Мы очень стараемся, чтобы наши покупатели получили качественный товар, положительные эмоции и хорошее настроение!
ОБЯЗАТЕЛЬНО проверяйте товар в пункте выдачи. При любых сомнениях или обнаружении брака вы можете сразу вернуть товар и перезаказать новый.

С уважением, команда бренда ЭВРИКА подарки и удивительные вещи.
"
0,4,желтый,"Качество отличное, но цвет не такой яркий, как на фото","Добрый день)) Спасибо за Ваше обращение! Возможно, искажение цвета."
0,3,белый,"доставка быстрая, всё аккуратно запечатано, всё в наличии, но: две недели эти линзы не прослужат, максимум 4-5 дней. вторую пару проносила 2 дня и она порвалась. надеваются легко, на глазах практически не ощущаются. в целом я товаром довольна, тем более за такую стоимость и мне не с чем сравнивать, т.к. это мои первые линзы",
0,3,розовый,Цвет вообще не такой!! Очень бледный. Материал так себе.. Не взяла.,
0,4,голубой,Цвет мутный ткань больше похож на бязь посмотрим после стирки что будет. Долго ждали получили с опозданием,
0,3,белый,"Игра интересная, но не было 2-х карточек в наборе.",
10004045,1,черный,"Колготки отвратительного качества! Окрашены неравномерно. Не покупайте, не тратьте даже эти небольшие деньги...",
10003928,3,серый,"Заказывала серую,пришла белая.",
0,4,бежевый,"Идут в размер, но обычные тапки только со стразами","Здравствуйте! Благодарим за Ваш выбор и оставленный отзыв. С уважением,S.Rose"
0,4,белый,"Кроссовки классный, но большемерят , на свой 37,5 обычно беру 38 р-р, но в этих кроссовках 38 р-р просто утонула . Отказ в пользу другой модели",
0,5,"синий, зеленый, коричневый, фиолетовый","Очень понравилась посуда, брала для дочки 2годика, просто точто надо!",
0,4,"бежевый, серый","При получении белья упаковка была повреждена,далее я бегло его посмотрела,так как не хотела задерживать курьера,визуально все понравилось,но когда начала его стирать обнаружила неприятную дыру на одном пододеяльнике.😐Никогда еще я не получала бракованных вещей. Надеюсь такого больше не повторится",
0,4,"зеленый, фиолетовый","До первой чистики отличный тёплый домик, но когда начала чистить щеткой с водой и мылом-форма потерялась совсем. Не чистить с водой никак-запах мочи очень впитывается. Поэтому для одноразового использования круто, но цена конечно не маленькая) но крыска этот домик обожала 😍❤️",
0,1,черный,"Пользуюсь аналогичным средством из профессиональной линейки L'Loreal, Hair touch up, объем тот же. Хотела сменить на ЭТОТ продукт, но, почитав отзывы, куплю опять свой. В отличии от ЭТОГО мой полностью высыхает и не пачкается. Лучше немного переплатить, но купить более качественный продукт. Расход очень экономичный.",
0,3,красный,"Читала, что кусочки кожи во всех кошельках разные, но на фотографии  создается впечатление, что преимущественно они должны быть лаковые, а мой оказался практически матовым. Немного разочарована, выкупила все равно, срочно нужен был подарок.",
0,1,,"Полная ерунда - инструкция не понятная, сколько чего добавлять, конечно же ничего не получилось.
Проще купить ребенку лизун за 50 рублей, а не это недоразумение за 478 руб. Выкинули деньги зря.","Добрый день! Спасибо, что нашли время поделиться своим отзывом. Нам очень жаль, что покупка Вас разочаровала. Надеемся, что новые покупки принесут только положительные эмоции."
0,5,белый (осн.),"Действительно, прелестно! Ничего лишнего, вещь полностью соответствует своему предназначению! ",
0,1,colorless,"Что то у меня сомнения что это топ.беру не первый раз,до этого были жидкие,а этот густой очень,даже тянется,как густая база.срок нормальный.","Добрый день.
К сожалению, удобство консистенции - субъективный фактор для оценки. Жаль, что вам не подошёл данный продукт. Но мы уверены, что в нашей широкой линейке продуктов вы найдёте удобные для себя материалы."
0,4,хаки,"На рост 156 подошёл. Длину подшивать не не нужно. Ткань приятная, струится. ",
0,4,"золотистый, серебристый",С товаром все хорошо. Но вместо двух колец было одно.,"Спасибо за отзыв! Рады, что вы остались довольны покупкой. Носите с удовольствием. Кольцо продается по одному."
10000794,4,черный,хорошее качество. короткие. на рост 178 до косточки.,
0,4,белый,К сожалению пришла без подставки,Здравствуйте! Спасибо за отзыв и обратную связь! Напишите пожалуйста нам письмо на электронную почту указанную на упаковке товара. В письме укажите перечень отсутствующих элементов и ваш адрес. Мы вам вышлем недостающие детали по почте.
0,3,,"В этот раз пришла совсем жидкая, даже после перемешивания(","Добрый день. Рекомендуем перемешать и охладить. Это натуральный продукт, поэтому паста тает и расслаивается"
0,5,розовый,"Очень хорошего качества силикон,мягкий,яркий и приятный на ощупь.","Здравствуйте, Татьяна! Большое спасибо за отзыв и фото - ценим обратную связь. Нам невероятно приятно, что Нагрудник для кормления понравился Вам и Вашей малышке. Будем рады Вашим заказам! Среди нашей продукции представлены различные детские товары, обратите внимание на бренд ezpz - идеальная посуда для кормления. С заботой о Вас, ООО Одиос."
0,5,горчичный,"Очень красивый цвет, отличное качество, устойчивый! Есть нюанс - одна из резинок закрывает и пережимает кнопку включения планшета. Пользуемся оставшимися тремя креплениями. ","Здравствуйте! Спасибо Вам за отзыв. Нам очень важно Ваше мнение. 
С уважением, команда G-Case."
0,5,черный,"Хорошая сумочка! Размер средний, как и хотела. Ремень распямился в первый же выход на работу. За такие деньги просто- супер!","Добрый день! Благодарим Вас за выбор нашей продукции и оставленный отзыв.Да, ремень вкладываем в сумку, и он за время хранения может немного помяться. Но выпрямляется , как Вы верно написали, сразу, как начинаешь носить сумку, т.к. это натуральная кожа.Вы можете подобрать к сумочке и другие аксессуары из этой же кожи - косметичку, ключницу, обложку для паспорта и кошелек. Ждем Вас за новыми покупками!С уважением, производитель ТМ ESSE"
0,1,,"Кусок хозяйственного мыла с соответствующим запахом за почти 600 р. Эффект скрабирования, который заявлен в описании, отсутствует от слова совсем. Не поняла Зейтун, если это он, ни разу. К покупке не рекомендую.","Здравствуйте! Сожалеем, что вам не подошел аромат средства. Он обусловлен входящими в состав натуральными компонентами, которые обеспечивают особый уход. Желаем вам только приятных впечатлений от ухода!"
10001731,5,зеленый,"К производителю вопросов нет. Но доставка вайбериз ужасная. Задержка товаров, померять не смогли и пришлось отказаться. Так ещё и 50 рублей с единицы товара вычли, так это ваша вина магазин!!!!",
0,5,черный,"Сандали очень понравились,но всё таки они маломерят,на мою длинну стопы 24.5,в 38 размере немного выступает палец,буду перезаказывать на р-р. больше,а так модель смотрится очень красиво,а самое главное,очень удобная.",
0,4,темно-бежевый,"Качество неплохое, но размерная сетка не соответствует,  35 размер как 36,5. Очень жаль.","Здравствуйте! Благодарим за Ваш выбор и оставленный отзыв. Сожалеем, что покупка не оправдала Ваших ожиданий. Надеемся, что в нашем широком ассортименте вы сможете подобрать для себя идеальную пару обуви.
С уважением,S.Rose"
0,4,черный,"Леггинсы приятные на ощуп, взяла 46 размер на 44-46. На 7 месяце нигде ничего не давит. Резинка широкая, проходит под животом. Одно НО, снимаю звезду- пояс не регулируется.",
0,3,,Невкусная.за более дешевую стоимость можно лучше найти,
0,2,фиолетовый,Штаны совершенно без утеплителя. Только подкладка из флиса. Какая зима??? Да и не демисезон . На 10-15 градусов ,"Юлия, Доброго времени суток! Жаль получать такую низкую оценку в 2 звезды. Сожалеем, что Вам не подошла данная модель. Надеемся, Вам понравятся другие наши модели. Спасибо, что сообщили нам об этом. От лица компании приносим извинения за возникшие неудобства. С каждым днём мы стараемся быть для покупателя только лучше, поэтому благодарим наших клиентов за все конструктивные замечания. Проведём работу по вопросу и приложим силы, чтобы впредь подобного не повторилось! С почтением, компания Алиса. P.S. Так же рекомендуем посмотреть новые поступления наших популярных брендов качественной детской и подростковой одежды: брюки, кюлоты детские, платье для девочек, шорты спортивные, лосины, комбинезоны, платье на новый год 
 - Nota Bene, M&Dcollection, STREETPRIKID.
"
0,4,серый меланж,Приятная по качеству футболка. Немного свободна но это только плюс. Швы ровные. Постороннего запаха нет.,
10003216,4,белый,"Пришло всё хорошо упаковано, ничего не сломано, но запах))). Похож на старинный одеколон просроченный.  Очень неприятный. Попробую другие ароматы, а этот поставлю в подъезд).","Добрый день! Спасибо за отзыв и доверие товарам Rossinka. Рекомендуем также попробовать наше увлажняющее жидкое мыло с экстрактом подорожника и разнообразным выбором натуральных ароматов арт. 43223648, 43237744, 43239027,  40658993, 40708735"
0,2,,Мешки не очень.  Всё продуваются. Пылесос запылился моментом.,Добрый день! Мешки многослойные и прекрасно задерживают пыль. Проверьте пожалуйста правильность установки пылесборника в держатель. Возможно данные мешки не подходят к модели Вашего пылесоса. Спасибо.
0,4,красный,В комплекте нет ручки-веревки. Где они продаются?,"Добрый день! Спасибо за отзыв. Замечания учтем в дальнейшей работе. Вы можете выбрать много других интересных игрушек нашего бренда, просто наберите в поиске greenplast"
0,3,бежевый,"Не соответствует фото.Полупрозрачный пластик. Нет вставки на дно, поэтому вся как на шарнирах - не взяв в руки, молнию не расстегнешь.",
0,4,бордовый,"Действительно тёплый и уютный. Из минусов: сильно лезет начёс, в нем вся мебель и одежда. Красит, белое белье или футболку не одеть. Ношу только дома, т.к размер S на мой русский 46 ну оооччччень большой, особенно штаны, широченные и длиннющие. Мой рост 175, а они и на 185 подойдут. Размера XS не было в наличии, а костюм очень понравился, поэтому взяла... хотя, думаю, и там штаны будут длинноваты. Вывод: идеально подойдёт очень высоким девушкам, ну и большемерит на пару размеров.",
0,5,,"Понравилась, качественно сделана и свою функцию выполняет. ",
0,2,colorless,"Горчит и слишком жидкий , много масла . Взяла первый раз. Но больше не буду .","Спасибо, что поделились своим впечатлением о продукте"
0,5,черный,"Колечки понравились, ношу по две, три штуки, меняю цвета, очень красиво смотрится сочетаются с серебром и золотом ","Здравствуйте, спасибо Вам за отзыв и высокую оценку! С уважением, Sapho."
0,3,"коричневый, белый",Конечно можно было бы сделать запах на наволочках побольше. 10 см конечно маловато. Материал тоненький но для такой цены нормальный комплект.,"Добрый день, уважаемый Покупатель! При пошиве продукции мы используем хлопковую ткань, полотняного переплетения - бязь. Бязь может быть разной плотности, от 105 до 140 гр/м2. В данном случае Вами был выбран вариант с плотностью 120 г/м2. Ткань приобретает дополнительную  мягкость после деликатной стирки, желательно с использованием кондиционера. Также рекомендуем щадящий отжим. При соблюдении этих простых рекомендаций изделие будет служить Вам продолжительное время. Хорошего настроения, ждем новых покупок!"
0,1,colorless,"Паста не понравилась. Вроде плотная, а без разогрева плывет на руках и делает залипы через 5-10 мин работы. Слишком большой расход получается, пол банки ушло на 2 не полные голени. Не хватило нервов дальше мучаться с ней, бритвой доработала.  Волосы плохо собирает. хорошо хоть маленький объем для пробы взяла. Не рекомендую(","Добрый день! Спасибо за отзыв и выбор нашей продукции.
Нам очень жаль, что Вы не оценили эффективность сахарной пасты GLORIA.
Паста ""для депиляции GLORIA подходит для удаления всех типов волос, но следует помнить, что предназначена она для смешивания между собой с целью достижения требуемой консистенции с учётом условий окружающей среды, температуры рук и тела. Для лучшего результата рекомендуем соблюдать протокол процедуры, используя только косметические средства для депиляции: обезжирить кожу с помощью лосьона, для улучшения сцепления с волосом нанести тальк, провести процедуру депиляции, снять остатки сахарной пасты, завершить процедуру кремом.
Также, для лучшего результата важна правильная техника. В инстаграм-аккаунте нашего бренда gloria_professional мы регулярно проводим прямые эфиры, где мастера по депиляции делятся опытом и рассказывают о всех тонкостях шугаринга."
0,5,красный,Санки огонь. В морозы пластик гибкий. В процессе катания посмотрим,"Добрый день! Спасибо за отзыв. Будем Вас радовать и дальше.  Вы можете выбрать много других интересных игрушек нашего бренда, просто наберите в поиске greenplast"
0,5,золотистый,"Очаровательный браслетик. Взяла в двух размерах 17, 18. Поменьше для дочери, второй себе. Красивое плетение, у меня такой же серебряный светлый, ношу не снимая, красиво играет и эти прелестные, за 750 рублей даже если облезут - не жалко, хотя вещи этого производителя нареканий пока не вызывали.",
0,3,,"Консистенция и запах хорошие, но кот есть почему-то плохо. Другие консервы той же марки- без проблем. Возможно это особенность только моего кота. ",
0,4,белый,"Тапочки очень понравились, но к сожалению дочке оказались малы, хотя носим 36 размер. Пришлось отказаться и перезаказать на размер больше.","Здравствуйте, Ольга! Вообще тапочки идут размер в размер. Надеемся, что другие подойдут Вашей дочке :)"
0,2,,"Высыпав дренаж и грунт поняла, что семян нету в наборе...Второй заказ и снова неудача, в первом была сломана крышка-поддон.. ","Здравствуйте. Нам очень жаль, что так получилось... Пожалуйста, напишите производителю - он восполнит вам недостаток семян. К сожалению, мы не контролируем качество доставки ."
0,5,малиновый,"На рост 90 Мы заказали 98.104. Остановились на размере 104. Размер 98 Как раз,но решили взять с запасом. На фото видно ,что не много большие,но благодаря сапогам держаться . За то на несколько сезонов хватит.",Благодарим за фото и отзыв!
0,5,хаки,"Отличная сумка. Высота 32см, ширина 43, глубина 12",
0,2,красный,"Деньги выброшенные на «юппи», эффекта не заметила никакого, просто как лимонад только без газов и дорогой. Если хотите сладкую водичку за 4 сотки то заказывайте",
0,3,синий,"Джинсы - большемерки. Заказала 29 и 30 на размер 48. 29 оказался большим. 30 - ый мерить даже не стала. В реальности цвет более грязнее, что ли. Качество строчек хорошее. Отказ.",
0,2,,"Товар плохо запакован, вытек","Здравствуйте, Валерия! Спасибо Вам за обратную связь. Мы сожалеем, что Вы получили заказ в таком состоянии. По вопросам транспортировки и упаковки продукции необходимо обратиться в службу поддержки клиентов Wildberries. Надеемся, что не смотря на сложившуюся ситуацию, Вы останетесь нашим постоянным покупателем!"
0,2,черный,"Сумка стеклянная, ремешок стоячий . Ужасное качество",
0,1,золотистый,"Удобные и красивые, но, есть претензии к производителю по поводу качества кожи. В местах, где выступают пальцы кожа со временем как- бы засаливается. Выглядит очень неаккуратно. ","Здравствуйте! Благодарим вас за отзыв. Сожалеем, что пришлось столкнуться с данной ситуацией и заказ не оправдал ваших ожиданий.Приносим вам свои извинения за доставленные неудобства!С уважением, компания TERVOLINA"
0,5,белый,Все на месте,"Привет! Благодарим за выбор нашего товара - ластик  BRAUBERG. Спасибо, что нашли время для отзыва!  Уверены, вы по достоинству оцените и другие наши позиции. Например, рекомендуем - арт. WB 13370492 блок для записей. С вниманием и заботой о Вас, команда BRAUBERG"
0,4,белый,Немножко маломерит и горловина немного торчит ха что снизила оценку. А так качество материала и принта хорошее ,
0,2,,"Не соответствует заяаленному
Не более 1.5 раз
У меня уже есть такие",
0,4,черный,За 2к самое то,
0,1,серый,Прислали на взрослого!,
0,3,"черный, чернильный","Хороший. Но что бы получить чёрный плотный наносить надо 3,4 раза","Добрый день.
При нанесении советуем держать кисть параллельно ногтевой пластине и не давить на нее. Так гель-лак можно равномерно нанести в 1-2 тонких слоя."
0,3,colorless,Как поиграться снег неплохой для слайма не очень подходит,"
Спасибо, что выбираете нашу продукцию. Нам действительно очень приятно! Снег действительно не планировался, как ингредиент для слаймов.
"
0,1,белый,"Сетка хорошая, липкой ленты внутри нет. Придется придумывать что то другое","Добрый день! Спасибо за отзыв. Нам очень жаль, что Вам привезли ранее сданный в ПВЗ товар с браком, но без указания причин отказа. Вам приносим свои извинения, а других наших покупателей настоятельно просим – возвращать в таких случаях товар, как брак, чтобы его утилизировали и не омрачали ожидания других. Сетки идут в наборе с креплением! "
0,4,серый,"Тонкая футболка.
Цене соответствует. 
В целом хорошая.","Резеда, добрый день. Спасибо за отзыв и высокую оценку Футболка для беременных и кормления Дэни I love mum. Нам очень приятно, что Вы остались довольны покупкой. Хорошего дня. С любовью, I love mum."
0,3,оранжевый,Лобзик для  пилки дров хотя и снаваротами  типа подсветки о лазера. Стоит своих денег.,
0,5,"зеленый, голубой",Лягушатки очень хорошенькие. Взяла ребенку по совету логопеда. Будем заниматься. Огромное спасибо производителю и WB!,"Добрый день! Спасибо за выбор и доверие к ТМ Томик.  Нам очень приятно)) Играйте и развивайтесь с удовольствием ))  С любовью, Томик "
0,1,черный,Не работает!!! Взяла проверила дома позже положенных дней!Блин. Капает одна капля клея 1 раз в час... Серьезно!!!,
0,3,черный,"На стельку 20,5 взяла 35 размер чешек они огромные, в отзывах пишут что маломерят на 2 размера, не буду больше отзывы читать","Здравствуйте! Спасибо за отзыв. Надеемся, Вы перезакажете чешки на нужный размер и останетесь довольны покупкой. Мы Вам всегда рады, Ваша ""BEST.A""!"
0,1,белый,"ужасс, пришла одна сетка без магнита","Добрый день. Спасибо за покупку. Сожалеем, что ленты не было. Наша компания поставляет продукцию на склад Wildberries в полной комплектации и в товарном виде. После отгрузки с нашего склада мы уже не можем отслеживать движение товара и его состояние. Пожалуйста, проверяйте комплектацию при получении. "
0,2,colorless,Пришёл со сроком до ноября 2022 года !!! Очень печально (((,
0,4,красный,"Комплект хороший, но к сожалению не до смотрела вовремя наволочки размер 50 на 70,мне не подходят",
0,4,colorless,"Раньше брали был отличный чай, последняя упаковка пришла не очень, чай после заварки не раскрывается и почти не заваривается!!! Поэтому вкуса особо нет",
0,4,"темно-синий, белый, черный","Сняла одну звезду, наши куома 28р., эти   сапожки 30р..они практически одинаковые! Ребёнок сказал впритык, на толстый носочек померить не удалось, перезакажем на больший размер. Маломерят. А так сапожки лёгкие, аккуратные и меха много)",
0,2,черный,"Ужас.не посмотрела состав материала, ждала резиновый..а пришло кошмар.материал мягкий, пористый что-то вроде тонкого пенопласта.и изогнутый весь..в шкаф возможно пойдет, хотя зачем не понятно.а для обуви в прихожую, мне кажется порвется или поломается..посмотрим",Добрый день. Спасибо за отзыв. Приносим извинения за доставку товара в таком виде. Ваш отзыв передан в службу доставки товара и в отдел качества на производство. 
0,1,антрацитовый,"Брак. Жаровня овальной формы... И крышка соответственно не подходит. БУДЬТЕ ЛЮБЕЗНЫ, ПРОВЕРЬТЕ И НЕ ВЫСЧИТЫВАЙТЕ %",
0,5,"бирюзовый, светло-бежевый","Шторы мне понравились, украсили комнату. Даже родителям заказали такие! ",
10002382,3,"зеленый, черный, белый","Ткань так себе, шершавая и тонкая, быстро ставятся зацепки. Думала, будет более прочная.",
0,1,colorless,Пришло открытым! Я ужасно расстроена,
0,2,,По вкусу ужасный. Пить можно только если смешать со смузи. ,
0,1,хаки,Комбинезон пришел с браком.  Прошу не учитывать в проценте выкупа.,
0,2,"серый, серый меланж","Маломерит, брала 50 на вырост..ногу 46..48, но сейчас уже впритык. Для кормления не особо удобно, вырез маленький, грудь сложно доставать. Буду возвращать","Марина, здравствуйте! Спасибо, что нашли время оставить отзыв на нашу футболку. Ваши чувства вполне понятны. И нам очень жаль, что выбранный размер не сел на вас идеально. Мы проведем дополнительные замеры и при необходимости внесем корректировки в размерную сетку. С заботой о вас, ILOVEMUM."
10002637,3,"желтый, зеленый, красный","За упаковку снизила звёзды, могли бы хотя в пакет упаковать ( всё таки предназначено для детского питания, никакой защиты от попадания грязи","Добрый день. Все изделия Twistshake поставляются на ВБ новые, в фирменных пластиковых упаковках, дополнительные пакеты не предусмотрены. Это никак не влияет на качество изделий, т.к. при первом использовании посуду в любом случае нужно помыть, рекомендации по уходу есть на упаковке. Очень жаль, что вы из-за этого снизили оценку товару. Надеемся, что вам будет удобно пользоваться пакетами. "
0,4,черный,"Когда делала заказ 38р-ра в черном цвете не было, заказала 37р-р (в надежде, что большемерят) и 38р-р в бледно-розовом( в реале цвет кремовый).По размеру подошли кремовые(стопа 25 см), но не впечатлили внешне, черные эффектней.И,  как писали в предыдущих комментариях, на заднике между резинкой и кожаным ремешком образуется петелька, резинка со временем растянется и петелька исчезнет, но тогда не будет плотно фиксироваться пятка. Вцелом босоножки комфортные, каблук не чувствуется, на среднюю полноту стопы. Отказ в пользу других.",
0,2,"голубой,серебристый","Сережки красивые.Камень необыкновенный, красивый.Но единственное но.... За такие деньги,часть застежки осталась в  руке. и при том,что вроде бы это Франция.......Очень ждала, под голубую блузку, но не повезло.Хотела заказать снова, но могут привезти те же самые.Нет никакой  гарантии.","Здравствуйте. Приносим Вам извинения за доставленные неудобства. После поступления возврата, товар будет проверен. В случае подтверждения позиция не будет учитываться в расчете процента выкупа."
0,1,красный,"Резинка просто ужас, вся собирается, заниматься просто невозможно",Используйте петлю в соответствии с рекомендациями в брошюре на верх тела. Она не предназначена для упражнений на ножки.
0,4,,Написано с липким слоем! Липкого слоя нет! Девочки у кого аллергия не берите. Фото прекрепила что с кожей пальцев после использования данного продукта,"Добрый день! Благодарим вас за положительный отзыв, рады что вы выбрали топ для ногтей с липким слоем LIANAIL.
Рекомендуем попробовать такие продукты как : база для гель лака LIANAIL и  обезжириватель для ногтей LIANAIL.
Приятных покупок! Надеемся увидеть вас снова."
0,4,темно-коричневый,"Комплект по качеству ткани хороший, цвет не такой яркий- как на фото, не взяла по причине не прокраса ткани- местами белые пятнышки. Отказ",
0,3,"голубой, белый","Внешне симпатичные, но защита от мозолей слабая, какой-то тонкий паралончик, где подушечки пальцев она в реальности ниже и пальцы короткие очень. Отказ в пользу других с гелевой амортизацией.",
0,1,черный,"1 Дизайн вау 2 Размеры соответствуют 3 Коробка не мятая, но не оригинал у меня на рынки таки можно взять за 1500р и не так будет клей торчать как из этих. Но я оставил как напоминание что валберис врет  так как сказочно что это оригинал, но нет ",
0,5,"темно-синий, розовый",У меня грудь 46 низ 44. Село идеально 44 размера на ог96,
10000714,1,"темно-серый, светло-серый","Пришло только шары! И не и доказать это не могу т. к. Получала в поставите, в Пятерочки, всё было запаковано, а шапки и варежек не было. Деньги просто пропали!","Добрый день. Сожалеем о данной ситуации и приносим свои извинения. Хотим обратить Ваше внимание, что при получении неверного вложения у Вас есть  возможность в течении 24 часов оформить заявку на ""Проверку товара"". Сделать это Вы можете перейти в раздел: ""Профиль"" -> ""Обратная связь"" ->""Проверка товара"" ->""Возврат после оплаты по браку"". Ваше своевременное обращение позволит разобраться в случившемся  и принять необходимые меры. Также одобрение данной заявки позволит не учитывать эту позицию в расчете процента Вашего выкупа. Когда Вы оставляете отзыв, его не видят сотрудники Wildberries, и данная продукция может отправиться к другому покупателю. Благодарим за понимание. Как производители мы возмущены не меньше вашего, ведь отправляем на склады ВБ все в полной комплектации. Также обращаем Ваше внимание, что обращения о работе магазина могут быть рассмотрены только через мессенджеры. Напишите нам на почту info@jaggamoda.ru мы постараемся помочь.
С уважением, команда JAGGA!"
0,4,синий,"Удобные, ноге комфортно.  Материал мягкий (нубук). Посмотрим, как проявят себя в носке. Размер в размер.",
0,4,,"Не первый раз беру этот бренд ,разные вкусы пробую.В этот раз пришла очередь «Пряника».Консистенция как и у всех сиропов Richeza - ближе к жидкой, не особо сладкий и это плюс.Мне достаточно чайной ложки на чашку кофе 180мл. Состав...так уж.Вкус мне не совсем понравился.Для меня не «с нотками корицы и гвоздики»,а прям гвоздично-коричное поле,бальзам «Золотая звезда»😆 Интересный,конечно,но на любителя, мне очень резко.Видимо,моя судьба-кокос и карамель)))))","Здравствуйте. Спасибо за Ваш выбор и теплые слова о нашем продукте. Наша команда внимательно следит за технологическим процессом производства и качеством выпускаемой продукции. Мы рады предоставить Вам качественный и вкусный сироп. Будем рады видеть Вас постоянным клиентом нашей компании. 
С уважением, производитель сиропов RICHEZA."
0,3,серебристый,"калоши, бантик не симметричный. легкие, идут в размер, если у вас 40р, берите 40, на свой 40р взяла 41р, утонула",
0,4,белый,"Кардиган хороший, но на мою большую грудь и узкую талию не сел - все морщится.","День добрый)) Спасибо, что Вы оценили эту модель по достоинству, нам очень приятно! Жаль, что она не подошла Вам, но наверняка Вы найдёте что-то, что 100% Вам понравится, среди других наших товаров) С любовью, команда Lussotico!
"
10002254,5,,Хороший запах,Здравствуйте! Благодарим за высокую оценку нашего товара. Будем рады видеть Вас снова в нашем магазине!
0,2,colorless,В воде не пахнет совсем ,
0,2,серебристый,Не стоит и 20 рублей,"Добрый день! Спасибо, что выбрали наш товар и рассказали о Вашем впечатлении! Мы ценим мнение каждого.
Данный брелок является неплохим вариантом бюджетного подарка и его качество полностью соответствует ценовой политике. Брелоки этой коллекции изготовлены из медицинской стали, которая известна такими свойствами, как твердость, износостойкость и гипоаллергенность. Вскоре в нашем ассортименте появится более качественный аналог именных брелоков из латуни.

С любовью и признательностью, 
Ваша ОптимаБизнес
"
0,1,темно-красный,"Джемпер пришёл темно-синего цвета, ну совсем не девчачий. Прошу не снимать процент",
0,3,"фиолетовый, серебристый","Не понравилась сумочка, думаю, что она меньше заявленных размеров, цвет какой-то дикий с напылением, на металлической пластине с лицевой стороны сумки нет никаких надписей, только царапины, зачем она вообще нужна, я не поняла, пожалела, что заказала, в принципе, это все видно на фото..",
0,3,розовый,"Цвет не соответствует заявленному. Какой-то пыльный розовый, бежевый. Заказывала специально этот цвет, нужны были для танцевального костюма. Полное разочарование. Сами лосины тонкие. Может производитель выйдет на связь и предложит лосины в розовом цвете, очень нужны! У нас группа! Размер 128-134",
10002629,4,розовый,"Очень долго выбирала поильник и остановилась на этом . Из плюсов он легкий и объём большой . Из минусов он подтекает и в закрытом виде и в открытом виде , это большой минус , крышку мыть тяжело так как есть уколки и зазоры в которых скапливаются остатки напитков и этот осадок  выковырять потом невозможно . Трубка прямая и за счёт этого лёжа пить не получается 😟, если же трубку вытащить это возможно ,но за счёт длинного носика внутри бутылки в который вставляется трубка ,выпить до конца все равно не выйдет , всегда остаётся треть или четверть напитка которые приходиться выливать. ","Добрый день. Спасибо, что поделились впечатлениями. Проверьте, что установили носик правильно и плотно, когда клапан установлен верно, выливаться ничего не будет. Несколько капель может быть, т.к. они остаются внутри самой трубочки после питья, это допустимо. Поильник полностью разбирается, конечно же, его необходимо тщательно мыть и тщательно сушить все части. Он подходит для мытья в посудомойке, а также для стерилизации. "
0,5,"графит, темно-серый","Дождевик хороший, плотный, кнопки плотные. Спасибо.","Добрый день! Благодарим за покупку и отзыв. Добавьте бренд Марвелин в любимые, чтобы узнавать о новых поступлениях. Ждём вас за новыми покупками. С уважением, команда бренда Марвелин."
0,4,хаки,Платье неплохое но не мое. ,
0,1,черный,"Самое плохая покупка. На пункт выдачи ходил муж вместо меня, ничего сам не проверял, забрал пакет и все. Упаковка была вскрыта, на  массажке волосы и обратная сторона вся потёртая, ощущение что этой вещью пользовались и не раз. Отвратительно! ",
0,1,черный,После девяти дней использования разошлись по шву!,
0,3,бежевый,"Комплект красивый,  но не плотный. Отказ. Как показала практика, за ту же цену можно найти белье лучшего качества))",
0,1,"темно-синий, серый","И нам пришел другой размер! Главное, на упаковке маркировка одна - в пакете вложен костюм на размер меньше. Пришлось возвращать.","Здравствуйте. Приносим Вам извинения за возможное неверное вложение товара в заказе.  Позиция будет исключена из Вашего процента выкупа, в случае подтверждения несоответствия."
0,1,"красный, розовый, серый","простыня по размеру намного меньше, но уже постирала, поэтому возврат не могу сделать(",
0,3,бледно-розовый,"Лак не понравился. Кисточка тоненькая, без полос трудно нанести. Чтобы накрасить ровно, пользовалась кисточкой от другого флакона. Качество не соответствует цене. Никогда больше не закажу.",
0,1,белый,Мне не повезло. Из 4 заказанных  ни одного целого. Внутренние были треснутые и отломаные по верхнему краю.,
0,3,черный,Качество на 1000 максимум. Клей сильно виден. Жесткие. Размер в размер. Думаю расклеятся быстро,
0,2,,В описании состав не такой как на самой баночке...,
0,4,рыжий,"Цвет совпадает с описанием и качество не плохое, но вот запах оставляет желать лучшего, отдаёт запахом вазелина, для помады я считаю не очень хороший.",
0,2,colorless,Пасту беру не в первый раз. В этот раз абсолютно не понравилась. Жидкая. Кокос не чувствуется совсем.,
0,5,черный,На ноге хорошо смотрятся.,
0,1,красный,Привезли с браком,
0,4,"черный, синий","Отличные лоссины. Во время тренировки движение не сковывают, цвет немного отличается, ожидала, что будут светлее, но и этот тоже очень красивый. Порадовала резинка, очень плотная, то что нужно! Но при наклонах немного загибается-это не критично! Материал хороший, качественный, швы ровные. В общем, лоссины бона файд как всегда на высоте!","Добрый день! Спасибо за Ваш отзыв, очень рады, что лосинки Вам подошли, отличных тренировок."
0,2,"светло-коричневый, коричневый",Почему на фото совме другой кофр!!! У него другой вид совершенно! И он прозрачный! А на фото нет! У меня несколько из этой серии заказала чтобы были в одном стиле! В итоге он вообще не вписался!,
0,2,,Брала два раза и оба раза все молоко расслоенное. ,"Добрый день. Если Вы внимательно прочитаете описание продукта, то увидите, что там написано о свойстве этого натурального кокосового молока расслаиваться в холодное время года, так как в нем нет эмульгаторов и прочих синтетических добавок. Для того, чтобы стабилизировать молоко и сделать его однородно жидким, подержите упаковку под горячей водой и интенсивно взболтайте. Спасибо за обратную связь"
0,3,,"На мешках нет уплотнительной резинки, поэтому отказ",
0,2,бежевый,"Пришел порванный, видимо транспортировка подвела.Просьба отправителей - упаковывать такие вещи в гофрокартон как минимум.
Живу на севере, купить холст негде,.очень ждала.Прошу не учитывать процент выкупа.","Добрый день! Вы правы, подобные повреждения возникают на этапе транспортировки. Жаль, что у Вас не было возможности оценить наш товар по достоинству. Рекомендуем сделать повторный заказ - холст действительно заслуживает больше, чем две звезды :) 
"
0,2,"розовый, зеленый","Люди которые пишут , что эти комбинезоны хорошего качества , наверное просто не знаю что такое хорошее качество !!! Заказала опираясь на отзывы , с нетерпением ждала курьера с моим заказом , но когда открыла пакет , очень огорчилась , ткань неприятная , пластмассовая что ли , своему ребёнку я такую вещи не одену , очень расстроилась  , цена не маленькая , за такую цену можно купить пижамки качества раз в 10 лучше чем эти !!! Конечно отказ !!!",
0,1,белый,"Вся в затяжках, которые не расправляются.На месте не проверила, теперь буду оформлять возврат",
0,2,"синий, ярко-зеленый, желтый","Зеленый и синий нормальные. Желтый совсем другой, с рук еле сняли!!!! Совсем другой консистенции",
0,2,,"Кошки,к сожалению,не стали даже есть","Добрый день! Сожалеем, что наш продукт не понравился Вашим кошкам. Переход с одного корма на другой часто у кошек проходит сложно. Наш корм состоит только из натуральных компонентов, без каких-либо добавок и усилителей вкуса. Часто именно с этим связана сложность перехода на натуральный корм у кошек. Попробуйте через некоторое время предложить наш продукт еще раз. Здоровья Вашим питомцам! С уважением, команда ООО Торговый Дом ""Нара""."
0,5,белый,В реальности ещё красивее,"Здравствуйте!
Благодарим Вас за оставленный отзыв, нам очень приятно, что наш товар оставил хорошее впечатление! Надеемся и в дальнейшем радовать Вас и Ваших малышей! Спасибо, что выбрали наш бренд и конверт на выписку новорожденного малыша! Желаем приятного и комфортного использования!
С уважением, CherryMom. 
"
0,2,,"лупа пришла в своей  коробочке, раскрытая, без дополнительной упаковки. Увеличивает максимум в 2 раза. Рассчитывала на заявленные 6. Между 2 - 6 разница очень большая. Продавцу нужно указывать реальные характеристики товара!!!",
10004020,3,сиреневый,"Упаковка была повреждена,слайм немного вытек.",
0,5,,"Топ понравился, средней консистенции, подходит для втирки.",Здравствуйте! Спасибо за высокую оценку и выбор продукции CosmoLac!
0,3,черный,"Красивые, но дубовые….как из дерева","Здравствуйте. 
Спасибо за отзыв. 
Хотим отметить, что чувство комфорта в носке субъективно, и то, что идеально подошло одному клиенту сразу, может оказаться жестким для другого в первые дни и требует разнашивания. На это влияют и особенности стопы каждого человека, и индивидуальная чувствительность.
Тем не менее, любой материал имеет свойство растягиваться и садиться по ноге в процессе эксплуатации, и в дальнейшем дискомфорт не должен возникнуть. 
Надеемся, что эта пара принесет вам только положительные эмоции. 
С уважением. "
0,3,бирюзовый,Пришёл товар некомплект не хватает одной резиночки. Поэтому отказ. Прошу не учитывать на % выкупа.,
0,1,,"Ужасный запах,хочу связаться с производителями,ну не может оно так пахнуть!Там не манго,а по запаху какое-то дегтярное!Оно просроченное точно!Мне жалко даже 100 рублей за это мыло!","Здравствуйте, Ая! Качество нашей продукции строго контролируется на всех этапах производства. Дата изготовления и срок годности указаны на этикетке. Мыло ""Манго"" имеет высокий спрос у наших покупателей, нареканий на качество нет, как и на его аромат. 
В любом случае, Вы можете вернуть товар в течение 21 дня с момента покупки в соответствии с правилами возврата товаров Wildberries.
Если у Вас есть вопросы, можете связаться с нами по контактам, указанным на этикетке.  "
0,5,colorless,"Вкусная, натуральная арахасивая паста.","Спасибо Вам большое за положительный отзыв. Мы работаем для Вас, если у Вас остались какие-то вопросы или пожелания, всегда рады ответить Вам."
0,5,colorless,"Отличная лупа, миниатюрная",
0,2,colorless,Упаковка нарушена((,
0,2,серый,"Коленки протерлись за месяц. Не ожидала такого. Много раз покупала вещи Bossa Nova, ничего подобного не случалось.",
10003930,4,черный,"Сверху флис внутри его нет, просто синтетическая ткань. Не уверен что такое исполнение на практике будет плюсом.",
0,5,"темно-бордовый, рубиновый, темно-красный, бургунди, бордовый, винный, гранатовый, вишневый","Красивый винный конверт, тоненький на весну самое то","Здравствуйте!
Благодарим Вас за оставленный отзыв, нам очень приятно, что наш товар оставил хорошее впечатление! Надеемся и в дальнейшем радовать Вас и Ваших малышей! Спасибо, что выбрали наш бренд!
С уважением, CherryMom. 
"
0,5,черный,"Дополню отзыв сравнением с синей сумочкой (сейчас на сайте это Артикул 7432815). Она у меня уже больше года, ношу ее при плюсовой температуре (зимой в снег/мороз жалко, да и не по сезону) и до сих пор выглядит как новая!!! Различия у них в размере замочка и наличии/отсутствии ножек. Фурнитура у обеих серебристого цвета, размер одинаковый. Маленькие, но вместительные, удобные, приятные, качественные.",
0,5,черный,"Мышка классная, прям под руку. Работает отлично, не сбивается. Мне очень понравилась, закажу еще одну про запас!","Здравствуйте! Рады, что товар понравился, надеемся и в будущем дарить Вам только позитивные эмоции. Благодарим Вас за отзыв!"
0,2,бордовый,"Интересно,а если закажу 30,прийдет нужный размер 27?",
0,3,бежевый,"Крем хороший, ложится ровно.Но если у вас есть веснушки или пигментные пятна, он их абсолютно не скрывает, очень жаль...Поэтому сняла две звезды. Запах приятный, упаковка пришла целая, срок до 01.21.",
0,1,,Пекут!!!!не советую!,
0,5,светло-бежевый,"Прошу прощения, уточнил красит 15-20 минут.",
10003213,4,белый,"Супер освежитель,  но океан потёк","Добрый день! Спасибо за отзыв. Сожалеем, что вам пришлось столкнуться с подобным опытом. Мы будем работать над улучшением транспортной упаковки. "
0,2,"серо-голубой, молочный","Абсолютно не соответствует в с размерной сеткой. Заказала сыну 46 и 48 размер, взяла побольше все таки зимний вариант ( у сына размер 44-46), оба размера еле налезли!! Было ощущение что они одного размера... так же заказывала у этой же фирмы, другой свитер такого же размера, тот же случай, еле налезли!!! Прошу не учитывать в сумме выкупа...",
0,5,серый,"На полненького мальчика 9 лет размер 152 на хб спортивные штаны как раз по объему.длинновато,но это не критично.качество хорошее,серый цвет красивый.",
0,3,белый,"Не стоит и 30р, маска малюсенькая,резинки не обшиты материалом- будут цеплять и выдергивать волосы ....странная конструкция...задумка производителя была сэкономить на всём,как я понимаю.Отказ однозначно.","Добрый день. Маска выполнена из четырех слоев разной ткани (хлопок, вискоза), включая двухслойный фильтрующий материал внутри. В связи с этим маска достаточно сложная в пошиве. Задумка была в том, чтобы максимально защитить дыхательные пути человека. Резиночки из натурально каучука, за волосы не цепляются."
0,1,серый,"Не берите,воняет ужасно и как только не пытался избавиться от запаха,все напрасно.",
0,2,,"Получила банку с неплотно закрытой крышкой, часть содержимого вытекла. Попробовать не решилась. Вкус и качество оценить не удалось.","Добрый день. Благодарю Вас за сигнал, формируем решение совместно с службой WB "
0,5,"голубой, темно-зеленый, коричневый","Качество и рисунок отличные! Мы очень довольно, нет ни царапин, ни сколов, упаковка не мята, не потёрта, в отличном состоянии, спасибо!",
10003854,1,"черный, васильковый",Скатался очень быстро. ,
0,2,,"Если честно мне совсем не понравилось, совсем не похоже на шоколад, что то химозное с желатином. Больше брать не буду это точно","Луиза, добрый день! Жаль, что продукт не оправдал ожиданий. На Вайлдберриз также представлены шоколадные пасты от ""Иван-поле"" -  TobeNut и веганская ""Наэма"", они горячо любимы нашими покупателями, может быть и вам придутся по вкусу!)
Также мы бы хотели отправить вам комплимент от ""Иван-поле"" - пожалуйста, напишите на нашу электронную почту."
10004085,2,серебристый,"Замки на серьгах очень тугие, сложно каждый раз застёгивать и расстёгивать.Камни гораздо прозрачнее и темнее ,чем на фото",
0,5,colorless,за свои деньги ок,"Добрый день!
Спасибо за отзыв, приятных Вам покупок."
0,2,,Вместо 2 х насадок прислали одну,"Здравствуйте!Уточните,у вас была повреждена упаковка насадок Revyline Rl 450?"
0,2,зеленый,"Приехал товар целый, хорошо упакован. Но когда разогревали еду, пиалка лопнула. Ребёнок очень расстроился.",
0,5,бронзовый,Очень хорошие ложки!,
0,5,черный,"Покупала светильник, чтобы использовать под UV-лампу для птичек. За такую цену - достойный, достаточно крепкий товар. Гибкая ножка удобно поворачивается, клипса хорошо и легко закрепилась на полке. Единственное - обратите внимание, что шнур короткий, не более метра.","Добрый день! Благодарим за высокую оценку нашей продукции. Мы рады, что Вам понравился светильник на прищепке Эра. Заглядывайте к нам еще!

"
0,4,молочный,"Тюль пришёл просто в мятом пакете! Один нормальный, один с чёрным пятнышком! Видимо, мне достался именно тот, от которого отказались. Тюль не в новой упаковке- его уже смотрели. Очень странное отношение к клиенту. Пришлось выкупить, в надежде, что отстирается, так как нет возможности ждать другой. Шторная лента широкая, сам тюль хороший. Но края не подшиты, просто прооверлочены. Wildberries, неужели при сборке заказа сложно проверить товар? И это не в первый раз. ",
0,2,"прозрачный, красный, черный",Качество ужасное .Всё в дырках и поцарапан ужас..Как такое можно продавать.Прошу не снимать за такой некачественный товар процент,
0,1,белый,"Каждый раз, при возврате товара возвращают сумму намного меньше. Wiildberries очень разочаровал. Списывают с карты в рублях, при конвертации сумма иная нежели на сайте, такая большая площадка, сделали все товары в рублях! Тогда зачем продавать в Казахстане?! Очень недовольна и сервис на 0, пакет не выдают, приходится все нести в руках. Сервис ужасный. Уже не первый раз при возврате товара, возвращают совсем иную сумму. Тогда бы и указывали, что при возврате будет штраф либо комиссия, а то обманываете людей. Качество сервиса не продумано, ощущение, что клиентов которые покупают у вас годами, принимаете за дураков. Или у вас там дураки сидят, не продумывают этот вариант.","Здравствуйте! Приносим Вам свои искренние извинения за сложившуюся ситуацию! По данному вопросу вам нужно обращаться напрямую в WB, это раздел вопросов покупателей о товаре. С уважением, команда АКВАФОР."
0,2,черный,Так себе маска,
0,5,розовый,"Хороший, качественный комбинезон. Я не любитель велюра, но за 298 р. грех не взять)) Взяла на вырост, что бы носить когда дочка уже будет сидеть, иначе задумка крылышек теряет смысл.","Здравствуйте! Благодарим Вас за хороший отзыв и за выбор нашей продукции, это очень ценно для нас. Мы регулярно обновляем наш ассортимент, и надеемся, что Вы будете нашим постоянным покупателем! С уважением, компания Lucky Child. "
0,5,,"Заказывала платиновый, пришёл ПЕПЕЛЬНЫЙ. По отзывам, не мне одной.",
0,5,черный,"Ботильоны из хорошей кожи. Каблук 10 (а не 9), платформа 2,5 (а не 2).  Выступы на подошве 0,7 см. Полноразмерные. На 37-37,5 заказала 38 (иногда ношу и т.к. меньше не было). На мои параметры 38 очень велик. В длину на 1, 5 см не меньше. На ноге смотрелись громоздко.  И у щиколотки окружностью 21 см отступали на 2 см в профиль (в объеме это, наверное, см 4). Но в анфас четко по ноге. Ставлю 5, т.к. мерила, все-таки, не свой размер.",
0,4,"белый, розовый","Пижама соответствует размеру, ткань приятная, но вот рисунки на передней части из какой-то дешевой краски портят всё впечатление. Утюгом к ним прикасаться нельзя, после нескольких стирок наверняка смоются. Сама ткань с красивым рисунком, непонятно, зачем было добавлять этот треш.","Добрый день! Большое Вам спасибо за отзыв! Просим обратить внимание на правила по уходу: 
1. Стирать одежду при температуре 40 градусов, без использования отбеливателей.
2. Гладить изделие только с изнанки."
0,4,темно-синий,"Нужен был размер с обхватом талии 120см, заказали 50й. В таблице размеров в этом размере обхват талии 118-122. По факту 128. Еще же растянутся... Очень большие оказались. Не понятно теперь какой размер заказывать.",
0,3,colorless,"Не удалось попробовать, т.к. паста вся вытекла, выкупать не стала. Была без пупырки, просто перемотана скотчем, может, конечно, её кто-то уже поел ))",
0,3,светло-бирюзовый,"Пришёл с небольшим браком, но вполне неплохой. Цвет немного отличается от указанного, но это не критично. Покупкой вполне довольна.","Добрый день! Спасибо за Ваш положительный  отзыв! Очень рады, что Вам все понравилось."
0,3,"малиновый, синий","Одели сегодня первый раз, ноги мокрые в районе икр, левая немного, а правая насквозь🤷🏼‍♀️ Ребёнок 80 см, размер 92. Ходила за руку, в лужах не бесчинствовала тк только только научилась ходить. Я не поняла что откуда протекло, очень надеюсь что не по шву а все таки затекло под резинку, тк они не особо тугие. Подобные проблемы из за слабоватой резинки были у ***у старшего сына, после носили только ТИМ, было все ок. Вообщем неприятненько...","С учетом запаса по росту/размеру, причина именно в голенище. Размер сапога маленький в росте 80, тогда как 92 размер штанины рассчитан на сапог на 2-4 размера больше. Мы не можем делать резинки еще туже, тогда будет просто невозможно натягивать штанины на сапог. Чрезмерный запас по размеру всегда имеет свои нюансы."
0,3,черный,"Брюки тонкие. Смотрятся не плохо. Но покрой... Пока стоишь всё хорошо, но стоит сделать шаг, такое ощущение что вся брючина перекручивается. Не критично, но пару звезд ""-""",
0,3,"черный, красный, белый","Набор пришёл в коробке затертой по краям. Как-будто его вскрывали и закрывали раз 5. Коробка очень лёгкая. Но все в комплекте есть как в описании. Заказывала ещё 2 набора опытов, на заднем плане. Для подарка выбрала именно их. Этот бы не взяла, но скоро уже праздники и выхода не было. За такие бы деньги не купила бы больше. Два сухих раствора, 2однаразов.стаканчика и палки деревянные. Как сам опыт пока сказать не могу.",
0,1,розовый,"Дополняю свой предыдущий отзыв. Уважаемый производитель, впервые у меня такая история с туфлями вашей фирмы! А было их минимум 5! Паре нет и пол года. Да, лопнули обе туфли. Отнесла мастеру он развёл руками, говорит что исполнение хорошее, а вот на качество материала производитель поскупился. Носила крайне редко и то на машине всегда. ",
10001392,2,бежевый,Пудра подчеркивает все неровности кожи ( ,"Здравствуйте. Нам искренне жаль, что товар вам не подошел и покупка не принесла вам самых положительных эмоций. В нашем каталоге присутствует большой ассортимент аналогичного товара, и вы всегда можете подобрать что-то именно для себя. Если вы сомневаетесь в том, подойдет ли конкретный продукт именно вам, вы можете задать вопрос касательно его свойств в разделе ""Отзывы и вопросы"". Представитель бренда ответит вам в самые короткие сроки. Спасибо за ваш отзыв: он поможет нам в будущем оправдывать ваши ожидания касательно качества товара или сервиса. 
"
0,5,"зеленый, коричневый","Покупали год назад. Комплект отлично сохранился, выдержал много стирок . К покупке рекомендую!😉 За свои деньги 1,2 к - отличное постельное бельё!!😊",
0,1,colorless,"Как так??? Куда делась вся начинка? Просто в шоке!!! знаю как должно быть, а тут просто...нет комментариев!!! Больше не закажу",Добрый день! Начинка в шоколаде распределяется равномерно. Выясним обязательно на производстве по вашему случаю.
0,4,красный,"По отзывам взяла размер меньше а зря (. Но качество товара хорошее, товар выкупила",
0,5,золотистый,"Очень хорошие наклейки,  получилось закрыть все дырки от старой вешалки, в подарок ещё маленькая бабочка, которая тоже очень пригодилась. Спасибо производителю и магазину.",Спасибо Вам за Ваш выбор. Мы стараемся быть максимально полезными. Композиция получилась замечательная. Мануфактура ВАША СВЕТЛОСТЬ
10002321,2,"светло-голубой, белый",Пришла ватрушка.  Камера маленького размера.  Нужно 16 . А пришло 13. Выкупили просто отдельно купим камеру.,
0,4,светло-голубой,"Модель skinny mid rise, состав на вшивном ярлыке отличается от указанного здесь в описании: хлопок 37%, вискоза 45%, полиэстер 16%, эластан 2%. Посадка, на мой взгляд, выше средней: пуговица практически под пупком. На ОТ67-ОБ94 лучше подошел размер 27 -- в талии довольно плотно и комфортно, размер 28 в поясе велик (отстает). В размере 28 длина по внутреннему шву 76,5 см, в размере 27 -- 78 см (т.е. в меньшем размере длиннее на 1,5 см). Брючины очень узкие внизу (ширина по низу всего 11 см -- через пятку надевать неудобно). Вместе с этой моделью заказала артикул 3311576 -- его и выбрала (отзыв на соответствующей странице).",
10003156,5,бежевый,Классрый,"Добрый день! Спасибо за Ваш отзыв и высокую оценку! 😻🥰 Посмотрите нашу новинку комплект штор блэкаут Арт.  140805337. Рекомендуем добавить наш магазин в❤️ Любимые, чтобы первыми узнавать о новинках и скидках в нашем магазине! Желаем Вам только приятных покупок!🪄"
0,4,черный,"Грубоватые, но недорогие. Предыдущие прослужили полгода. Снова взяли их, так как были уверены в размере, а замена требовалась срочно.","Здравствуйте! Благодарим Вас за отзыв и за то, что отдали свое предпочтение обуви нашего бренда""BEST.A"". Носите чешки с удовольствием и обратите внимание на наши новые поступления, чтобы ничего не пропустить подписывайтесь на наши обновления! До новых заказов!
"
0,4,colorless,"Патчи пришли в хорошей упаковке. Большие. Тонкие, накладывать нужно аккуратно. На результат посмотрю после нескольких применений. Пока все устраивает",
0,1,colorless,"Прошу не учитывать % выкупа.Из 12 банок пришло 11 упаковка была разорвана. На фото я только успела сфотографировать,когда уже сотрудник заклеил Сие  безобразие скотчем. Дал накладную ,где нужно написать претензию, чтобы не учитывали процент и выкупа и написать паспортные данные.На вопрос, а где документ на подпись о  персональной обработки персональных Данных  ( на сайте я не указывала никакие паспортные данные ) пожал плечами И был таков. 
К сожалению, по качеству паштета ничего не могу сказать,не успели по пробовать по вине Сотрудников вайлдбериса....
","Здравствуйте! Нам очень жаль, что паштет доставлен Вам в неполной комплектации. Приносим свои извинения. Данная позиция была снята с реализации. Благодарим, что не оставили без внимания и сообщили нам. Обязательно примем соответствующие меры для усиления контроля за отправкой товара. Для нас очень важно, чтобы каждый клиент остался доволен покупкой, надеемся, что Вы сможете положительно оценить нашу работу при следующих заказах.  С уважением, Wildberries."
0,5,"серый, розовый","Здравствуйте! Вещь замечательная. Комбинезончик мягкий, на летний вечер, как и написано ранее, респект  резиночке на капюшоне, так как плотно прилегает к головке!. Но пожалуйста, работники магазина, будьте внимательнее, из- за вас приходится отказываться от вещи,так как размер меньше, чем в заказе!!","Здравствуйте. Приносим Вам извинения за сложившуюся ситуацию. При получении товара, Вы можете проверить его и, при обнаружении несоответствия, вернуть сразу при доставке, указав причину возврата. После проверки такая позиция снимается с продажи."
0,4,colorless,"Приятно холодят и освежают. От мешков под глазами конечно спасут, эту проблему надо решать изнутри. ","Благодарим Вас за отзыв, нам важно мнение наших покупателей. Рекомендуем попробовать и другие продукты нашего бренда."
0,2,белый,"Материал сумки вызывает очень сильные сомнения. Возможно, это прессованная кожа, но точно не натуральная кожа, как указано в описании. Поэтому возврат.",
0,2,"прозрачный, красный",Ну как такое возможно. Ручка сломанная просто была вложена. Разве можно такое отправлять. Возврат. И прошу не снижать процент выкупа.,
0,5,,"Вкусное и жирное, много сливок. Понравилось ",
0,4,черный,"Пришла вовремя. Имеется несколько сколов, царапин, но это не критично за такую цену. Была очень расстроенна, как и ожидалось. Настраивала в первый раз около часа. Сейчас всё в порядке. Звук хороший, но мне не с чем особо сравнивать. Играю уже 5 дней.",
10000503,2,прозрачный,"На фото 6 баночек с пигментом, на деле пришло 3 баночки и 3 пигмента в виде пудры, с которыми в такой упаковке работать совершенно неудобно.",
0,2,,"Сегодня получила заказ. Патчи вскрыты были, все протекли, дома вскрыл упаковку, такое ощущение что пытались вытащить пинцетом, надорван край белой упаковки что у самой баночки. Очередной минус велборис!!!!! Убедилась в том что прощай велборис!!!!",
0,2,прозрачный,"Пришли вовремя, хорошо упакованными. Но мне совсем не подошли( как песок в глазах..",
0,2,черный,Просто кошмарная ткань,
0,3,"светло-зеленый, светло-коралловый, бежевый","Размер не соответствует заявленному!! 
Длина 203 см 
Ширина 138 см.  
Будьте осторожны! ! !
Качество нормальное, после стирки не полиняло, 
гладится не очень хорошо.",
0,5,"синий, желтый",Ребенку праздник),
0,3,черный,"Попадается грязь. Жалко деньги, купила 2 банки..","Здравствуйте! Очень жаль, что не смогли оправдать Ваши ожидания! Раньше с такой проблемой мы не сталкивались. Попробуем разобраться. Примите наши извинения! С уважением, команда HEALTHY LIFESTYLE."
0,5,прозрачный,"Подставка тяжелая, как и должна быть. Брала под чайник, вместе смотрится гармонично! Рекомендую!","Представитель компании CnGlass. Благодарим за отзыв о нашей продукции. Надеемся, она будет радовать Вас долгое время."
0,2,коричневый,"Материал и качество пошива - всё хорошо. НО!!! Не соответствует размерной сетке, - БОЛЬШЕМЕРИТ ПРИМЕРНО НА 2(!!!) РАЗМЕРА!!! Жатая вискоза растягивается в ширину здорово. На размер 50 нужно брать 46. А то и плечи свисают, и вытачки сооовсем не на месте, и талия на бёдра ушла (при росте 165 см). Короче, ужас, и жалко денег.",
0,2,темно-бежевый,"Ложится хорошо. Темные круги может и скрывает, но проваливается в кожу и выделяет абсолютно все мелкие морщинки которые без него вообще не заметны!",
0,2,синий,"Трикотаж простой. Тонковат.  Сидит не плохо, но рукава висят как тряпка. Отказ.",
0,5,"черный, серебристый","Покупала для сына, он сам выбрал именно это кольцо. Кольцо мне тоже понравилось, легкое, оригинальный рисунок, для подростка самое то, что нужно. Носит с удовольствием","Мы очень рады, что молодые люди также любят наши кольца!"
10000157,4,"серый, синий","Очень хороший комплект, но не идеальный. Немного дал усадку после стирки, это заметно по молнии (присборилась слегка), молнии вшиты не очень аккуратно - с припуском от швов разной ширины и сама тесьма молнии видна, хотя молния потайная и могла бы быть встрочена качественнее. Ткань сатин, приятная , средней плотности. ",
0,1,,"Я в шоке. Писали ,что товар задерживается. 
Уведомления о прибытии не было!
14.10.2020 в 3 часа ночи подтверждение получения.
Я товар не получала!!! Прошу вернуть деньги!",
0,1,бежевый,"Долго рассматривала на пункте выдачи, но через 3 пакета это сложно! Открыла дома и оказалось крышка разбита! Попробую отдать на экспертизу.",
0,1,,"Ужасная книга, постараюсь оформить возврат, т. к. текст сказок переписан. Сравниваю с диафильмами ещё советских времен. Картинки не соответствуют содержанию. Не рекомендую к покупке.","Добрый день!
В этой книге представлены многие русские народные сказки, а также сказки советских и зарубежных писателей, например «Айболит» К. Чуковского и «Сладкая каша» братьев Гримм. Некоторые тексты русских народных сказок здесь в обработке знаменитых русских писателей, например, «Сестрица Алёнушка и братец Иванушка» – А. Толстого, «Петух и собака» – К. Ушинского, а «Лисичка-сестричка и волк» – А. Афанасьева. О чём свидетельствует и длинный список авторских прав на обороте титула – странице с выходными сведениями. Все эти сказки мы читаем детям примерно в возрасте 2–4 года. Искренне сожалеем, если наша книга Вас разочаровала. В целом в книге собрано большое количество классических сказок, детских стихов, рассказов и песенок, которые проиллюстрированы яркими и симпатичными рисунками."
0,3,,Коробка порвана. Безобразие. Количество мешков соответствует,"Добрый день! Нам очень жаль что работники склада и службы доставки не уважительно относятся к целостности упаковки. Поверьте, мы поставляем нашу продукцию на ВБ в идеальном состоянии. К Сожалению Ваша низкая оценка товара, из за мятой коробки, может ввести в заблуждение потенциальных покупателей нашей качественной продукции. Спасибо."
10002952,5,"светло-серый, белый","Здравствуйте! Фотообои отличного качества, клеятся легко, выглядят замечательно. Советую!",Благодарим за выбор нашего товара! Тепла и уюта Вашему дому!
0,3,черный,Очень много клея,"Здравствуйте спасибо за ваш отзыв. На нашем производстве мы всегда стараемся соблюдать высокие стандарты качества. Если внешний вид товара не оправдал ваших ожиданий, у вас есть возможность оформить возврат. Подробней ознакомиться с правилами вы можете в разделе «Возврат товара»."
0,1,темно-синий,"Совсем не соответствует фото. Подкладка синтетика,большемерит на 3 размера. Ткань дешёвая, выглядит как тряпка.",
0,2,графит,"Не соответствует фото,больше Китай",
10003930,3,черный,Плохо скроена шапка на швах торчат углы как на пионерке и очень быстро растягивается,
0,3,,"Для тех ,кто любит быстро работать не ахти.
Очень густая ,выравнивание делать долго.","Добрый день. Благодарим Вас за обратную связь. Нам жаль, что база Вам не совсем подошла."
0,3,белый,Над рогом что то странное... это индюк или единорог?,"Анна, на рогом пушистая грива единорога."
0,2,белый,"Здравствуйте! К сожалению, столкнулась с такой проблемой. ВМЕСТО 6 ЛИНЗ В УПАКОВКЕ ЛЕЖАЛО 2….. Первый раз сталкиваюсь с этим. У меня большой вопрос к продавцу и сотрудникам валберис: вы вообще не проверяете товары??? Будьте осторожны! Линзы не из самых качественных и отдавать 600р за 2 штуки, думаю, никому не захочется(упаковано было качественно). Еще больший вопрос к человеку, который их своровал, не стыдно?","Крайне неприятная ситуация. В таких случаях Вы всегда можете вернуть заказ и получить оплаченную сумму обратно. Также рекомендуем проверять заказ сразу при получении. Товарная упаковка, в которой хранятся блистеры, должны быть заклеена и в случае обнаружения несоответствий всегда можно сразу отказаться от получения заказа."
0,1,,"Товар пришёл в разодранной упаковке, без кнопки я(z), с залипающей кнопкой shift, и неработающей цифрой 1, требую обмен, на не бракованную, работающую клавиатуру со склада, а не на ту которая пошла через 10 рук","Нам очень жаль, что так вышло. Компания Defender приносит свои извинения за работу склада и службы доставки Wildberries. Мы хотим исправить данную ситуацию, и поэтому просим Вас помочь. Для этого, пожалуйста, измените отзыв о товаре на отзыв о доставке. Это просто: надо зайти в личный кабинет, в раздел «Покупки», нажать кнопку  рядом с товаром «Оценить доставку», затем поставить оценку и выбрать «Другое». Там Вы можете описать проблему. Нажать «Отправить». Спасибо Вам за помощь и за Ваш выбор."
0,5,"зеленый, белый","Очень милые наклейки,брала для оформления детского альбома",
0,4,зеленый,Вполне приличное полотенце за такую цену. Покупкой довольна,"Здравствуйте! Благодарим за доверие к продукции Cleanelly и за Ваш отзыв! Он поможет другим покупателям узнать о высоком качестве наших изделий. Помечая «сердечком» товары Cleanelly, Вы всегда будете знать о новинках и выгодных предложениях от нашего бренда"
0,1,белый,"1ю тюль заказала - отлично подошла. Заказала вторую, пришла вместо 250 - 260! На упаковке указанно 250! Обнаружила, уже когда погладила, прицепила крючки и повесила. Ужасно!",
10003214,4,белый,Ёлкой не пахнет,"Добрый день! Спасибо за отзыв и доверие товарам Rossinka. Рекомендуем также попробовать наше увлажняющее жидкое мыло с экстрактом подорожника и разнообразным выбором натуральных ароматов арт. 43223648, 43237744, 43239027,  40658993, 40708735"
0,2,желтый,"Только дома увидела, что срок годности истёк.","Здравствуйте. Благодарим за обратную связь! Просим связаться с нами по почте info@siberina.ru. В письме приложите фото товара с браком или истекшим сроком годности. Мы вернем Вам денежные средства, чтобы у Вас была возможность заказать товар вновь. 
На WB мы поставляем всегда свежую продукцию Siberina сразу с производства. По правилам WB покупатель имеет право вскрыть транспортировочную упаковку для проверки товара на целостность, срок годности, явные повреждения. Обязательно делайте это при получении, и в случае обнаружения дефекта откажитесь от товара. 
Будем рады видеть Вас в числе наших постоянных покупателей. Команда Siberina.
"
0,2,прозрачный,Отслаивается на 2 день ,"Добрый день! Обратите внимание на подготовку ногтевой пластины. Важно не просто забафить, но поднять чешуйки ногтевой пластины, чтобы обеспечить сцепку. Тщательно обезжирьте ногтевую пластину, особенно в области кутикулы и боковых валиков. Для соблюдения технологии покрытия и сцепки нанесите праймер. При покрытии базой сначала полусухой кистью нанесите базу втирающими движениями на ногтевую пластину, после чего наберите каплю на кисть и выполните выравнивание."
0,1,colorless,Ничего общего с гречишным мёдом не имеет. Даже рядом не стоял. Полное ггггг.,"Андрей, здравствуйте! Спасибо, что купили наш мёд и уделили время на отзыв! Мнение каждого нашего клиента важно для нас! Нам очень жаль, что мы не смогли оправдать Ваши ожидания от покупки нашего меда. С каждым днем мы стараемся быть для покупателя только лучше, учитываем все замечания. В любом случае мы хотим чтоб у Вас остались только положительные эмоции от покупки, напишите нам ватсапп/телеграмм +7 985 845 57 79 и мы поможем. Мы рады работать для Вас! С уважением, семья Мамдеевых!"
0,4,colorless,"Пила отличная, но коробка вся помятая и затертая, 4ре звезды!","Здравствуйте!
Нам очень жаль, что Ваш заказ был поврежден при транспортировке со склада WB. Перед отправкой товара на склад  Wildberries товар проходит первичную проверку, чтобы быть уверенными на 100%, что наши покупатели получат качественный и комплектный товар. Не смотря на все действия, иногда возникают ситуации, которые нам не подвластны. К сожалению, бывают ошибки в транспортировке грузов между складами WB, поэтому мы настоятельно рекомендуем Вам проверять все покупки в пункте самовывоза, чтобы в таких случаях сразу вернуть товар.
С Уважением, официальный магазин производителя брендов ""Ресанта"", ""Вихрь"", ""Huter"", ""Eurolux"".
"
0,4,темно-синий,Платье не впечатлило. Большемерит. ,
0,3,серебристый,"Малюсенький, но прикольный)","Добрый день! Спасибо, что выбрали наш товар и рассказали о Вашем впечатлении! Мы ценим мнение каждого.
Данный брелок является неплохим вариантом бюджетного брелока и его качество полностью соответствует ценовой политике. Брелоки этой коллекции изготовлены из медицинской стали, которая известна такими свойствами, как твердость, износостойкость и гипоаллергенность. 
В нашем ассортименте имеется более качественный аналог именных брелоков из латуни.

С любовью и признательностью, 
Ваша ОптимаБизнес
"
0,5,colorless,"Отличный скетчбук! 
Описание польностью соответствует. ",
0,4,бежевый,"Так расстроилась.. купила за 4800, а в этот же день подешевели до 4500! Модель красивая, сидит на ноге красиво, но за такую цену столько мелких недочётов.. давно заметила, что за состоянием товаров в этом магазине не следят! Но выкупила, так как хотела эту модель.",
0,5,,"Супер напиток, энергия на максимум","Добрый день!
Благодарим вас за положительное мнение о нашей продукции, а так же рассказ о вашем результате!
С уважением, команда SteelPower)"
0,2,мятный,Тонкое. Дочери не понравилось.,"Добрый день! Спасибо за Ваш отзыв, нам жаль что Вам не понравилось данное изделие, предлагаем посмотреть другие модели из нашего ассортимента."
10003295,2,голубой,"Заказывала 2 шапки белую и голубую. Белая примерно на 1 см &#34;выше&#34; голубой, что повлияло на то как она выглядит на голове. Придется возвращать.","Добрый день. Спасибо, что нашли время оставить отзыв. Жаль, что данная модель Вам не подошла и надеемся, что среди большого ассортимента нашего каталога Вы обязательно найдёте свой идеальный вариант.
С наилучшими пожеланиями, команда FARGO"
0,4,голубой,"Приятный, тепленький, но очень неудобная молния. Одевать спящего ребёнка и не разбудить засовывая ноги в штанины затруднительно",
0,1,хаки,"Качество хорошее в целом , но пришел брак.Кнопка всего одна, и та не застегивается, потому что обе части одинаковые, с пимпочкой.",Добрый день! Большое спасибо за Ваши замечания. Мы обязательно учтем их в дальнейшем при производстве данного изделия. Надеемся видеть Вас среди наших постоянных покупателей.
10000348,5,серый меланж,"Плед отличный! Качественный
Двухсторонний, мягкий","Добрый день. Спасибо за Ваш отзыв и фотографии. Желаем приятных покупок! С уважением, представители бренда."
0,2,colorless,"Моей кошке корм не понравился, даже не подходит, закапывает. Что делать с таким количеством банок, не знаю. Взяла, начитавшись восторженных отзывов.",
0,2,"черный, белый","Шар пришёл без конфетти, об этом написано не было",
0,1,"розовый, белый",Не соответствуют размеру!!!,
10003300,4,бежевый,"Неплохая шапка,просто мне не подошла","Здравствуйте! Большое спасибо за отзыв. Это очень ценно для нас. Подойдёт ли Вам модель, в большей степени зависит от анатомических особенностей, размера и личных предпочтений. Надеемся, что среди большого ассортимента нашего каталога Вы обязательно найдёте свой идеальный вариант и сможете по достоинству оценить качество нашей продукции. Будем рады снова видеть Вас среди наших покупателей. С Уважением и наилучшими пожеланиями, компания FARGO.
"
0,2,белый,Никакая. Очень дешево выглядит.,
0,5,colorless,"Соль первый раз такую брала и осталась довольна! После ванны кожа увлажненная,а аромат лаванды в процессе принятия ванны очень расслабляет!",Большое спасибо за позитивный отзыв. Приятного Вам пользования!
10002399,1,"розово-коричневый, серый","Очень расстроена покупкой.  Больше напоминает фланель, а не сатин. Ткань совсем не похожа на 100 % хлопок. После первой стирки появились затяжки на наволочках и на простыне. Пододеяльники теперь стирать боюсь(( На самом постельном белье ни одной этикетки, информация только на упаковке(( Прошит комплект не качественно, плюс нитки торчат((",
0,2,черный,"ужасные , не большимеры ,ни размер в размер ,а маломер ,и по мне это вообще галоши. прошу не учитывать %!",
0,1,,"В наш город перестали завозить этот корм, а котейка его любит. Заказывали несколько раз на вб - все было ок. В последний раз и этот корм, и с индейкой, видимо, были с нарушением хранения. Коту было очень плохо - рвота, понос. Вайлдберриз, как так? Это корм, его надо хранить и транспортировать по правилам!",
0,1,коричневый,Прислали совершенно другой кошелек! (я его даже в каталоге не нашла). Расстроена.,"Здравствуйте. Приносим Вам извинения за возможное неверное вложение товара в заказе.  Позиция будет исключена из Вашего процента выкупа, в случае подтверждения несоответствия."
0,3,бирюзовый,Очень маленькая. Возврат.,
0,3,черный,Выглядят очень дёшево. Есть запах. Не советую.,"Добрый день, спасибо за ваш отзыв. На нашем производстве мы всегда стараемся соблюдать высокие стандарты качества. Если внешний вид товара не оправдал ваших ожиданий, у вас есть возможность оформить возврат. Подробней ознакомиться с правилами вы можете в разделе «Возврат товара»."
0,3,синий,"Очень они мне понравились, но размерная сетка не соответствует. Заказала 27 на размер 42, они оказались очень большие, но сами по себе джинсы хорошие, жаль что не подошли(",
0,4,colorless,"Вес с упаковкой действительно 251 гр. Вес самого мыла (с веревкой) - 234 гр. Упаковка простенькая, мыло от повреждений не предохраняет. Мыло ароматное (как и должно быть для натурального продукта), но не чрезмерно.",Здравствуйте! Указанный конечный вес мыла рассчитывается с учетом упаковки. Данное мыло продается в упаковке как указано на фото в карточке товара.
0,5,"серый, розовый","50-56 нам сел идеально! Тепленький, красивенький, единственное, что капюшон полностью не облегает головку,а хотелось бы именно этого.",
10004042,2,песочный,"Мой размер 42, заказала 44 так как к зиме надо побольше куртку чтобы одевать под куртку , посмотрела размеренную сетку все совпало на 44 подхожу , в итоге просто как в мешке , прошу не снимать процент выкупа , за несоответствии размерной сетки , ибо пишите что куртку оверсайз , и кстати копюшон как и говорили детский . Качество куртки хорошее , очень тёплый , но к сожалению 42 размера нет, жду уже больше месяца ",
0,5,светло-розовый,"Отличного качества юбка! Прекрасно сидит, приятный материал. Ребёнок доволен. Рекомендуем!",
0,3,серый,"Тапочки красивые , ткань к ноге приятная , но большой минус подошва . Ходить в них невозможно , очень скользкая подошва ","Екатерина, если для Вас эта подошва скользкая, то присмотритесь к моделям из нашего ассортимента с противоскользящей подошвой, которая выполнена из резины."
0,5,"синий, светло-бежевый, красный","Хорошие пазлы, ребенку нравятся. Обработаны аккуратно.",
0,2,,"Патчами пользуюсь, тем более за такую замечательную цену в 220 рублей. Эффект действительно от патчей виден, охлаждает, приятно пощипывает. К слову, храню я их в холодильнике, поэтому наносит более приятней, даёт охлаждение. Но разочаровала доставка, там и так не очень много жидкости, а она ещё и половину вытекла, поэтому скорее использую патчи, чтобы совсем не засохли.  ",
10003209,2,прозрачный,"Ранее пользовалась этим освежителем , в этот раз покупкой не довольна, обновили очевидно и запах стал еле уловим, сравнила со старым и действительно , начали экономить эфирные масла?+ В составе появилась два  новых химических консерванта, при том что срок годности не увеличен, отсюда делаю вывод, что товар испортили в целях экономии. Очень жаль","Надежда, спасибо за ваш отзыв. Сожалеем, что товар не оправдал ваших ожиданий. На этикетках более новых партий товара мы, в рамках работы по раскрытию информации, указываем не просто ""консервант"", а даем его расшифровку. В частности, бензоат натрия и сорбат калия являются безопасными и экологичными консервантами отлично подходящими для такого типа средств. "
0,2,синий,"Абсолютно никакого запаха мы не ощутили, а надеялись что приятный аромат будет на весь туалет. Покупала за 152₽",
0,2,"фисташковый, серо-зеленый","Ужасный лак, не советую брать. Лак весь скукоживается в лампе и совсем не просыхает. Жаль, цвет приятный.",
0,5,,"Отличная книга. Твёрдый переплёт, много иллюстраций.","Здравствуйте! Мы очень рады, что Вы получили только положительные впечатления от покупки нашей книги и готовы поделиться ими с нами! Советуем присмотреться к другим книгам серии ""123 вопроса - 123 ответа"": Вселенная и планета Земля - 10924153, Домашние животные - 10924163, Животные мира - 10924173, Животные России - 10924181, Интересные профессии - 10924161, Мир динозавров - 10924155, Подводный мир - 10924179, Россия - 13015030, Тело человека - 10924166, Техника и транспорт - 10924154, Царство насекомых - 10924239, Цветы - 12051041. Надеемся, они Вам тоже понравятся."
0,3,оранжевый,Зернодробилка пришла другая( квадратная) с загрузочным отсеком на 10кг.Отказ.Перезаказала снова с отсеком для загрузки  на 14 кг.Очень надеюсь прийдёт без пересорта  круглая,"Добрый день! Благодарим Вас за обратную связь. Нам очень важно мнение покупателя. Позвольте принести извинение за доставленные неприятности, нам жаль, что покупка Вас расстроила. Рекомендуем, проверять покупку при получении, чтобы в таких случаях сразу вернуть товар. Надеемся в будущем у нас появится возможность поменять Ваше мнение о нас в лучшую сторону.
С Уважением, официальный магазин производителя брендов ""Ресанта"", ""Вихрь"", ""Huter"", ""Eurolux""."
0,4,"зеленый, травяной зеленый","качество ткани хорошее. Куртка - отлично пошита, замки, карманы - всё хорошо. 
Недостаток: крой штанов (не удачный). На п*пе - мало (ткань натянута), а спереди - висит ткань. 

Для похода по грибы, ягоды подходит. Если играть в стрелялки - будет стеснять движения.",
0,2,коричневый,"Пришло бракованное, прошу не учитывать для снятия % выкупа",
0,2,,"Все ингредиенты в наборе упакованы в пакеты, а не в баночки как заявлено. Покупала в подарок, вид не презентабельный. ","Здравствуйте, нам очень жаль, что вас разочаровал внешний вид товара. Надеемся, сами опыты из набора принесут только положительные эмоции. "
0,2,colorless,"Сироп невкусный, запах как Доктор мом, добавили в кофе, пить просто невозможно! Сожалеем о покупке ","Здравствуйте, сожалеем, что вам не понравилось. Большинство наших покупателей с вами не согласятся."
0,3,коричневый,Доставка быстрая но краска с просроченной датой,"Здравствуйте! Спасибо Вам огромное за отзыв. Нам очень жаль, что произошла столь неприятная ситуация. По правилам интернет-площадки  Wildberries, в поставках годности товара составляет не менее 70% от окончания срока годности товара согласно правилам работы с площадкой, что мы добросовестно соблюдаем. В связи со сложившейся ситуацией, приносим свои извинения и просим обратиться в тех. поддержку интернет-магазина для разрешения данного инцидента."
0,5,"голубой, салатовый","Очень хорошие и качественные Шторы, взяла на кухню 2 шт, окно маленькое и ширина не большая мне подошло",
0,5,,"Самый кайфовый запах из всех представленных в линейке
Лёгкий холодок и аромат мяты 🤤",Примите нашу благодарность за отзыв и внимание к нашему бренду!
0,4,серый,Маломерит на размера 2-3,"Добрый день! Спасибо за ваш отзыв и оценку! Подписывайтесь на  бренд  USER, чтобы не пропустить акции, распродажи и новинки! Ждем Вас снова! "
0,1,,Ничего не произошло ,
0,3,коричневый,"Все хорошо,все соответствует, заточку чуть подправить, лёгкий, предохранитель есть.","Добрый день! Спасибо большое за положительный отзыв. Мы рады, что изделие Вам понравилось. Желаем комфортного и безопасного пользования!

Добавляйте товар и бренд в избранное, нажав на сердечко, и Вы будете в курсе наших новинок, поступлений и акций.

Будем рады видеть Вас в числе наших постоянных покупателей!
С уважением, магазин ""Pirat"""
0,3,красный,Качество на уровне...а чашку-обязательно на размер больше своего..из-за чашки -низкая оценка,
0,4,темно-коричневый,"Хорошее средство для совершенно конкретных  целей: маскирует-подкрашивает отросшие корни волос. Для своих русых волос я приобрела три оттенка: светло-русый, русый и каштановый. Успешно пользуюсь всеми тремя, так как у меня волосы с тонированием. Держится средство три дня спокойно, слегка осыпается, но не критично. Специально приобрела этот спрей, чтобы увеличить период между окрашиваниями и дать волосам возможность ""отдохнуть"". Товар пришел очень быстро, в полиэтиленовом запаяном пакетике - каждый флакон. Рекомендую.",
0,4,фиолетовый,"Цвет совпадает с фото. Упаковка ранее не вскрывалась, и я открывать не стала. И так видно, что они не в лучшем состоянии. Отказ.",
0,1,,"На мой Philips FC8132 easy life подошли* НО весь мусор при уборке залетает не в  мешок, а мимо него. Отверстия у мешка которое соприкасается с шлангом пылесоса хлипкое. Не рекомендую ",
0,2,темно-зеленый,"Очень красивые сапоги, но пришли вот в таком непотребном виде, и это даже не грязь, а брак, поэтому отказ.","Здравствуйте! Благодарим вас за отзыв. Сожалеем, что пришлось столкнуться с данной ситуацией и заказ не оправдал ваших ожиданий.Приносим вам свои извинения за доставленные неудобства!С уважением, компания TERVOLINA"
0,2,прозрачный,"С первого дня носки стали краснеть глаза, к 4му дню сильно красные, 2 упаковки для разных глаз видимо придётся выкидывать. Ощущение каких то не приятных при этом нет(линзы целые)",
0,4,,"Красивый брелок,но такой лёгкий,как пушинка🤭💥","Добрый день! Спасибо за позитивную оценку, мы постараемся и дальше радовать Вас качественной и полезной продукцией. Мы очень рады, что Вам нравится наш товар, и что Вы поделились с нами своим мнением.

С любовью и признательностью, 
Ваша ОптимаБизнес
"
0,1,,"Совсем не понравилась эта база, плохо выравнивается, работать с ней долго.","Добрый день. Благодарим Вас за обратную связь. Нам жаль, что база Вам не понравилась."
0,4,серый,"Соглашусь с предыдущими отзывами, резинка очень тугая и до пяточки ножка не доходит. На наши 15 см ну очень туго 24-25 размер. Либо брать больше на размер, но не вижу тогда смысла в торчащей сзади пятке. А по качеству претензий нет, очень милые зайчата!",
10000510,3,черный,"Сумка сшита качественно, однако доставляет неудобство открытие двух основных отделений: острые края молний и недостаточная длина молний, не позволяющая свободно брать предметы из сумки.  Особое внимание следует уделить внутреннему креплению ручек у сумки: железные пластины острые, не спрятаны под подкладочный материал, в результате чего при открытии сумки не раз были порезаны пальцы.",Благодарим вас за отзыв и обратную связь!
0,2,белый,"холст провисает. клинышки дают нулевой результат. и вообще ощущение не холста, а бумаги. грунт перекрыл текстуру холста.",
10004020,3,сиреневый,"Банка лопнула сразу, сама смесь хорошая ",
0,3,зеленый,"Очень быстро начал пузыриться верхний слой. В некоторых местах ""пузыри"" порвались, ребенок естественно все это отковыривает и тащит в рот. Небезопасно. Приходится подклеивать скотчем. Своих денег не стоит. Лучше переплатить немного, но получить качественную вещь.","Здравствуйте! Приносим свои извинения за предоставленные неудобства. Попробуйте оформить возврат в личном кабинете.
"
0,1,colorless,"Не понимаю,  откуда тут положительные отзывы, взяла ещё 4 банки, в итоге 3 выбросила, потому что это невозможно есть: одни кости, спинки и гузки!","Добрый день! Благодарим вас за отзыв и обратную связь. Сожалеем, что вам не понравился продукт. Мы стараемся, чтобы наш товар становился лучше и учитываем каждый комментарий. Желаем Вам приятных покупок!"
0,5,черный,Довольны очень!,"Наталья, здравствуйте!
Большое спасибо за отличный отзыв о товаре бренда ЭРА.
Будем рады видеть Вас нашим постоянным покупателем!
С уважением и наилучшими пожеланиями, администрация."
0,5,черный,Туфли супер!!!) ,
0,4,черный,"Размер определяла по таблице. Ножка у сына 17 см. Размер 16 оказался большой. Перезаказать времени небыло, нужны были срочно на утренник.  Стельки из тоненькой ткани отклеились при первой примерке. Подошва разная, на одном гладкая, на втором какая-то ворсистая. Всё это заметили уже в саду, так как в пункте выдачи времени небыло. 
Дизайн понравился. В группе такие только у нас😊","Здравствуйте! Спасибо за отзыв. Сожалеем, что чешки не оправдали Ваших ожиданий в полной мере. Для нас очень важно, чтобы каждый клиент остался доволен покупкой. Будем стараться в дальнейшем только радовать Вас высоким качеством и широким ассортиментом. Всего Вам доброго!
"
0,3,colorless,Не отбеливает,"Сожалеем, что вам по понравился порошок. "
0,5,,"Цвет плотный. 
Банка полная. 
При полимеризации печет. 
Консистенция средне густая.","Добрый день. Благодарим Вас за отзыв. Мы рады, что база Вам понравилась. Чтобы избежать жжения в лампе, рекомендуем Вам наносить базу слоями потоньше."
0,3,,"Разочаровалась что они не деревянные, ждала дерево. А в целом может и не плохие, маленького пока не особо заинтересовало, А вот жевать очень даже понравилось, убрали в долгий ящик.",
0,4,"белый, розовый","Размеру соответствуют, но узкие по ширине. Следы клея присутствуют, но не критично. Прошиты по периметру.",Добрый день! Благодарим Вас за отзыв. Кеды полностью из натуральной кожи и быстро сядут по ножке. Носите с удовольствием!
0,5,коричневый,"Полное соответствие фото. Очень довольна покупкой. Миленькое и приятное одеяльце. Внутри качественная хб, швы ровные и нигде не торчат нитки.",
0,4,молочный,"Отличная футболка, но маломерит как минимум на один размер.",
0,1,,"Даже нет возможности попробовать эту пасту. Два раза заказывала и два раза приходила просрочка. В этот раз дата изготовления 07.08.2019, а срок хранения 6 месяцев. Я весьма огорчена и раздосадована!!!","Здравствуйте! Нам жаль, что сервисная служба WB не контролирует отправку продукции покупателю. Мы как производитель предоставляем продукцию на склад с остаточным сроком годности не менее 70%."
10003214,3,белый,"Запаха хвои не чувствуется совсем, разочарована( такое ощущение, что воду просто купила…","Добрый день! Спасибо за отзыв. Сожалеем, что использование средства не оправдало ваших ожиданий."
0,2,светло-голубой,"Цвет банта грязно-голубой, я бы даже сказала светло серый. Мерить не стали.",
0,3,черный,Все работает. Но противный запах не выветрился даже спустя 4 месяца. Я понимаю что она lowcost но настолько вонючий пластик это что-то.,"Здравствуйте, спасибо за ваш отзыв. Запах, хоть и редко, встречается у товаров такого типа. Он должен был выветрится через несколько дней использования. Примите наши извинения за это временное неудобство."
0,1,,Широкие кнопки перекашиваются и клинят. Чтобы нажать надо точно в центр попасть. Цвет русских букв неудачный. Не видно нифига.,"Сожалеем, что товар Вам не подошел. Компания Defender предлагает огромный выбор клавиатур, уверены, что Вы сможете подобрать более подходящую Вам модель.
"
0,1,,Прислали вообще не то,"Добрый день! Спасибо, что сообщили о проблеме. Доставку обеспечивают сотрудники Wildberries. К сожалению, по данному вопросу поставщик не может Вам помочь. Рекомендуем создать заявку в соответствующем разделе личного кабинета. Благодарим за понимание!

С любовью и признательностью, 
Ваша ОптимаБизнес
"
0,2,серебристый,"Очень долго выбирали часы и решили остановиться на этих, т.к. комментарии были по большей части положительными. Мне часы не понравились по нескольким причинам: 1. Отсутствует инструкция по сборке! Догадайся мол сама, что,куда и зачем.2. Абсолютно разные по цвету цифры и стрелки, причём об этом я узнала  сняв защитную плёнку - с эстетической стороны полный кошмар (на фото отчетливо это видно). Если бы последний момент выяснился в пункте выдаче-ни за чтоб не взяла данные часы. 3. Стрелки неочень качественно сделаны, нужно поработать напильником,чтоб привести в нормальный вид","Здравствуйте. Жаль, что не оправдали Ваших ожиданий. . Уточним, в комплекте есть паспорт изделия, на развороте которого усть подробнейшая инструкция. Остальное, дело вкуса. ВАША СВЕТЛОСТЬ "
0,4,красный,"далеко не красный, больше малиновый, расстроилась и буквы на тюбике подстёртые, как то небрежно выглядит","Добрый день. Благодарим Вас за отзыв. Сожалеем, что Вам не подошел данный тон. Попробуйте другие оттенки из нашей линейки. Будем рады видеть Вас нашим постоянным клиентом!"
0,4,,Пришло просроченное(((Закажу ещё раз.,
0,5,черный,"Покупал светильник сыну для местного освещения за письменным столом. Повесил на вертикальную стенку за прорезь в одной из половинок ""прищепки"" (прорезь как у пластиковых настенных часов)","Здравствуйте! Мы очень рады, что Вы остались довольны покупкой настольной лампы от компании Эра. Приятно, что наша продукция радует покупателей!

"
0,1,светло-серый,"Также спустя пару месяцев лопнула подошва, теперь с такой подошвой тапки стороной обхожу",
10003929,5,хаки,"Балаклава огонь,  удобная,  приятная к телу,  на 58 размер головы подошла как надо",
0,1,"синий, красный","Плохое полотенце, даже после 4 стирок сыпется, какой стороной вытрешься будешь синий или красный!","Здравствуйте! Благодарим за отзыв! Выделение коротких волокон является нормальным процессом при использовании полотенец из натурального хлопкового волокна и никак не влияет на потребительские свойства изделия.  Спасибо, что выбрали Cleanelly!"
0,5,colorless,беру не в первый раз. дозатор на литровку покупала отдельно.,"Добрый день!
Благодарим за то, что выбираете наш бренд, мы рады что товар вам понравился,  так же рекомендуем дозатор к шампуням индиго арт. 86432404 и эффективный спрей для легкого расчесывания с термозащитой арт. 11930030 скопируйте этот артикул в поисковую строку на сайте Wildberries
С заботой о ваших волосах, официальный магазин производителя Indigo Style.

"
10003840,4,молочный,"Отличное платье. Красивое. Правда мы не угадали с размером. Даже не смогли надеть его, чтоб померить. Рост дочки 120, платье заказали 122.","Добрый день. Нам очень жаль, что покупка не оправдала Ваши ожидания и Вам не удалось подобрать размер. На будущее советуем Вам обращать внимание не только на рост, но и на обхват изделия, который указан для каждого роста. Это поможет быстрее подобрать посадку. Мы обязательно примем во внимание Ваше мнение и постараемся в будущем не допускать ситуаций когда покупка Вас расстраивает и вызывает вопросы. Надеемся, что Вы найдёте ещё много интересных вещей в коллекциях бренда SMENA. Желаем Вам только приятных покупок."
0,3,молочный,"Забрала, есть но!
Заказала молочную , а пришла белая, ещё косяк, на 5 см короче, чем заявлено, это не критично, но и не приятно, а так , за такую цену, нормуль!😊",
0,3,"серый, розовый","Неудобные, но красивые тапочки. Стоят без дела. Ну оооочень неудобные.","Мария, очень жаль, что тапочки Вам не понравились. Возможно Вы подберете для себя другую модель тапочек из нашего ассортимента!"
0,3,"серый, розовый","Нога 36 размера не влезает в размер 38-39. Всегда домой беру больше, чтобы комфортней. Тупо не продумано про подъем. Даже ребенок 10 лет надела и ей не удобно (33 размер ноги). Выброшенные деньги.","Татьяна, нам очень жаль, что тапочки вам не подошли по подъему. При первой примерке может показаться, что тапочки узкие, но воздушная стелька быстро примнется и тапочки будут шире."
0,3,голубой,Дополняю к первому отзыву брак везде,
0,3,серый,Они пришли некрашенные,
0,3,"голубой, розовый","Фигурка пришла целая, но... меня надули. В комплекте карандаши а не кисть и краски как я заказывала. То есть отправляют что попало",
10003921,1,темно-серый,"Купила пижаму, оплатила картой через сайт, деньги не вернули, тех поддержка не работает! ",
0,1,colorless,Часть не получилась.,"Добрый день. Спасибо, что нашли время поделиться мнением о покупке. Очень жаль, что продукт не оправдал ваших ожиданий. Мы обязательно передадим ваш комментарий производителю."
10003562,2,черный,"Очень тонкие лосины, на 48 размер, маломерят, сели в притык,  но 50 размера нет в предложении. Отказ",
0,2,розовый,"На самом деле шторка прозрачная, а не розовая! Проще говоря клеёнка. Отказ",
0,1,colorless,"Сегодня паста пришла, все вытекло, смято, Магазин следите за упаковкой, деньги так и не вернули ","Добрый день. Просим соблюдать регламент и обращаться по возврату через инцидент в личном кабинете покупателя, к сожалению у производителя подобных инструментов нет, и помочь мы не сможем."
10002632,1,фиолетовый,"Протекает, хоть как закручвай крышку...В использовании год. Если в сумке чуть под наклоном, то потом всё мокрое, приходится носить прямо только. Причём есть бутылочка с жёстким носиком, так с ней всё отлично.","Добрый день! Если у вас есть сомнения в качестве товара, напишите нам в заботливую службу бренда, мы обязательно разберёмся. Контакты указаны на упаковке.
"
0,2,розовый,"Ведро ооочень маленькое . Пластик ну очень тонкий , особенно на выпуклых местах , прямо прозрачный . Хрупкий и не надёжный .",
0,1,,"Название чёрным по белому написано ""съедобные"", получив же, на упаковке чётко написано ""только для наружного применения"" и ""не проглатывать"". Зачем обманывать покупателей, пишите нашвания ","Спасибо за ваш отзыв! Съедобное массажное интимное масло с ароматом карамели - съедобное, косметику Shunga нужно слизывать, так же если подуть на кожу, обильно смазанную маслом, то оно начинает отдавать приятное тепло. Попробуйте) надеемся вам оно очень понравиться!  "
0,3,белый,Обычный бокал. Не стоит своих денег.,"Добрый день! Сожалеем, что кружка не оправдала ваших ожиданий. На цену товара влияет больше количество факторов. Периодически в интернет-магазине бывают акции, и вы можете купить данный товар со скидкой."
0,1,"белый, аметистовый, фиолетовый",Набор пришел с разбитой тарелкой,
0,1,"черный, оранжевый",Шуруповерт пришло один аккумулятор не работает подсветка не светит деньги отдовать отказываются ссылаются на то чтобы я сам нашёл сервисный центр производителя и сам расхлебывался с ними хотя сами при отправке не проверили товар!!!!!,
0,3,,"От пасты пришла только коробка👍 конечно возврат, но блин как так то",
0,3,черный,"Кальсоны по качеству хорошие, но низкая посадка, ребенку в них неудобно, сползают, приходится подтягивать. На рост 145 брала 152 размер, чтоб с запасом. Либо они маломерки.",
0,1,голубой,"Автолюлька неудобная, ребенок в ней согнут под прямым углом, а не полулёжа. Покупали до рождения малыша-примерять не было возможности. Разочарована, т.к. есть с чем сравнивать, для первого ребенка брали у друзей автолюльку попользоваться, там реально была удобная люлька. Одна звезда за расцветку чехла. В остальном ""топорное"" изготовление. Не рекомендую",
0,5,colorless,"Пришло все целое, хорошо Упакованные, жидкости много, сами патчи достаточно плотные",
0,3,"серый меланж, черный, розовый",Вот все отлично и сшито качественно и ткань приятная НО эта розовая вставка 🤬 ПОСЛЕ 5й стирки окрасился капюшон. Присоединяюсь к множеству других комментариев- уберите эту розовую едкую ткань,
0,1,белый,"Сначала пошёл запах, потом дым... возврат",
10002633,5,черный,То что надо,Спасибо за отзыв! Пользуйтесь с удовольствием! 
0,2,,"Не прислали обещенну
 пену, коробка мятая","Здравствуйте!
Примите наши извинения за доставленные Вам неудобства. Сообщите на почту: abanosimova_md@resanta.ru  Ваши данные и ближайший к Вам пункт курьерской службы ""СДЕК"". Мы отдельно отправим Вам подарок к товару. 
Спасибо за обратную связь, с Уважением, команда HUTER."
0,3,белый,"Ткань футболки хорошая,принт тоже. А вот модель безобразная-очень широкий вырез,почти до плеч,еще и топорщится,и очень узкие рукава при нормальном обхвате груди и талии",
0,4,colorless,"Жидкости внутри почти нет, рвутся. Отеки немного снимают, осветляют. Патчи этой же фирмы артикул 10628771 понравились больше, при регулярном применении они разглаживают мелкие мимические морщинки, освежают взгляд, приподнимают верхнее веко (ложу на него патчи тоже).",
0,5,"бежевый, кремовый",Отличный цвет и качество👍.,"Добрый день! Благодарим вас за положительный отзыв, рады что вы выбрали гель лак для ногтей Beauty Free. С гель лаком для маникюра Beauty Free вы будете в центре внимания.
Рекомендуем попробовать такие продукты как : база для гель лака Beauty Free и топ для ногтей Beauty Free
Приятных покупок! Надеемся увидеть вас снова."
0,3,,"Кислый вкус , какая то химия ","Евгения, добрый день! Для нас важны все отзывы о нашей продукции, спасибо, что нашли время на обратную связь! Мы рассмотрим ваш отзыв на Комитете по качеству, назначенном на 5 апреля, передадим его технологу-разработчику. В нашем ассортименте есть две потрясающие шоколадные пасты - шоколадно-ореховая паста без сахара TobeNut и веганская ""Наэма"", будем рады если удастся попробовать и оценить по достоинству!"
0,2,черный,Лампа проработала полгода и без причины сломалась просто перестала работать:’((((,"Добрый день! Благодарим Вас за обратную связь. Пожалуйста, обратитесь на горячую линию www.wildberries.ru для замены товара."
0,4,"белый, серебристый","Оставила 4 звезды только потому что раньше такого качества товары через WB мне не приходили. О товаре: кроссовки со звёздами очень удобные, легкие. На фото видно, что подошва грязная, а на левом кроссовке закрашен какой то дефект белой краской, отличающейся оттенком от цвета самой подошвы. Также залом и мятая кожа у основания язычка. Безусловно жаль, что модель оказалась в таком состоянии, иначе взяла бы эту пару себе и с огромным удовольствием носила, но брать за 5000₽ уже возможно ношеные кроссовки удовольствие сомнительное. Прошу не снимать процент выкупа, все таки WB необходимо проверять товары перед тем, как их отправить потенциальному покупателю.",
0,3,синий,"Здравствуйте! Привезли сегодня суппорт. Но пришлось отказаться. Выше икры не возможно было натянуть, не смотря на то что у меня нога относительно худенькая ( ношу российский размер одежды 44, при росте 164). В описании не были указаны параметры. Взяла на угад. Брала их две штуки. От обоих отказалась. Уважаемый магазин, прошу не снижать процент выкупа.",
0,2,бежевый,"Помада неприятна для губ: липкая, запах технический, въедается в кожу (это никак не назовешь стойкостью). Цвет не соответствует заявленному.",
0,5,,Самый лучший заменитель. Приятная цена. Всё доставлено целое и упакованное.,"Добрый день. Спасибо, что нашли время и оставили отзыв на нашу продукцию. Нам приятно видеть Вас нашим покупателем!"
0,5,прозрачный,"Кружки пришли целые, без брака. Вживую смотрятся ещё лучше, чем на фото. Я рада. Брала на подарок. Упакованы отлично.",Добрый день! Благодарим за добрые слова и высокую оценку! Пользуйтесь с удовольствием! Спасибо!
0,5,белый,"Всё отлично, спасибо","Добрый день! Спасибо, что выбрали холсты на магните бренда ""Малевичъ"". Желаем приятного творчества!"
10003212,4,белый,Слабый запах,"Добрый день! Спасибо за отзыв. Сожалеем, что использование средства не оправдало ваших ожиданий."
0,1,,Пришло не то🤷🏼‍♀️,"Здравствуйте! Проблема возникла во время сборки заказа. Жаль, что покупка доставила хлопоты, однако, рекомендуем повторить заказ. Ватман формата А1 очень популярен и заслуживает Вашего внимания. "
0,3,colorless,"Ну вау блеска я даже близко не увидела. Консистенция годится на выравнивание. Вот реально странный топ, вроде и блестит,но фигово, вроде ложится, но приноравливаться надо. Не слезает, держится нормально.",
10000648,1,черный,"Плохо качества, коробка мятая, когда вскрыла, уголки сломаны, внутри ужасно сделана. Возврат ",
0,3,"прозрачный, черный","Упакован был плохо, пришёл уже с царапинами и микродырками, материал очень тонкий, стержень хлипкий. Небольшой вечер и сломается",
0,3,бежевый,"Клатчик красивого сливочного цвета, миниатюрный, приятная кожа.  Но не взяла по причине брака: с торцов имеют место щелки из-за того, что кожа выкроена не правильно, причем одна больше другой. Надеюсь, оформят как брак.",
0,1,"синий, серый",даже не мерил. внешний вид не понравился. очень удачные фото у производителя))),Здравствуйте! Спасибо за ваш отзыв 
0,1,коричневый,"Ужасное качество. Постоянно эта палка держатель вываливается, стоит только тронуть полотенце.",
0,3,colorless,"Запах не очень напоминает присыпку, больше порошка)) ооочень мелкий, весь туалет и квартира в наполнителе. Очень трудно убрать мокрый наполнитель, савок вообще в хлам )) но кошка ходит туда, ей то нравится капать)) запах нейтрализует не плохо, за это плюс.",
0,2,,Ну такое себе... я люблю этот аромат в оригинале. Но цена не радует. Буду пользоваться в машине. В качестве освежителя ок.,
10003402,2,темно-серый,"Когда увидела качество,  которое совершенно не соответствует фото и мерить не стала. 
Как какие-то войлочные штаны.",
0,3,серый,"Очень тупая резинка, хотя взяли больше на размер. Сшиты тоже не качественно, везде торчат нитки, швы расходятся, ушки уже оторвались, хотя носим только первый день",
10004236,3,зеленый,"Качество ужасное, очень осыпается снежная крошка, которая отсутствует на фото! Шишки на фото сосновые, а по факту длинные еловые. Ствол голый, виден метал основания. Ветки также к основанию лысые.",
0,1,colorless,Пришла пустая упаковка без монеты. Упаковка была повреждена.  Оформила при получении возврат по браку. Получила отказ. Возврат денег не делают.,"Добрый день, сожалеем из-за доставленного неудобства. Чтобы не возникало подобной ситуации, наличие товара в упаковке нужно проверять на месте, тогда в подобных случаях с поврежденной при транспортировке упаковкой вы можете просто не забирать такой товар. Такие случаи случаются крайне редко, но лучше перестраховаться и тогда не возникнет такой ситуации."
0,5,,"Всегда покупаю эту пасту, работать одно удовольствие ","Здравствуйте, Елена! Нам очень приятно, что Вы пользуетесь нашей продукцией GLORIA SUGARING CLASSIC.  В дополнении к Сахарной пасте для шугаринга рекомендуем попробовать Крем после шугаринга (артикул 7273853). Мы рады стараться для Вас!"
0,1,прозрачный,"Пришел чехол на айфон, вместо самсунга.",
0,1,белый,Пришло разбитое... ,
0,4,,"Купили в июне 2020 года, эксплуатировали мойку два летних сезона, мойка отлично отмывает авто и ковры, рекомендую. Из минусов - стандартный пеногенератор ну так себе... отдельно докупали прошлым летом другой хутеровский пеногенератор.",
0,1,,Пришло стекло разбитое,
0,3,серебристый,"Красивое ,но камушек выпал спустя несколько дней",Спасибо за ваш отзыв! Будем дорабатывать технологию закрепления камушка
0,1,черный,Гель-лак не просыхает. Уже и три минуты пробовала сушить. Бесполезно. ,"Добрый день! Это очень плотный гель-лак. Наносить его необходимо втирающими медленными движениями, без выравнивания. Очень важно, чтобы лампа давала мощность 48W. Сушить 1 минуту, но если мощность лампы ниже или слой очень толстый, то лак не просохнет и за 3 минуты."
0,2,colorless,Странный кофе. Ни вкуса ирландского крема. ни вкуса кофе. Непонятно что.,
0,4,"кофейный, темно-бежевый, бежевый","Ткань тянется,вырез очень свободный.В целом нормально)","Добрый день!

Спасибо за ваши добрые слова! Будем ждать ваших новых заказов
Носите с удовольствием!

Хорошего дня, #37thAvenue :-)
"
10004020,4,сиреневый,Прозрачный слайм немного протек. Я их смешала .цвета быстро смешались)за 150р.поигаться хватит,
0,5,"]
ерный","все отлично.часы понравились,все работает.",Здравствуйте. Благодарим за Ваш отзыв. Пользуйтесь с удовольствием и наслаждайтесь результатом! )) Мануфактура Ваша Светлость.
0,4,синий,"Цена соответствует качеству. Тонкие, хорошо тянутся, мягкие. Посадка средняя. На ОБ 96 подошел 26 размер, т.к. в 27 в поясе слишком свободно, а я не люблю носить ремни. При росте 165 см есть небольшой запас по длине.",
0,1,"черный, серебристый","Отвратительное кольцо , не заказывайте !!!!","Добрый день! Жаль, что вам не понравилась эта модель как другим покупателям. Также жаль, что вы не указали причину. В любом случае, благодарим вас за отзыв!"
0,1,,Бумажные лучше! Не рекомендую!!!,
0,4,бронзовый,Не подошёл размер.,
10000599,1,"черный, голубой, розовый",Чехол пришёл вообще на другой телефон. Отказ.,
0,5,"белый, серебристый","Удобные, нарядные, качественные.",
0,1,"голубой, красный","Заказала два комплекта,  в этом оказалась бракованная простынь. Вернула и заказала другую расцветку с совами этого же производителя,  оказался тоже с таким же браком.",
0,2,"серый, розовый","У нас через две недели полетели несколько кнопок. При том, что надевали не каждый день... (((Даже на более дешевых комбинезонах такого не случалось. Разочарована. Больше ничего не возьму этой фирмы. А так смотрится очень стильно. Уютный, если дома прохладно.",
10002976,5,красный,"Пришло все целое, ребенок доволен, соседи наверно тоже)))","""Здравствуйте! Благодарим Вас за выбор ТМ Moby Kids, за отзыв и высокую оценку. Мы рады, что наша продукция оставила у Вас хорошие впечатления и доставила положительные эмоции Вашему ребёнку. Желаем его долгого использования и не забывайте о безопасности при прыжках! 
У нашего бренда Moby Kids есть ещё много отличных товаров для спорта и отдыха для детей!""
"
0,2,,"Белая на много лучше, чем красная глина! Красная, крупный помол, как будто кирпича, смывать не приятно, как будто жестким скрабом пользуешься, и эффекта не увидела, а только сушит кожу, а белая глина хорошая, осветляет кожу)","Здравствуйте! Спасибо Вам за отзыв!Красная глина является прекрасным ""мягким пилингом"" для кожи, она отшелушивает омертвевшие клетки эпидермиса, очищает и смягчает кожу, прекрасно регенерирует и успокаивает её. Показана для увядающей кожи, уменьшает глубину морщин и разглаживает мелкие морщинки."
0,1,"черный, зеленый, оранжевый",Не получается не какого опыта,
0,1,черный,"Вообще не сравнить с фотографией,","Здравствуйте, спасибо за оценку. Нам жаль, что товар не понравился. Вы всегда можете обратиться в службу поддержки Wildberries, если вам нужна помощь по заказу.
"
0,2,"темно-синий, синий","Выбирала из пяти сумок на поясе. Купила эту, можно носить и на поясе и через плечо. Смотрится симпатично. Телефон вместился, есть отдельчик для документов. Неплохо)",
0,2,"зеленый, красный, желтый","Фигурки очень маленькие. Упаковка была повреждена, странно ,что вообще не потерялись","Добрый день! Благодарим за отзыв. Очень жаль, что игрушка не оправдала Ваших ожиданий.Надеемся, что следующие покупки Вас порадуют. С уважением, команда Томик ❤"
0,3,малиновый,"Штаны класс, самое то на весну.Очень долгая доставка поэтому снимаю две  звезды","Спасибо за отзыв! Производитель не в силах повлиять на работу внутренних служб WB. Заказывая перед праздниками (а сейчас 8 марта на носу), нужно понимать, что нагрузка на логистические службы возрастает. Мы просим оставлять отзывы о качестве товаров. Рейтинг самому магазину можно поставить в поисковых системах, к примеру."
0,2,colorless,"Жесткая и немного колючая. После первого мытья растрепалась (мылась и сушилась нормально, с хорошими кистями годами все в порядке).","Здравствуйте, Екатерина! Мы очень сожалеем, что Вы остались разочарованы покупкой кисти. С уважением, команда LIMONI"
10002980,1,зеленый,Ерунда полная," Здравствуйте.
 Сожалеем, что товар не оправдал Ваши ожидания, надеемся, в нашем ассортименте найдется товар, который оставит у Вас положительные эмоции."
0,3,,"Дополняю отзыв спустя 2 мес : теперь на одной кнопке стали нажиматься сразу по несколько букв и символов , клавиатура больше не пригодна к использованию . Работала с ней в офисе, никаких повреждений не было , не долговечная совсем она .. ","Сожалеем, что Вам пришлось столкнуться с неудобствами во время использования нашего товара. Допускаем, что Вам пришло бракованное изделие. Товар можно вернуть, предварительно оформив заявку в личном кабинете «Проверка товара – Возврат после оплаты по браку». Не забудьте приложить к заявлению видео, где видна проблема. Обращение рассматривается в срок до 5 дней. После подтверждения заявки денежные средства возвращаются на баланс сразу же после фактической передачи товара."
100040360,3,черный,Качество оставляет желать лучшего,"Добрый день! Спасибо, что поделились своим мнением. Жаль, что Вы снизили нам оценку до 3 звёзд, не оценив изделие в полной мере. "
0,3,"синий, зеленый, желтый","Желтый размазня, синий и зелёный более менее.",
1000067,4,лиловый,Легкий летних пиджак; размер хорош но рукава узковаты и несколько коротковаты; и цена даже со скидкой 50 проц все-таки завышена.,
0,1,бордовый,"Товар пришел бракованный. На фото видно сбоку повреждение обивки.
Прошу не учитывать в проценте выкупа и снять задолжность за доставку.",
0,2,"белый, розовый",качество не очень.отказ,
0,1,бежевый,"Спусковой механизм не работает, винты не в размер, деревянные штыри выпадают. Жаль потраченных денег.","Здравствуйте, пожалуйста строго следуйте инструкции по сборке. Спасибо за Ваш отзыв."
0,5,"зеленый, желтый","Очень хороший конструктор, очень яркий! А запааааах, просто волшебный! 😍 Всем советую! 👍","Добрый день! Благодарим за отзыв. Играйте с удовольствием)) С уважением, команда Томик "
0,4,голубой,"Хороший, повыше бы.",
10003215,5,белый,"Освежитель суперский. Запах обалденный, летний такой. Мне очень понравился. Рекомендую","Добрый день! Спасибо за отзыв и доверие товарам Rossinka. Рекомендуем также попробовать наше увлажняющее жидкое мыло с экстрактом подорожника и разнообразным выбором натуральных ароматов арт. 43223648, 43237744, 43239027,  40658993, 40708735"
0,2,"черный, темно-коричневый, светло-серый","Игрушка не качественная. Приехала немного подранная, швы не ровные, будто уже зашивали. Купила только потому что была последняя на складе и младшая сестра долго выпрашивала. А так деньги на ветер",
0,5,,"Густая очень, в работе не пробовала, на вид отлично, цвет суперский.","Добрый день. Благодарим Вас за отзыв. Мы рады, что Вы остались довольны нашей камуфлирующей базой 015. Также Вы можете приобрести эту базу объемом 30 мл по артикулу 14186131."
0,5,,"Классные магнитики, красочные, милые картинки. Спасибо.","Здравствуйте! Благодарим за то, что нашли время написать добрый отзыв! Нам очень приятно! С уважением, ГК АНДАНТЕ"
0,3,,Доброго дня! Не очень рекомендую к заказу. Эффекта 0 от данного продукта. ,
0,2,colorless,"У сожалению, ничего не взошло 😢","Добрый день! Нам очень жаль, что покупка Вас разочаровала. Попробуйте подождать и продолжать уход за растением."
10003299,1,розовый,Ничего хорошего.,"Здравствуйте! Большое спасибо за отзыв. Это очень ценно для нас. Подойдёт ли Вам модель, в большей степени зависит от анатомических особенностей, размера и личных предпочтений. Жаль, что эта модель Вам не подошла, но хотелось бы видеть объективную оценку. Надеемся, что среди большого ассортимента нашего каталога Вы обязательно найдёте свой идеальный вариант и сможете по достоинству оценить качество нашей продукции. Будем рады снова видеть Вас среди наших покупателей. С Уважением и наилучшими пожеланиями, компания FARGO.
"
0,5,сиреневый,"Смотрятся здорово прошиты ровно, рисунок совпадает!!!","Добрый день! Благодарим за проявленный интерес к нашей продукции. Спасибо, что нашли время оставить отзыв и поделились своими впечатлениями. Мы искренне рады, что Вы остались довольны качеством товара!"
0,1,"голубой, белый","Согласна с предыдущим отзывом. Жаль, что не было его на момент заказа. Мне даже не марля пришла, а грубая ткань, из которой мешки шьют. Тяжеленная! Моё одеяло легче пододеяльник! Толстая, из грубых толстых ниток. Такую ткань на постельное белье нельзя! Она ещё и колючая. Внутренний подворот наволочки - смех! 10 см! В каждую вещь встроены этикетки в шов. Зачем так делать?! Неужели нельзя просто бумажки клеить? Теперь ещё распарывать и вынимать остатки от этикеток... В общем ужасно, разочарована. Никому не советую. Запомню производителя, чтоб больше не брать его продукцию. ",
0,2,черный,Не оч качественная реплика,
0,1,коричневый,Фигня маленький размер качество ужас!!!,
0,5,черный,Лупа как лупа,
0,3,черный,Тени выкупать не стала. Коробочка была никак не упакована. Сами тени уже внутри сыпались. ,
0,1,серый,"Ужас! Одним словом...
Тапкам 3 месяца, стёрлась ткань, хоть и стирала, но затертости остались. 
Растянулись. На фото все видно. И это за такие деньги 🤦‍♀️
Не рекомендую!","Нам очень жаль, что тапочки у Вас прослужили так мало времени."
0,4,"светло-голубой, голубой",Неплохие джинсы. На рост 170 до косточки. На от70-об95 талии велики,
10004020,4,сиреневый,"Хорошо упакован, ребёнок доволен. Спасибо.",
10003538,1,зеленый,"В описании размер ноль, прислали М. 🤔 ???",
0,1,белый,При работе оказалось все наоборот. Пищит. Работать невозможно,"Здравствуйте, Егор. Спасибо за обратную связь! Вы можете обменять товар по гарантии. Для этого необходимо оставить заявку в личном кабинете. Процент выкупа не снизится."
0,3,серый меланж,"Для меня (рост 157) футболка оказалась очень длинной, поэтому на выход так ни разу не одела,  оставила для дома.","Добрый день! Спасибо, что поделились своим мнением! Сожалеем, что футболка для беременных не оправдала Ваших ожиданий, возможно не подошел фасон. Надеемся Вы сможете найти свою идеальную модель из нашего каталога, выбор очень большой. С желанием сохранить Ваше доверие в будущем.Нам бы очень хотелось оставить приятное впечатление о нас. Свяжитесь, пожалуйста, по whatsapp +7-960-250-93-99 или Sluzbazaboty@mail.ru Мы обязательно решим все вопросы в Вашу пользу и с заботой о Вас. Ваша Служба Заботы о Клиентах"
0,1,,Защитная пленка под крышкой была вскрыта.... такое впервые сколько заказываю .....,
0,4,белый,Так себе качество. Буду подыскивать премиум сегмент. За БОльшую сувмму.,
0,2,,"Заказала патчи,тестирую: Достаточно плотные,что радует,но,все равно сьезжают,цвет не соответствует цвету на картинке,мне пришли болотного цвета.",
10000254,2,,"Не нравится, провоцирует жирный блеск, хотя у меня не жирная кожа.","Добрый день! Компания A-DERMA благодарит Вас за отзыв! Мы всегда напоминаем нашим покупателям, что существует индивидуальная непереносимость любого медицинского и косметологического препарата. Наша компания, очень благодарная вам за отзыв и что вы поделились с нами своим мнением о данном продукте. Спасибо!"
0,3,"черный, зеленый",Теряет соединение с телефоном! У меня 8 айфон  версия 12.3.1.. Ещё один неприятный сюрприз -прищепка зарядного устройства плохо держит контакт с устройством! Приходится сильно прижимать его (подкладываю стопку бумаги) только после этого начинает заряжаться! Больше чем на сутки 100% заряда не хватает!,
0,3,белый,"Хлюпенькая подставка. Даже не открывала в пункте самовывоза, даже не подумала. А дома, открыв, увидела, что он весь в сколах,царапинах и грязный.",
10000503,3,прозрачный,Зеленого пигмента пол банки.,
0,5,темно-бежевый,"Отличный плед, мягкий и уютный. Не толстый, если любите потеплее, то лучше потолще покупайте. Если есть кошки, то будут зацепки. На лето вообще идеальный вариант, поверхность шелковистая.","Добрый день! Благодарим Вас за положительный отзыв!
Мы очень рады, что оправдали Ваши ожидания и смогли сделать Вашу жизнь комфортнее. Постараемся и в дальнейшем оправдать Ваше доверие к нам. С уважением, команда ""Sofi de Marko"".
"
0,4,,"Товар хороший и пришёл достаточно быстро, но с небольшим косметическим повреждением, а именно в царапинах.","Добрый день. Спасибо за отзыв! Мы работаем напрямую со складом Вайлдберриз, поэтому доставка такая быстрая. Надеемся, что царапины не испортят впечатление от термометра, ведь на его функции они не влияют. Предлагаем обратить внимание на комнатные термометры бренда GARDEN SHOW: GARDEN SHOW / Термометр комнатный, светлое дерево. Артикул: 9845563, GARDEN SHOW / Термометр комнатный Красное дерево, классика Артикул: 8048652. Хороших покупок!"
0,4,розовый,"Красивое платье/халат на лето. Хотела взять, но расцветка попалась так себе, тяп ляп. Ещё цены прыгают: дорожает-дешевеет-дорожает...мне попалась без клёпки, растроилась. Я хотела чтобы мне оформили обмен на другой, но в пункте выдаче так не делают. А было бы хорошо- и продавец не теряет деньги, и покупатель бы получил что хотел. А так, надо либо 2-3 вещи заказывать за раз и мерить...",
0,1,colorless,"Сегодня получила корм,  сразу дала кошке. Через два часа у кошки жидкий стул и рвота данным суфле. Раньше покупала такой корм с индейкой, все было хорошо. Что такое случилось с кормом? Срок годности хороший. Вторая кошка есть это суфле отказалась. Разочарована,  больше брать корм этог производителя не рискну.","Добрый день, Наталья! Благодарим за отзыв, для нас это очень важно! Сожалеем о случившемся с Вашим питомцем. Корм проходит все проверки на производстве, и его качество неизменно. Также жалоб от других покупателей на подобную реакцию у питомцев на данный корм не поступало. Здоровья Вашему питомцу! С уважением, команда ООО Торговый Дом «Нара».
"
0,1,"пудровый, бежевый, абрикосовый","Мне к сожалению тоже досталась подделка... Обидно... Постоянно пользуюсь такой пудрой (покупала до этого в другом магазине)поэтому есть с чем сравнивать. Пудра ложиться ужасно,пользоваться не возможно. Пудра пришла целая,без сколов(это единственный плюс).",
0,3,темно-бежевый,"Маломерки,даже не влезла в них!",
0,1,черный,"Отказ! Вообще ни какой это ни оригинал,клея по краям залейся!","Здравствуйте. Спасибо за ваш отзыв! Мы являемся официальным поставщиком продукции adidas на Wildberries. Вы можете при получении товара проверить его оригинальность через приложение «Честный знак». На нашем производстве мы всегда стараемся соблюдать высокие стандарты качества. Если внешний вид товара не оправдал ваших ожиданий, у вас есть возможность оформить возврат.  Чтобы узнать о возврате, обратитесь в службу поддержки Wildberries. Надеемся, следующая покупка вас порадует.

"
0,2,,Ни один Кристал не вырос . Разочаровались . Сын ждал очень((,"Здравствуйте. Благодарим вас за оставленный отзыв. Нам очень жаль, что ваш опыт был негативным. Кристаллы действительно хрупкие и капризные. Для хорошего роста нужно точно выполнять предписания инструкции, беречь их от сквозняков и яркого солнца. Но главное, ни в коем случае не трогать и не трясти! Надеемся, эти рекомендации помогут в будущих экспериментах."
0,4,colorless,"Очень странно. Беру масло второй раз. Первый, оно было достаточно горькое, срок изготовления до получения был 3 недели. Сейчас, вкус у масла очень мягкий и приятный, срок разлива также около трёх недель назад. Хотелось, чтобы поставщик ответил, почему такая разница во вкусовых ощущениях","Здравствуйте. Спасибо, что выбираете наш продукт. Нам не разобраться без самого масла и срока годности, но вероятнее всего розлив был с разных партий масла. Желаем вам удачных покупок и крепкого здоровья""! С Уважением ""Житница здоровья""!  "
0,3,прозрачный,"Уже 4-й раз сделала заказ на покрытие 3Д, потому что предыдущие разы привезли вместо верхнего покрытия базу. А слова представителя брэнда о том, что отправка неправильного вложения исключена это пустые слова,потому что покупатели из разных городов пишут об одном и том же. Очень обидно, что никто не реагирует на жалобы клиентов или не могут отличить бутылек базы от  ВП. А само покрытие очень нравится, один уже заканчивается, а второй не могу никак получить. Убедительная просьба: ПРИВЕЗИТЕ МНЕ, УЖЕ НАКОНЕЦ-ТО, ВЕРХНЕЕ ПОКРЫТИЕ, мне не нужно столько баз. Или Вы так сбываете залежалый товар???Очередной номер моего заказа 7453935776 от 16.08.2019, пожалуйста, сделайте правильное вложение.",
0,4,"желтый, голубой, красный, оранжевый","Звезду сняла из-за яркости. На картинке он ярче. А так нож прикольный, племянник в восторге был. Но на третий день нож сломался. Не знаю, может он его ронял или ещё че, но говорит, что просто играл и отвалилась ручка. Не могу ничего сказать, племянник тоже иногда рукожоп. Тем более судя по фотке он не просто отвалился, а именно сломался, для чего нужно усилие.","Мы проектируем наши ножи, таким образом, чтоб ими ни в коем случае нельзя было нанести травму. Да многие покупатели тестируют их на прочность и они могут сломаться. Пожалуйста примите наши извинения, что нож сломался, но здоровые глаза Вашего ребенка стоят значительно дороже, ищите новые деревянные ножи из КСГО CSGO по слову MASKBRO"
0,5,"розовый, темно-синий","Понравился. Современный дизайн, качество хорошее ","Добрый день, Юлия. Благодарим за отзыв о нашей продукции. Носите с удовольствием! С уважением, компания Lucky Child."
0,2,colorless,"Самые первые минуты вкусно,потом аромат отвратительный (выкинула.",
0,3,голубой,Тряпка как домашнее платье на фото лучше отказ,
0,3,белый,"Через 3-4 стирки при 40° майка потеряла бнлизну. Для сравнения на фото, бельевая майка, которой почти год. Стирок пережила не сосчитать сколько. Три звезды только за то, что приятная на ощупь","Добрый день, Анастасия. Благодарим Вас за выбор нашей продукции. Данная модель выполнена в молочном цвете. Если при следующей покупке Вам будет необходима уточняющая информация, касательно линейных размеров и цвета одежды, то мы всегда готовы её предоставить по Вашему запросу. С уважением, компания Lucky Child."
0,4,бордовый,"Большемерят. На 1 размер. Мне , так показалось. Не плохие. Купила. Посмотрим, как будут в носке. ",
0,4,бежевый,"Шикарная шкатулка, очень качественная. Упакована замечательно, но за счет такой плотной упаковки оказалась замята кожа на шатулке. Очень жаль. Попробую перезаказать.","Здравствуйте! Благодарим за выбор нашей продукции! Кожа себя выпрямит в течение нескольких часов. Если хотите моментальный эффект, можно утюгом выпрямит через хб ткань. Благодарим за отзыв, будьте здоровы !"
0,4,,"Целая, сроки в норме. Запаковано в скотч.",
0,2,,"Для приготовления роллов- Они тонкие и хрупкие по сравнению с другими. Зипа на пакете нет. цена очень завышена. Цена по закупке у них 320 рублей за 50 листов (СП) здесь продают за 700. Но, вкус у них хороший. Если как чипсы брать - то они вкуснее, тонкие хрустящие с ярким вкусом. ","Добрый день.
толщина норей, их вес, цвет и вкус- это и есть показатели высокого Грейда. Аутентичные нори еще более тонкие должны быть, мы в свою очередь немного адаптировали продукт для рынка РФ, но они также тают во рту как и аутентичные. Данные нори мы прежде всего поставляем в рестораны и кафе и в связи с тем что у поваров есть своя специфика использования , зип им не требуется. Для того чтобы Вам было удобнее с ними работать, выложите несколько листов из пачки на стол и через 10-15 минут они будут более эластичные. В пачке присутствует дигидратор который собирает излишнюю влагу. Его нужно оставить пока не используете всю пачку, хранить можно упаковав в пакет или переложив в контейнер вместе с дигидратором."
0,5,,"Эффект увидела после первого же применения. Цвет кожи стал ровнее, и как бы более свежее)))","Здравствуйте, Яна! Благодарим за оценку 5 звёзд и отзыв о Вашем опыте использования регенерирующей маски Skin Helpers. Рады, что Вы довольны качеством и эффективностью продукта и поделились своим мнением. Желаем Вам отличного результата, прекрасного настроения и надеемся Вы станете нашим постоянным покупателем."
0,4,хаки,У дутиков нет пятки. А так хорошие.,
10004020,5,сиреневый,Баночка меньше чем кажется) но слайд и жевачка хорошие не сухие,
0,1,,"Наверняка хорошее молоко, мне не могут доставить уже неделю! И деньги вернуть нельзя,тк товар невозвратный",
0,3,,"Наполнитель нормальный, не очень хорошо выражен запах и плохо моется от лотка(как мыло становится) ",
10003710,5,белый,"Ободок просто шикарный, смотрится очень нежно , сделан очень хорошо. Спасибо продавцу. ","Благодарим Вас за отзыв, мы стараемся для Вас)))"
0,3,,"У товара два плюса:
1. Низкая калорийность.
2. Отсутствие приторности.
В остальном вкус слишком соевый и недостаточно шоколадный. Похож на дешевый плавленный сырок с шоколадным привкусом. Эту банку кое-как доем, но больше не закажу и не порекомендую. 
Хотя джемы и варенья от этого производителя нравятся, похожи на обычные, только не приторные. А этот продукт на любителя.","Екатерина, добрый день! Этот десерт заказали уже более 5 тысяч раз и абсолютное большинство покупателей высказались положительно о его вкусовых качествах. Очень жаль, что ваших ожиданий он не оправдал, но мы понимаем - у всех вкусы разные). Мы будем очень рады, если вы попробуете нашу шоколадно-ореховую пасту TobeNut и веганскую шоколадную пасту ""Наэма"", они нравятся очень многим  покупателям, надеемся и вам придутся по вкусу! 
Также мы бы хотели отправить вам на дегустацию продукт от ""Иван-поле""! Пожалуйста, напишите на нашу почту)"
0,4,"ярко-розовый, черный","Звонок работает хорошо, свою функцию выполняет. все,кто приходит к нам в гости замечают обновку, и обязательно нажимают на звонок. Прикольный звонок. Но есть одно большое НО, о котором узнала после покупки. Точно такой же звонок в Фикс прайсе увидела за 77р. А в WB взяла за 227р. За это сняла две звезды. Уважаемый WB, ну зачем же так обманывать с ценой? У меня процент выкупа не малый и доставка бесплатная. На будущее буду с Вами аккуратней.",
100004975,4,розовый,Все отлично 👍,
0,1,бежевый,"Натяжка очень плохая. Упаковка только стрейчпленка, из-за чего есть вмятины. ",
0,1,антрацитовый,"Вторично заказывала тени и снова неудача: в первый раз прислали пустой пакет без вложения теней, во второй доставке - тени оказались без упаковки, со сломанной коробочкой, две ячейки из четырех отсутствовали (высыпались).",
0,3,,"Мелкая, увеличение сомнительное.",
0,5,розовый,"Слюнявчик нежный и при этом прочный, легко свернуть и взять с собой. Для девочки самое то! Только дорого, даже со скидкой. А в общем покупкой довольна)",
0,1,черный,"Ужас!!! Читала выше отзыв про кирпич, думала прикол.... в итоге сама получила кирпич вместо колонки. Не ожидала от вайлдберриз. Очень не приятно. Надеюсь что разберутся с данной ситуацией и больше такое не повторится. ",
0,1,colorless,"Очень ждала эти патчи, впервые заказала их себе в подарок на 8 марта. Очень разочарована - вся банка мокрая, пакетик весь прилип к ней, сами патчи почти сухие. Очень огорчён, испробовать не довелось. Просто деньги на ветер","Добрый день. Сожалеем о данной ситуации. Мы поставляем товар в идеальном состоянии. Наши специалисты проверяют каждую единицу товара. К сожалению, мы не можем контролировать службы доставки и хранения товара до конечного потребителя. Нам искренне жаль, что вы не получили товар в надлежащем виде. Не расстраивайтесь, попробуйте заказать товар еще раз."
0,1,"зеленый, ярко-красный, синий","Отказ очень большая, некрасивая качество ужасное",
0,5,colorless,Отличные и свежие консервы! ,"Добрый день! Благодарим за высокую оценку и выбор нашего продукта для своего питомца! Надеемся на дальнейшее сотрудничество, а мы со своей стороны постараемся, чтобы не было проблем в поставках. С уважением, команда ООО Торговый Дом ""Нара""."
0,2,салатовый,"Купила  полотенца в пяти цветах (все очень понравились ).Салатового не было.Почитала восторженные отзывы и ждала, когда же он появится. Заказала.При получении была очень разочарована- никакой это не салатовый цвет, а блёклый жёлто-зелёный, как будто его уже много раз стирали. Цвет выгоревшей осенней травы. Качество неплохое, и цена очень приемлемая. но глаз не радует даже за 184 руб. Отказ.",
0,5,,Очень хорошие семена и баночка удобная. Рекомендую ,"Добрый день! Благодарим за Ваш выбор, высокую оценку и рекомендации! Очень рады, что смогли оправдать Ваши ожидания! Ждем Вас снова! С уважением, команда Healthy Lifestyle."
0,1,"белый, оранжевый","После первого дождя с ветром ручка (!) и спицы погнулись и обратно не выгибаются, купол порвался в нескольких местах. Второй раз использовать уже невозможно. Отвратительного качества зонт! Где магазин берет НАСТОЛЬКО НЕКАЧЕСТВЕННЫЙ товар?? ",
0,4,,Сам по себе парник неплох.  Но на два парника одна крышка .,"Будьте внимательны при выборе товаров, Вы приобрели набор, состоящий из парника с крышкой и набора без крышки. Для последовательной посадки семян одной крышки достаточно."
0,1,красный,"Полное несоответствие размерной сетки, как в шинели в ней стоял, это не s, а все xl",
0,5,,Прекрасный урбеч! Рекомендую.,
0,4,синий,"Ремень интересный по выработке,красивый темно -синий цвет. Но огорчили меня шлевки на ремне.Из за жёсткости прессованной кожи,на сгибах образовались надрывы. При получении не увидела этого нюанса.По ходу надолго не хватит.","Добрый день, 
благодарим вас за отзыв!"
10003538,1,зеленый,"Не подработал неделю,и батарейки меняли вообщем такое себе 😕",
0,2,"темно-серый, розовый, серый",наловочки  разного цвета одна белая другая чёрная а пододеяльник узкий и длиный. качество нормальное.,
0,3,"прозрачный, светло-розовый, белый, коричневый, бежевый","Чехол сел на айфон 8+ отлично, качество оставляет желать лучшего, картинка выглядит дешево, сам телефон черный, может поэтому все выглядело очень аляписто   некрасиво!","Здравствуйте! Благодарим Вас за отзыв. Нам очень жаль, что покупка не полностью удовлетворила Вас.  Но на текущий момент это единственное замечание по поводу качества данного товара, несмотря на количество заказов всех расцветок, что указывает на то, что это мнение субъективно, ведь вкусы у всех разные. Напоминаем, что Вы всегда можете проверить любой товар сразу во время получения и отказаться от него в случае, если он не удовлетворит Вас по каким-то причинам. С уважением к Вам и Вашему вкусу, команда WLM."
0,3,,Мне не зашёл.,
0,1,белый,"Не подходит по размеру, разбилось не понятно как за 4 дня, телефон не роняла и носила в руке. Обычно стекла живут 5-6 месяцев а это...не стоит своих денег ","Здравствуйте, Елена! Благодарим за Ваш отзыв. Хотим отметить, что скорость появления трещинок - дело сугубо индивидуальное, т.к. мы все используем смартфон с разной степенью интенсивности, роняем его с разной частотой и силой, транспортируем в разных условиях (кто-то в сумке с ключами, кто-то в кармашке в 2 чехлах:)). Если никаких экстремальных ситуаций или условий выявлено не было, то вероятно Вам попало бракованное стекло с микро-трещинкой, которую Вы не заметили при получении. В таком случае, это полностью наша вина и мы приносим свои извинения. Советуем обязательно проверять все хрупкие товары в момент получения во избежание повторения подобных ситуаций и вовремя вернуть его. С уважением, команда UVOO,"
0,2,"желтый, черный","Вчера выкупила свой триммер, собрали легко. Сегодня решила испробовать. Пять минут восторга, косила диском, осот, конский, щавель, мелкую поросель срезает на ура, на этом восторг закончился. Сначала начала выворачиваться рукоятка, ещё через пару минут триммер развалился на две части, стянула, ещё пару минут работы и редуктор с диском улетели в траву, искала долго. Больше триммер собрать не возможно, все болты прокручиваются, соединительная муфта из мягкого метала, не стягивается. Вот теперь стоит вопрос, вернуть триммер обратно или попытаться найти способ соединить части триммер. Купила по акции за 4118,по качеству сборки не стоит этих денег",
0,2,"светло-серый, желтый, зеленый",Не аккуратно сделаны. Дефекты на замше (на носовой части),
0,4,,Все хорошо только не хватает подстветки,
0,5,молочный,Классное платье! На 42 взяла размер 40. Рост у меня 164. Все подошло,Добрый день! Благодарим за отзыв. Ждём вас снова и желаем приятных покупок!
0,2,малиновый,"Штаны хорошие, но одна из лямок пришита неправильно - гладко никак не вывернуть, придется срочно переделывать, тк завтра в лес и других ждать уже времени нет((( очень расстроились",
0,5,прозрачный,Покупаю в третий раз. Бюджетный аналог акувью оазис. Подошли хорошо,
0,3,,"Соль подкрашена чуток, запаха нет.",
0,2,,Не вкусно.,Очень сожалеем что Вам не понравился наш продукт(((
10002290,3,"темно-синий, белый",Прислали не то пюре,
10002978,5,розовый,Отличный прыгун!!!!!,"Большое Вам спасибо за Ваш отзыв. Мы рады, что Вашему ребёнку понравился наш тренажёр и он доволен. Желаем его долгого использования и не забывайте о безопасности при использовании!  У нашего бренда Moby Kids есть ещё самокаты и другие товары для спорта и отдыха для детей))
"
0,1,розовый,"Пришла шапка, не то что без шарфа, но и без снуда,  как ранее писали, что за бардак? Сама шапка красивая, разберитесь пожалуйста,  просто так 50 р, не хочется кому-то отдавать!","Здравствуйте! К сожалению, мы не отвечаем за доставку изделий. Наша компания тщательно следит за качеством и процессом отгрузки. По вопросам, которые касаются обслуживания и возврата товара, необходимо обратиться в службу поддержки магазина Wildberries"
10004020,2,сиреневый,"Товар пришёл в треснутом контейнере, в пленке этого было не видно, по началу слайм очень понравился, был таким мягким и было его приятно мять, НО решила смешать я его с прозрачным слаймом с шариками и он стал очень тугим, я разочарована. Пишите хотя бы инструкцию на коробке или где нибудь здесь на сайте, откуда мне знать можно было их смешивать или нет. Мять теперь его неприятно и руки болят от тугости",
0,4,,"Красивые, но на фотографии лучше
Покупайте",
0,3,colorless,"Просто в ужасном состоянии товар отправляете. Вскрытый,  грязный,  ужас.","Анастасия, доброго дня!
Спасибо, что выбрали наш бренд.
Сожалеем, что Вы столкнулись с подобной ситуацией. Наш представитель всегда контролирует состояние товара при поступлении его на склад. Но иногда происходят неприятности при доставке товара или ошибки на самом складе. Вам необходимо сфотографировать все повреждения и составить заявку на возврат в личном кабинете. Мы делаем все возможное, чтобы подобных ситуаций больше не возникало.
С наилучшими пожеланиями, клиентский сервис."
0,5,"синий, бордовый",Качество постельного комплекта отличное. Очень красивый. Дома всем понравился.,
0,3,синий,"Очень мало фото, чтобы оценить товар! В живую некрасиво смотрятся! ",
0,2,желтый,"Кружка дорогая,а большинство жалуется ,что качество хромает...то скол,то брак ...и мне пришла такая же,поэтому отказ,т.к брала на подарок,прошу не учитывать процент выкупа.",
0,1,белый,На один сезон. Минус один покупатель.,"Добрый день! Большое спасибо за оставленный отзыв - для нас это очень важно! Обязательно учтем Ваше замечание в отношении этой модели. Уверены, что среди наших экземпляров найдется обувь, которую Вы оцените по достоинству. Желаем удачных покупок!С уважение, Milana."
0,5,"светло-бежевый, бежевый",Кофточка супер. Жаль мала😪,"Добрый день, Ирина. Спасибо за Ваш комментарий, нам приятно, что Вы остались довольны качеством нашей продукции.  Если при выборе следующей покупки Вам будет необходима уточняющая информация касательно линейных размеров одежды, то мы всегда готовые ее предоставить по вашему запросу Ждём Вас за новыми покупками.  Команда LuckyChild."
0,3,"белый, голубой, розовый",Пришли испачканные. Очень жаль. По качеству отличные. Перезаказала ещё раз,
0,4,"серебристый, черный",Мне не очень понравился браслет за эти деньги.,
0,4,синий,"На мой рост 158 и узкие плечи не сел вообще, рукава закрыли пол-ладони, плечи болтались, смотрелся на мне громоздко. Дочка сказала ""как мантия ведьмы на утреннике"" :)) Извиняюсь конечно, но вещь на любителя. Готова была отдать за неё 2100 по скидке, но похоже и этих денег не стоит. К телу ткань приятная, не стеклянная",
0,4,черный,"Кеды аккуратно сделаны. Немного виден клей, но не критично.
Ничем не пахнут, на ноге удобно. Больше подходят для крупной ступни .
","Добрый день, спасибо за ваш отзыв. На нашем производстве мы всегда стараемся соблюдать высокие стандарты качества. Если внешний вид товара не оправдал ваших ожиданий, у вас есть возможность оформить возврат. Подробней ознакомиться с правилами вы можете в разделе «Возврат товара».
"
0,3,белый,Больно уж дорого за 150р 3 ластика,
0,5,черный,"Я думаю это ровно то же самое что в аутлете. Если это и подделка, то слишком хорошая. Коробка со знаком вторично обработоного сырья, такая же есть в магазине. Всё очень похоже на оригинал, но линейка самая дешевая судя по бренд этикетке которая из бюджетной серии. Размер ровно заводской 9UK/42RUS как и все мои адидасы, плюс есть огромные размеры! Ещё один факт подтверждающий подлинность товара.",
0,1,голубой,Маломерки .. на мой 37 не налезли,
0,3,серый,"Пришла с пятном, но качество классное, по этому перезаказала","Добрый день! Понимаем ваше недовольство. К сожалению, не все примерки предыдущими покупательницами проходят аккуратно. Нам очень грустно получать такие низкие оценки за свои товары из-за чужой неаккуратности. Свяжитесь, пожалуйста, по whatsapp +7-926-627-38-50 или Sluzbazaboty@mail.ru Постараемся помочь в решении данной ситуации с заботой о Вас. Ваша Служба Заботы о Клиентах"
10004046,3,синий,"Мал, но т.к. у меня не было времени, а выдавальщик куда-то свалил, пришлось уйти с ненужной покупкой",
0,4,colorless,"Хорошая паста , мне нравилась , но брала за 600-650 буквально месяц назад , сейчас цена очень завышена , брать не буду , надеюсь стоимость вернётся ","Здравствуйте, Анжелика! Рады, что Вы довольны качеством сахарной пасты для шугаринга GLORIA. Желаем Вам приятного использования, отличного настроения каждый день и выгодных покупок."
0,2,"черный, серебристый",Стельки у сандалей ужасно красят не приятно,
10003356,3,желтый,"Ожидала кармашки побольше. Они без расширяющих складок, практически. Вместимость небольшая совсем. Для ванной и туалета  - не очень. Может для прихожей подойдёт. Что проще,хотя бы, кармашки повыше сделать. Какое то время попользуюсь,поищу что-нибудь подходящее.","Здравствуйте! Сожалеем, что товар не оправдал Ваших ожиданий. Для нас очень важно, чтобы каждый клиент остался доволен покупкой. Будем стараться в дальнейшем только радовать Вас высоким качеством обслуживания и широким ассортиментом товаров. С уважением, интернет - магазин Wildberries."
10002064,3,черный,"Брюки хорошие по материалу, беру вторые от данного производителя (т.к. альтернативы пока нашел). Уже писали что молния на бедренных карманах плохого качества- подтверждаю, на одном из карманов уже нерабочая пришла, на втором тоже долго не проживет - это факт. Остальное все более- менее в порядке, кроме одного существенного ""НО"": модели брюк изготовлены под определенный рост, мой рост 172см, 50 размер сидит нормально на талии, при этом штанины широкие получаются, т.к. ростовок всего 2 - пришлось укорачивать на 5-7 см с длины NORMAL и есть часть с так называемым ""анатомическим кроем"", отсутствие которой было бы уместнее - сгиб на штанине висит ниже моего колена... -1 за молнии на карманах, -1 за отсутствие других размеров по росту/длине брюк/ширине штанин","Добрый день! Благодарим вас за обратную связь. Мы очень сожалеем, что Вы столкнулись с таким поведением изделия. Обычно в процессе ношения молния разрабатывается и становится более удобной. Вы можете ускорить этот процесс, обработав застёжку воском или мылом. Так же мы обязательно передадим все вас замечания на производство."
0,2,розовый,"+ цвет

- тюбик поцарапанный, сушит губы, не стойкая.

Не люблю матовые помады, но решила, что если действительно стойкая, то потерплю. После перекуса половины помады уже на губах не было. Зря потраченные деньги(",
0,4,белый,"Закидайте меня камнями, но тюль не понравилась. Брала ранее на кухню тюль от « Департамент штор», она дешевле не намного , но качество, плотность, цвет намного лучше! Эта пришла с длинными ниткам, вся мятая. И цвет белый, но не такой как у «Департамента». Буду оформлять возврат. Звезду сняла за болтающиеся нитки, а остальное дело вкуса.",
10000384,4,горчичный,"Мягкий, приятный цвет, теплый, но широченный в районе груди и проймы",
0,4,,"Все пришло целое. Но, мука немного горчила.","Приветствуем вас! 
Большое спасибо за хороший отзыв и за то, что выбрали рисовую муку ""Житницы Здоровья"". Мы ценим мнение каждого нашего покупателя, чтобы сделать продукт ещё лучше.
Возможно вас так же может заинтересовать и другая мука нашего производства, так как у нас большой выбор различной цельнозерновой муки на любой вкус. 
Будем рады, если ознакомитесь с нашей линейкой, а также рецептами приготовления простых, но очень вкусных блюд на наших страницах в социальных сетях.
Уверены, что вы останетесь очень довольны. 
"
0,1,светло-бежевый,"Здравствуйте!Получила коробки с разорванными,раздвоенными краями-это картон!Конечно,отказ!Попросила курьера отменить брак-обещал,но не сделал!Теперь пострадал мой процент выкупа!Почему так?Очень вас прошу разобраться!!!С уважением,ваш постоянный покупатель!","Здравствуйте. Приносим Вам извинения за доставленные неудобства. После поступления возврата, товар будет проверен. В случае подтверждения позиция не будет учитываться в расчете процента выкупа."
0,4,colorless,Не особо виден эффект очищения,
0,2,синий,"Вроде не плохо выглядят, но в пятку вылезла шпилька - она на фото","Добрый день! Спасибо за оставленный отзыв! Примите наши извинения. Удивлены, что подобное произошло с данной моделью. Чтобы соответствовать высокому качеству, контроль осуществляется на каждом этапе производства. В случае обнаружения ошибки, принимаются необходимые действия для ее устранения. Благодарим за то, что сообщили нам об этой ситуации. Мы учтем Ваши замечания и перепроверим партию. Уверены, что последующие заказы принесут только положительные эмоции, и Вы сможете убедиться в качестве нашей обуви.С уважение, Milana."
0,4,бордовый,"Размер 52 идёт на размер 52, но никак не на 54 как пишут в таблице размеров!",
0,4,черный,"Пришло все целое, в обычном пакете, небольшой. Плафон сзади не много вдавлен, сам плафон сильно нагревается","Здравствуйте, Екатерина. Мы сожалеем, что Вы столкнулись с подобной ситуацией. Наш представитель всегда контролирует состояние товара при поступлении его на склад. Но иногда происходят неприятности при доставке товара или ошибки на самом складе. Вам необходимо сфотографировать все повреждения и составить заявку на возврат в личном кабинете. Мы делаем все возможное, чтобы подобных ситуаций больше не возникало. "
0,1,голубой,"Не оригинал. Первое фото покупала у представителя. Второе, то что заказала тут. Посмотрите какой жидкий и цвет отличается от оригинала!!!","Здравствуйте! Материалы нашей фирмы на wildberries продаются напрямую от производителя, поэтому вариант подделки исключён. Напишите, пожалуйста, дату производства. Она указана на дне флакона. Мы проведём проверку по данному артикулу. Спасибо Вам за сигнал. "
0,2,золотистый,"Пришла целая, но царапанная по всему периметру, как будто по ней наждачкой возили. Обидно, возврат. Заказывала сразу две, пришла пока одна, посмотрим на вторую, надеюсь будет качественней","Здравствуйте. Вы вернули качественный товар! Сверху лицевой стороны ЗАЩИТНАЯ ПЛЕНКА. Надеемся, когда придет вторая, Вы уже прочитаете наш ответ и описание;) ВАША СВЕТЛОСТЬ."
10001101,4,черный,"Сапоги отличные, единственный минус - при достаточно высоком подъёме на сапогах нет замка. Очень тяжело надевать и ещё труднее снимать.",
10004242,4,зеленый,"Елка очень симпотичная, пушистая, но при сборке с веток  летела белая пыль, от белого напыления , имитация снега , краска скорее всего какая-то, иголки не осыпались. За пыль снимаю звезду.",
0,4,красный,Пришли с изъяном,"Большое спасибо за то, что вы нашли время, чтобы оценить нас и написать отзыв. Для нас очень важно знать мнение наших покупателей, чтобы в дальнейшем совершенствовать качество нашей продукции, но для этого нам нужна хоть какая-то уточняющая информация или фото. Сожалеем, что данный товар не оправдал Ваших
ожиданий. С Уважением, Клиентская поддержка Green Plast"
0,5,colorless,"Чудесный аромат. Каждая крупинка соли пропитана маслами. Хорошо расслабляет,  успокаивает,  снимает напряжение. Понравилась соль.",Спасибо за подробный отзыв с фотографиями! Благодарим за Ваш выбор!
0,2,черный,"Коробка пришла запечатаная, но в комплекте не хватает цифры 3, есть в наличии только нижняя наклейка.","Здравствуйте. Мы уже отправляем Вам недовложение. Извините, упаковщик ошибся. Александр Стоцкий"
0,2,,"Сразу  улетел ,с пятого  этажа",
0,5,серебристый,"Пришли целые, ещё не пробывали клеить",Здравствуйте. Спасибо за Ваш отзыв. Будем рады видеть Вас сново в числе наших постоянных покупателей. Мануфактура Ваша Светлость.
0,1,молочный,"Всем добрый день. Заказала шторы размером 500х250, а пришли 300х220! Я читала отзывы о том, что присылают не тот размер, который заказывали. Но думала, что меня сия неприятность минует. Ан нет! И со мной поступили также. Непонятно, на что рассчитывают, когда отправляют совершенно другой размер! Разочарование!
А фотки не грузятся по причине ограничения размера файла.",
0,4,белый,"Не ожидала, что такие маленькие. Но а так хорошие.",Добрый день! Благодарим за обратную связь. Все параметры указаны в карточке товара. Желаем Вам творческих успехов!
0,1,colorless,"Самое вкусное кокосовое , состав идеальный . Текстура молока невероятная . Определенно мой фаворит , буду брать ","Спасибо за отзыв! Скажите пожалуйста, если молоко понравилось, почему Вы поставили одну звездочку. Такая оценка сильно снижает рейтинг молока)"
10002633,5,черный,"Отличный поильник, пить ребенку удобно, легко мыть, покупкой довольна, к покупке рекомендую 👍👍👍👍",Благодарим за отзыв!
0,5,"оранжевый (осн.), желтый","постельное белье не плохое! взяла дуэт -2 пододеяльника маленькие. оно больше красное чем оранжевое, плотное",
0,1,белый,Светильник пришёл без лампочки и без струбцины.Возврат!,
0,1,"синий, зеленый, желтый","Ужасный слайм, не покупайте!",
0,1,черный,Не соответствует описанию кожа 1 сорта на этикетки 2 сорт и по качеству отвратительно на кожу не похоже!,
0,3,рыжий,"Цвет ровный, оранжевый. Ложится отлично, в два слоя. Срок годности до 2019 года🤣 Не смотря истекший срок - лак по консистенции на удивление жидкий",
10002349,4,белый,"Упаковка хорошая, а вот сами заготовки быливскрыта пакет.","Здравствуйте!
Благодарим за положительный отзыв на наш продукт.
Ваш позитивный опыт мотивирует нас на создание новых качественных продуктов для Вашего дома. Добавляйте наш магазин в категорию ""Избранное"" и следите за новыми товарами и скидками.
С уважением, клиентский сервис."
0,4,бежевый,Не плохие.но немного хлипкие на вид. Отказ в пользу других тапочек этои марки,"Александра, мы рады, что тапочки другой модели Вам подошли :)"
0,3,"черный, серебристый",Они большеемерят на размер. Состояться громоздко. ,
0,4,"черный, желтый","В принципе, пылесос неплохой за свои деньги. Хорошо всасывает, к ковру не пристает, шерсть убирает неплохо. Фильтр маловат, я привыкла к мешку, но зато его легко промыть. На небольшую квартиру подойдёт",
0,2,черный,"Не понравились, цена им 500 рублей","Добрый день, спасибо за ваш отзыв. Жаль, что товар вам не понравился. На нашем производстве мы всегда стараемся соблюдать высокие стандарты качества. По вопросу возврата вы можете обратиться в службу поддержки WIldberries.
"
0,4,белый,Заказала две. На одной затяжка была,
0,1,коричневый,"Товар пришёл вообще не тот. Пришли черные кеды 38 размера вместо коричневых 44. модель отличается от той, что заказывала. Прошу прояснить ситуацию","Здравствуйте! Благодарим Вас за оставленный отзыв. Нам жаль, что вам пришла другая модель обуви. Приносим свои извинения. Вероятно в отделе логистики произошла ошибка. Мы обязательно выясним и устраним причины случившегося. Спасибо, что помогаете нам стать лучше!"
0,4,голубой,"Обыкновенный одинарный комбинезон. Я надеялась, что он действительно теплый, но его надо одевать под что-то для весенней прогулки.",
0,3,colorless,"Заказывала раньше, был средней консистенции. Последний раз оказался слишком густым, тяжело наносить ! Удивлена !","Здравствуйте! Напишите, пожалуйста, дату производства. Она указана на дне флакона. Мы проведём проверку по данному артикулу. Спасибо Вам за сигнал. "
0,2,"розовый, светло-бирюзовый","Постельное белье красивое, но на наволочке дырка. Очень расстроил этот момент.","Добрый день! Благодарим Вас за отзыв и сожалеем, что произошла подобная ситуация. Если у Вас сохранилась заводская упаковка товара, Вы можете сдать товар в пункте выдачи заказов или подать заявку в личном кабинете на возврат товара по браку. Приносим свои извинения за доставленные неудобства. С уважением, представитель бренда. "
10002262,2,,"Пол бутылочки , не берите ",Приносим свои извинения за сложившуюся ситуацию. При последующих поставках мы проведём более строгий контроль товара. Надеемся такая ситуация больше не повторится. Обратите внимание на другие масла из нашей коллекции! 
0,2,"серебристый, черный, красный","Кривой, не эстетично. ","Здравствуйте, Уважаемый Покупатель.
Нам очень жаль, что товар пришел в таком состоянии. Мы понимаем, насколько важна соответствие, целостность товара и хорошая упаковка для транспортировки товара, поэтому  всегда тщательно упаковываем нашу продукцию и обязательно проверяем перед отправкой на брак и комплектацию . К сожалению, человеческий фактор при доставке товара играет свою роль. Мы очень стараемся, чтобы наши покупатели получили качественный товар, положительные эмоции и хорошее настроение!
ОБЯЗАТЕЛЬНО проверяйте товар в пункте выдачи.

С уважением, команда бренда ЭВРИКА подарки и удивительные вещи.
"
0,4,серебристый,На фото выглядит лучше. В оригинале не впечатлил. Извините.,"Спасибо за вашу поддержку, мы будем стараться сделать лучше, с нетерпением ждем ваших отзывов снова."
0,2,colorless,Очень долго выбирала и остановила свой выбор на этих и очень была огорчена так как вся жидкость вытекла.,
0,5,"оранжевый (осн.), желтый",белье отличное!!,
0,2,белый,"Мне совершенно не понравился. Из плюсов только что ровный. Натянут плохо, отпечатался подрамник, какие не понятные следы отпечатались на холсте. По ощущению как на клеенке пишешь. Колышки не помогли усилить натяжение. ","Добрый день. Благодарим Вас за отзыв. Мы очень сожалеем, что вы столкнулись с таким ""поведением изделия"". Если у вас есть подозрение на брак, предлагаем Вам ознакомиться с условиями и порядком возврата на сайте во вкладке «Сервис и поддержка - Возврат товара» или обратиться за консультацией к специалисту компании в разделе «Мои обращения» Профиля, либо по телефону горячей линии. Хорошего дня!"
0,2,белый,"Запах на топе маленький, кормить не удобно. Объем больше чем 75 явно, я вот в длину коротковат- постоянно резинка наползает не грудь. Ткань не плохая. Разочарована покупкой.",
0,1,,Выброшенные на ветер деньги! Ничего не взошло!,"Очень жаль. Надеемся, в следующий раз повезет больше."
0,2,черный,"Заломы частые, кеды на сезон",
0,3,colorless,"Аромат совсем не женский,не подошёл,отдала мужу,он скорее унисекс",
0,3,"бежевый, черный","Не соответствует описанию. Рисунок чернильно синий, а не черный😢 хотели как на картинке
А так хороший. Пятен не остается, если забыли его помыть сразу, то еда просто отвалится кусочком😂
Запах есть, такой же как и отвсех силиконовых прорезывателей, сладковатый. Можно стерилизовать, мыть в посудомойке. На 10 месяцев не большой, как раз. Если ребенок сидит нормально, то все падает точно в кармашек. 
Цена считаю завышена, взяли еще 2 силиконовых нагрудника мамсис, за ту же цену. Но не сказать, что они хуже/лучше, просто больше и мягче. Поэтому если не принципиален рисунок, присмотритесь лучше к другим, арт.13269901",
0,5,синий,"Мягкие , хорошие","Добрый день! Благодарим Вас за уделенное время. Спасибо, что оставили оценку на наш товар - комплект комбинезонов для малыша. Мы очень рады получить такой позитивный отзыв. Будем рады видеть Вас снова. Желаем хорошего дня!"
0,2,,"Пинцет, оставляет желать лучшего, только классика и то через раз, не удобен в использовании",
0,5,черный,"Качество отличное! Красивые, стильные, но отказ, оказались велики. Заказала снова на размер меньше!!!",
0,1,белый,Не подошло . Айфон 8 ,"Здравствуйте, Татьяна! Благодарим за Ваш отзыв. На текущий момент это второе замечание подобного содержания по данному товару, несмотря на количество заказов и отзывы других покупателей. Судя по описанию проблемы, при сборке Вашего заказа произошла ошибка и Вам доставили другой товар, за что приносим свои глубочайшие извинения. Мы обязательно узнаем причину произошедшего и примем все необходимые меры во избежание повторения подобных ситуаций. Также, хотим напомнить, что Вы всегда можете проверить любой товар сразу во время получения и отказаться от него в случае, если он не удовлетворит Вас по каким-то причинам. С уважением к Вам и Вашему вкусу, команда UVOO"
0,3,,"Для разнообразия попробовать можно, но второй раз брать не стану 😁 Довольно странный кислый вкус,  чувствуется что-то химозное и после употребления этого конфитюра постоянно хочется пить... 👎","Рената, добрый день! Благодарим за отзыв. Жаль, что этот конфитюр не пришелся вам по вкусу. Этот десерт разработали специально для людей, ведущих строгий учёт сахаров в своём рационе. Возможна индивидуальная чувствительность к подсластителю, из-за чего вкус продукта ощущается как непривычный. Ценим мнения всех наших покупателей и надеемся, что дальнейшие заказы нашей продукции, будут  только радовать вас. "
0,5,серебристый,"Классный декор. Покупаю уже третью наклейку для люстры. Смотрится хорошо. Украшает люстру и добавляет об'ем потолку. Спасибо производителю, что по моей просьбе поставили наклейку в серебре. За подарочки сюрпризы отдельное спасибо.","Мы рады, что Вам удалось получить желанное. И это факт.....мы произвели и поставили эту партию РАДИ ВАС!;) Мануфактура ВАША СВЕТЛОСТЬ "
0,4,белый,"Взял из-за марки стали, считаю её лучшей для кухонных ножей. Заточен хорошо, а рукоятка не совсем симметричная одна сторона толще другой. Нож не идеален, но за 446 рублей сойдёт. Думаю в работе он ничем не уступит именитым ножевым фирмам.",
0,5,серебристый,Прекрасный чехол!,
0,1,розовый,"Заказывала конверт на выписку,Товар не соответсвует описанию .Бант другого качества,конверт был грязный .",
0,2,,По вкусовым качествам не понравился,"Добрый день! Спасибо за обратную связь. Искренне сожалеем, что вкус шоколадной пасты не оправдал ваших ожиданий. Этот десерт разработали специально для людей, ведущих строгий учёт сахаров в своём рационе. Рекомендуем вам попробовать нашу арахисовую шоколадную пасту TobeNut (арт. 19070172). Всегда рады вашим заказам и сделаем всё, чтобы вы остались довольны качеством нашей продукции!"
0,1,colorless,"Пришла та же паста что и всем остальным если бы она не стала внутри жидкой меня бы ничего не насторожило, хорошо не успела ее открыть . Жуткая просрочка. Оформлена заявка на возврат, жду подтверждения. Очень давно покупаю продукт данного производителя и с просрочкой сталкиваюсь впервые , очень неприятно . Кто виноват не знаю , но производитель должен следить за тем что отправляет и списывать вовремя в утиль продукты с истёкшим сроком годности",
0,4,"ярко-розовый, черный","Хороший звоночек. Качественно упакован. Снял звезду, потому что в Фикспрайс аналогичный стоит в два раза дешевле.",
0,2,,"Упакован хорошо, коробочка маленькая, куски большие и мягкие.
Слишком сладко. Слишком. Из-за этой сладости роза практически не чувствуется. Больше брать не буду.",Очень сожалеем что Вам не понравился наш продукт(((
0,3,,"Товар пришёл быстро, это порадовало. НО, крышка не плотно закрыта, протекла паста. Продавец не аккуратно запокавал товар. Этого продавца НЕ рекомендую.!!!!!
С продуктами так опасно  работать.",
0,3,синий,Пришел без футляра для зубной щетки,
0,1,,"Заказала, 2 упаковки, вместо молока положили скраб для губ. Не уже ли не отличить молоко, от косметики. Упаковка картонная открывается без труда. Что за не уважение к покупателям?? 
",
0,5,"белый, розовый","Тёплый, красивый","Здравствуйте!
Благодарим Вас за оставленный отзыв, нам очень приятно, что наш товар оставил хорошее впечатление! Надеемся и в дальнейшем радовать Вас и Ваших малышей! Спасибо, что выбрали наш конверт на выписку для новорожденного! 
С уважением, CherryMom. 
"
0,1,черный,"Не положили стрелки, напишите пожалуйста как оформить возврат, или чтобы мне эти стрелки привезли очень обидно часы ведь почти 2 тысячи стоят их что выбрасывать?",Здравствуйте. Не будем терять время и выяснять причины. Срочно свяжитесь с нами!!! Адрес есть на сайте мануфактуры. Вышлем стрелки немедленно!!!!!!!! Мануфактура ВАША СВЕТЛОСТЬ 
0,3,черный,"Что-то так себе и клей блестит на дневном свету (особенно было видно в примерочной, на улице - не так заметно), и раскройка какая-то странная - выпуклый излом при ходьбе появляется между шнурков, если немного расслаблена шнуровка. Сначала думал поставить 4-ку и что, хотя бы на рыбалку сойдут, но теперь под большим пальцем продавилась стелька (или подошва изнутри?) - и это за одну (!) прогулку от метро до работы по асфальту в Москве (1-1.5км пешком).
Размер примерно соответствует, но форма носка странная из-за этого они явно меньше чем другая модель adidas (Anzit Dlx), которая была подороже - те были явно больше и комфортны, эти - почти впритык и неудобны в принципе, ноги устают.","Здравствуйте. Действительно неприятная ситуация. Чтобы узнать о возврате, обратитесь в службу поддержки Wildberries. Мы непрерывно совершенствуем качество товаров и надеемся, что в будущем вы по достоинству оцените наш ассортимент."
0,4,черный,"Пришло в тоненьком цалофанчике🤦‍♀️ но благо всё целое, работает, ничего не помятое🙏 Крепёжная прищепка, крепкая. Шнур не короткий, всё хорошо! Очень удобно,что кнопка выключателя на корпусе, а не на шнуре. Благодарю🙏","Добрый день! С целью улучшения качества продукции будем признательны за комментарий к Вашему отзыву.
"
0,3,,"Клавиатура неплохая,но спустя 2 месяца начались отваливаться клавиши,как не нажимай и работали через раз,в итоге купил другую,а та пылиться в шкафу","Сожалеем, что Вам пришлось столкнуться с неудобствами во время использования нашего товара. Допускаем, что Вам пришло бракованное изделие. Товар можно вернуть, предварительно оформив заявку в личном кабинете «Проверка товара – Возврат после оплаты по браку». Не забудьте приложить к заявлению видео, где видна проблема. Обращение рассматривается в срок до 5 дней. После подтверждения заявки денежные средства возвращаются на баланс сразу же после фактической передачи товара."
0,2,"белый, черный","первое время была пышной и плотной. быстро смялась. не рекомендую. есть варианты немного дороже, но служат дольше","Здравствуйте ,в наших подушках мы используем только первичное волокно в виде наполнителя ,но любой наполнитель со временем «усевает» и теряет объём со временем т.к это полое волокно, вы можете дополнить свою подушку , с помощью встроенной молнии,приобретая «доп набор комфорель»"
0,1,розовый,"И так,3 месяца в использовании,в точнее в течение недели раз в месяу. Итого-3 недели в использовании. Простынь и наволочки полиняли,скатались и,такое ощущение,что с каждой стиркой ткань становится все жёстче. Я люблю эту фирму и почти все постельное белье и у меня,и у ребенка от этого производителя. Но этот комплект-просто провал","Добрый день! Спасибо большое за обратную связь. Сожалеем, что наше изделие не оправдало Ваших ожиданий. Ваш отзыв был передан на производство для проведения проверки указанных данных."
0,1,"прозрачный, сиреневый","Сломался при первом открывании, вы когда товар отправляете мехонизм то проверяйте!",
0,3,,"Прошло протёкшее, хотя и запечатано WB было хорошо и заводская упаковка целая. Сами патчи плохие, никакого эффекта, тонкие, лежат и держатся неважно. Китайская подделка. Лучше корейских ничего нет, в который раз убеждаюсь",
10000406,1,черный,"Я разочарован, дует еле как, провод греется аж подванивает штекер. В общем и целом ни куда не годится товар да ещё и за такую цену!",Добрый день! Спасибо за обратную связь. Мы стремимся к улучшению наших продуктов.
10003582,2,,Качество так себе. ,
0,5,бледно-розовый,"Очень понравились , мягкие и красивые ","Кристина, спасибо вам за отзыв! Мы рады, что тапочки вам понравились. "
0,2,"темно-синий, синий, деним, серебристый","Видимо,мне пришёл чей то возврат) все серьги в чёрных пятнах. Внешне понравились,небольшие,симпатичные. Очень обидненько ","Здравствуйте, Арина! Благодарим Вас за обратную связь. Нам очень жаль, что Вам доставили украшение, которое было повреждено ранее. К сожалению, мы не можем гарантировать, что Вам доставят украшение в их первоначальном виде, так как до этого, возможно, данное украшение уже примерялось не раз и тем самым украшение могло повредиться. Вся информация по поврежденным украшениям передается представителям интернет магазина wildberries. В случае покупки товара ненадлежащего качества, Вы всегда имеете право произвести возврат, независимо от суммы покупки. Надеемся на Ваше понимание в данном вопросе."
0,5,,Хороший товар.,"Благодарим за отзыв! Очень рады, что Вам понравился наш товар. Будем рады видеть Вас в числе наших постоянных покупателей!

С любовью и признательностью, 
Ваша ОптимаБизнес
"
10003875,4,бежевый,"Платье очень теплое, можно свариться, внутри как вата, было бы не утепленное было бы супер",
0,2,colorless,"Заказывала дважды сувенирную монету АННА, оба раза пришло имя ОКСАНА!
","Добрый день! Спасибо, что сообщили о проблеме. Доставку обеспечивают сотрудники Wildberries. К сожалению, по данному вопросу поставщик не может Вам помочь. Рекомендуем создать заявку в соответствующем разделе личного кабинета. Благодарим за понимание!

С любовью и признательностью, 
Ваша ОптимаБизнес
"
0,5,"черный (осн.), оранжевый","Платье отличное! Немного длинновато, при росте 170, только с каблуком",
0,3,черный,Качество не очень. После первой стирки кружева оторвались по шву. И даже после стирки от ткани остаются черные ворсинки на теле.,
0,2,colorless,"Не понравился! Запах не мёда, а химии.",
0,2,синий,"Для соответствия дресс-коду под платье одела белую блузку.
Окрасило ужасно. От марки, которая подчеркивает свою причастность к премиальному сегменту, такого не ожидала.","Доброго дня) Нам искренне жаль, что так вышло( Перед первой ноской мы рекомендуем постирать вещь и тогда ничего краситься не будет. С любовью, команда Lussotico)
"
0,5,colorless,"Спасибо.Рекомендую.С этой лупой и в магазин,и с книжкой,да и в общем то мелкий шрифт смогу без очков прочесть.Спасибо.Рекомендую.",
0,2,коричневый,"Пришёл брак, зацепляльки оба в одну сторону, а магазин оформил как возврат! Обидно ..",
0,2,синий,"38 оказался маловат где-то на пол размера, жесткие, по бокам морщатся, отказ, у кого нога побольше в объёме, можно взять ","Спасибо за Ваш отзыв.
С Уважением, компания Bercatti!"
0,1,голубой,"По началу тоже понравился комплект , и цвет и цена. Но через неделю начали образовываться катышки. А это признак синтетики в составе! Разочарована.",
0,1,colorless,"Не рекомендую эту чашу и к покупке. Имею многолетний опыт использования чаш разных фирм. У всех разные формы, разного качества силикон. Так вот здесь он крайне тонкий. Почитав отзывы, я решила попробовать как раз именно по этой причине данную фирму. К сожалению, чаша настолько тонкая и пластичная, что она просто не раскрывается и не устанавливается. Соответственно, пользоваться ею невозможно. И это с моей набитой и разными фирмами годами рукой. Дело не в особенностях физиологии или чудесах установки. И даже не в размере - эта чаша плюс-минус ничем от моих не отличается, разве что ширина горлышка у этой немного больше. Представляю, как мучаются и ругают менструальные чаши новички! Девочки, не расстраивайтесь, попробуйте другие фирмы, все обязательно получится. Просто нужен более качественный материал, который позволит чаше внутри раскрыться. Всем добра и самых безболезненных ""женских"" дней!","Добрый день. Нам очень жаль, что ваш опыт оказался негативным, ширина чаши - рекомендована ассоциацией гинекологов США, толщина силикона так же оптимальная. Возможно для ваших физиологических особенностей подойдет чаши других моделей, но многочисленные положительные отзывы о чашах NDCG подтверждают оптимальность использованных в проектировании чаши параметров. Спасибо за обратную связь."
0,2,colorless,"Паста с прогорклым вкусом( много масла.. ранее брали этот бренд в другой упаковке 1кг, вкус совершенно другой. Ощущение что из сырого арахиса или недожаренный? Нигде не указано, жареный арахис все таки здесь ? Срок годности в норме, но вкус плохой  (",
0,1,лиловый,"Печально! Очень доверяла этому магазину. Сама не проверила помаду и вот результат : она уже кем-то попробована. Вообще удивительно, как такой товар попадает в заказ? Это вопрос к сотрудникам. ","Здравствуйте! Уважаемый покупатель,приносим Вам свои извинения за данный инцидент.Информация передана в Контактный центр для разбирательств.Обязательно разберемся в данном ситуации.Будем стараться,чтобы следующие покупки приносили Вам только положительные эмоции.С уважением, интернет - магазин Wildberries."
0,5,черный,Прекрасная кисть для растяжки карандаша по нижнему веку.,"Здравствуйте, Марина! Благодарим Вас за отзыв и за то, что нашли время поделиться своим опытом использования кисти. С уважением, команда LIMONI"
0,5,синий,"На рос. 46 подошли 27. Внимательно заказывайте, меньше на два размера надо заказывать. Качество отличное для своей цены, советую.",
10002973,4,темно-фиолетовый,"Коробка была порвана, но сам тренажер  не поврежден",
0,5,малиновый,"лучший скетчбук из всех, которые у меня были. очень плотная бумага, гладкая и белоснежная, рисовать - одно удовольствие! по скидке стоил в два раз меньше чем в местном магазине. всем советую)",
0,1,,Заказывал Анна. Пришла Екатерина,"Добрый день! Спасибо, что сообщили о проблеме! Доставку обеспечивают сотрудники Wildberries. Мы уже сообщили о проблеме с пересортом данного товара на склад и совместно со специалистами Wildberries работаем над исправлением ситуации. 
Благодарим за понимание!

С любовью и благодарностью, 
Ваша ОптимаБизнес
"
0,1,синий,"Если обещаете прислать как на фото сразу закажу. Первое фото это который мне нужен, второе фото это тот который пришел. Видите разницу?",
1000289,3,белый,"Взяла платье 4-ку на 56 раз.Платье широкое,обхват рукава  вообще не соответствуют размеру, У меня руки полные и то болтаются в рукаве.",
10004050,1,синий,Ни L а  XXL отвратительно,
10002975,2,зеленый,"Коробка пришла мятая, мокрая, рассыпалась в руках. Очень не приятно!!!!"," Здравствуйте! 
Нам искренне жаль, что коробка пришла поврежденная. Надеемся ,что в следующий раз Вы не столкнетесь с такой ситуацией при покупке нашей продукции. С уважением, «Наша Игрушка»"
0,5,голубой,Комплект оччччч понравился. Ткань мягкая. Рисунок четкий.,Добрый день! Благодарим Вас за высокую оценку нашего товара. Будем стараться и дальше радовать Вас и Ваших близких нашей продукцией! Подписывайтесь на наши новинки. Ждем Вам снова!
0,5,бордовый,"Дополняю отзыв спустя 3,5 месяца непрерывного использования,в местах соприкосновения почти сразу появились катышки,стирать боюсь.Никаких пятен не видно, легкий,постоянно сбивается, фиксаторы не для моего дивана.",
0,4,"зеленый, темно-фиолетовый, голубой, фиолетовый, желтый","Набор в целом хороший, не понравилось не прокрашеные детали.","Добрый день! Благодарим за отзыв. Играйте с удовольствием)) С уважением, команда Томик "
0,2,белый,"Заказала 2 шт, один из них  с зацепками((( буду возвращать. Перед этим заказывала тюль этой же фирмы других размеров, три без нареканий и один с зацепкой. Складывается ощущение что магазин нарочно хочет кому нибудь впарить брак!!! Обидно что за это снимается процент выкупа.",
0,4,"серый, голубой, белый","Нормальные подушки, но одна пришла без упаковки и слегка грязная, будто шоркнули её о пыльный бок машины.",Большое спасибо. Мы стремимся создавать красивые и качественные вещи. Но к сожалению некоторые покупатели нарушают целостность упаковки и портят вещи которые им не подошли.
0,1,,Обман! В коробке оказался пустой флакон другого товара! Не могу связаться с тех поддержкой.,"Здравствуйте! Спасибо за обратную связь.  Нам искренне жаль, что с Вашей покупкой произошла такая неприятность! Приносим свои извинения за службу доставки Wildberries. Мы прикладываем очень много усилий, чтобы не допускать подобных ситуаций, поэтому просим Вас помочь выявить причину ошибки. Пришлите, пожалуйста, фото транспортировочной упаковки и штрих-кода на ней на почту lovlytoys@yandex.ru, и напишите, какой именно товар был доставлен Вам ошибочно. Спасибо Вам за помощь и за Ваш выбор"
0,5,белый,"Хороший, не скользкий, теплый и не слишком яркий. Размер достаточно большой и можно складывать и получить нужную длину.  ",
0,2,,"К материалу изготовления претензий нет, большего и не ожидал.
Но вот теснеие или штамповка ожидает лучшего( сделано не по центру и остался буритик от арматуры(
На алике брал, вот там супер.  Фото качества покупки здесь приложу.",
0,3,белый,Заказала 35 размера и они оказались большими. Хотя я иногда и 36 покупаю. Грубоватые. На фото выглядят симпатичнее. Качество вроде как хорошее. Выбор в пользу более мягких и симпатичных.,
0,3,"зеленый, серый, желто-зеленый светлый, бежевый, белый","Заявленные размеры подушки 40х40. По факту - 35х35.((( Середина так сильно стянута, что боковые стороны подушки не ровные, а вогнутые вовнутрь и не закрывают сиденье стула размером 40х40... Сидеть на подушке неудобно опять же из-за сильной стянутости и из-за этого - сильной выпуклости наполнителя! Ощущение, что сидишь на кочках. Отказ. Качество ткани и швов нарекания не вызывают. Расцветка приятная. Но...",Спасибо за отзыв о товаре! Размер подушки 40х40 соответствует описанию. На подушках надо немного посидеть и дать немного времени на усадку и эти подушки примут свою форму.  Надеемся на понимание и ждем Вас снова! Altali - модный текстиль для дома
0,3,бордовый,"Цвет соответствует заявленному на фото, но качество все-таки желает быть лучше, так как по сути это тоненький поролон, обтянуты тоненькой трикотажной тканью. В итоге в теплую погоду шапку носить комфортно, но при малейшем ветерке, продувает насквозь и голова мерзнет.",
0,1,"абрикосовый, темно-персиковый","Самые ужаснные тени из 5 color tatoo, цвет желтый наносится на веко как жидкое тесто,цвет светлее самой светлой кожи,выброшенные деньги.",
10003929,3,хаки,"Тонкий, потом видно будет.",
0,1,голубой,"Туго прижимает подгузник, а ноги слишком длинные",
0,1,бежевый,"Шкатулка понравилась, но к сожалению возврат,внутри шкатулки на обивке жёлтые пятна.Очень расстроилась,придется ждать возврат дс чтоб заказать другую(","Здравствуйте, уважаемый покупатель! Очень расстроены, что шкатулка не оправдала Ваши ожидания. Мы примем соответствующие меры по данной модели, и будем исправлять ситуацию. Приносим извинения за доставленные неудобства. "
10000748,1,черный,"Не знаю как оно соответствует размеру, красивое, но очень узкое, чашки все сбиваются. Абсолютно не удобное.",Может подобрать свой размер? По цене выбирали?
0,5,"серо-голубой, черный","Очень симпатичный держатель, сделан качественно. Деревянные детали необработанные маслом, но отшлифованы хорошо, без зазубрин. Мягкий силикон, к которому прилипают соринки. Внешний вид полностью совпадает с фото. Нанизаны на нейлоновую нить туго, сгибается с некоторым усилием, без узелков между бусин. Прищепка из пластика, не острая, фиксируется хорошо. Малышка довольна) ","Спасибо за ваш подробный отзыв! Рады, что держатель-грызунок пришелся по вкусу малышу. Мы действительно никогда не завязываем узлы между бусинами и собираем их туго, так как: 1) узлы съедают место, которое можно использовать для разнофактурных бусин (себестоимость повышается, но мы всегда за многообразие форм, а не бесполезно истраченные см в изделии), 2) между узлами забивается мелкий мусор (нитки, волосы накручиваются, которые тяжело снять) 3) когда узелки мелкие, то часто бусины в подобных Держателях ездят и в одном месте пусто, в другом густо. Поэтому свой способ считаем оптимальным ))"
0,1,синий,"Какой там флис?! Это обычные брюки БЕЗ флиса!!! Может слегка ткань плотная но тонкая. Посадка высокая, удобная. Размер 54 подошел на 52, объем талии 98, бедра 104. Для офиса в принципе можно.","Здравствуйте.В данной моделе брюк используется поларфлис (флис тощиной чуть плотнее 100 г/м) в качестве подклада.При заказе брюк можно использовать таблицу размеров.Для указанных Вами параметров фигуры, соответствует полному 54-у размеру."
0,5,коричневый,"Материал красивый,богатый.Но пошив резинки на талии портит весь вид платья.Отказ","Здравствуйте, Анна!
Спасибо за Ваш отзыв и нам искренне жаль, что платье Вам не подошло.
Посмотрите другие модели из нашей коллекции.
Будем очень рады видеть Вас вновь покупателем нашего бренда.
С уважением, команда Emansipe"
0,4,"темно-синий, серый","Костюм хороший, велюровый, качество на 5,про рисунок, нанесенный краской много написано, меня не смутил, но прислали не тот размер, вместо 86-92, заказанный мною, пришел 80-86, поэтому снизила оценку. Жалко, конечно, но сыночку уже мал. Прошу не учитывать в проценте выкупа.","Здравствуйте. Приносим Вам извинения за возможное неверное вложение товара в заказе.  Позиция будет исключена из Вашего процента выкупа, в случае подтверждения несоответствия."
0,1,молочный,Они издеваются чтоли? Але.. Прислушайтесь к отзывам о несоответствии размерам! Не пора ли разобраться в чем дело!,
10004240,1,зеленый,"Полный отстой, по другому не сказать. Из мишуры. Снежинок нет. Кончики не светятся. Таких денег не стоит. Полный обман!!!! Ваш магазин начинает разочаровывать. Вообще все равно на ваш процент выкупа, уйдём к другим продавцам!",
0,3,черный,"Укулеле в удасном виде: много сколов, царапин и вся в какой то пыли, но звук хороший",
0,1,серый," Открыли конструктор дома, и оказалось, что там не хватает очень много деталей, особенно длинных. Вообще не рекомендую брать этот конструктор.",
0,1,белый,"Согласна с последним отзывом...много возни, жалко времени. Яйца не целые а половинки варятся, начинки много не положишь. Плохо закроешь - половина яйца вытечет - неэкономно. Варятся в 2 раза дольше обычных. Хрень короче...не понравилось, не советую.",
0,2,глубокий пурпурный,"Шли чернила недели три, в итоге пришли в порванной и заклеенной упаковке",
0,4,colorless,"Вместо ""Ольги"" прислали ""Татьяну"". Безответсвенное и халатное отношение работников wb. К качеству изделия претензий нет.","Добрый день! Спасибо, что сообщили о проблеме. Доставку обеспечивают сотрудники Wildberries. К сожалению, по данному вопросу поставщик не может Вам помочь. Рекомендуем создать заявку в соответствующем разделе личного кабинета. Благодарим за понимание!

С любовью и признательностью, 
Ваша ОптимаБизнес
"
0,5,colorless,"Очень приятные на вкус,свеженькие конфеты-мармеладки.Упаковано хорошо.Коробка,конфеты целые ,повреждений нет.Спасибо за вкусные,качественные сладости,за аккуратную доставку.","Очень рады, что Вам понравилось) будем поддерживать и улучшать наш ассортимент)))"
0,5,белый,Отличная маска,
10003079,2,синий,На второй день на рукавах появились катышки,"Добрый день. Очень жаль, что у вас появилось такое впечатление о продукте. Катышки - это не всегда плохо, не нужно их бояться. Во-первых, это доказывает то, что в составе достаточно шерсти. Скорее всего, в этом месте было какое-то механическое трение. Это могут быть ручки сумки, рюкзака или ремень кросс-боди. В любом случае с ними легко справиться. Просто пройдитесь пару раз бритвенным станком в месте пиллингования. Другими словами, просто побрейте те места, где образовались катышки. Вы очистите поверхность и в этой части они уже образовываться не будут, т.к. лишние волокна шерсти уже вышли наружу. Джемпер будет вас греть и радовать."
0,2,синий,"Купила по акции за 171р, в итоге каждый блок израсходовался за 12 дней. В магазине один блок стоит дешевле, чем эти два и хватает его на месяц.",
0,3,,"Впитывается быстро, не оставляя чувства липкости. На этом плюсы заканчиваются. Для того, чтобы хоть что-то увлажнить приходится наносить много, хотя у меня не сухая кожа, а комбинированная. Из-за этого большой расход, закончилась буквально за месяц","Дарья, добрый день! Благодарим Вас за выбор сыворотки и обратную связь! Расход сыворотки обусловлен степенью обезвоженности кожи не зависимости ее типа. Наносите сыворотку на очищенную протонизированую кожу. Рекомендуем Ультраувлажняющий тонер для лица с гиалуроновой кислотой, Корея 50 мл/ Корейская косметика Limoni Арт: 43402111. Увлажняющий тонер, в составе которого высокая концентрация активной гиалуроновой кислоты, глубоко проникает в кожу, наполняет её влагой, и подготавливает к нанесению средств последующего ухода. С уважением, команда LIMONI "
0,4,темно-серый,"Не зауженные книзу абсолютно, поэтому 4 звезды",Добрый день. Спасибо за то что указали на неточность в наименование модели. В кратчайшие сроки внесем корректировки.
0,1,черный,"ужасное качество, на фото вообще другой цвет, точно не оригинал, со всех сторон торчит клей.. разочарован ",
0,4,серебристый,"Очень мелкие , но нежные. Возврат","Добрый день! Жаль, что вам не понравилась эта модель как другим покупателям. В любом случае, благодарим вас за отзыв!"
0,4,colorless,"Почитала описание. Выбрала эту муку рисовую. Она действительно полезная. И не ошиблась ☺выпечка действительно очень вкусная получилась 😘я рада что всей семье понравилось. Звезду снимаю за то, что пришёл просроченный товар, просто вовремя не проверили годность, потом уже поздно было возвращать.","Благодарим за отзыв. Спасибо, что выбираете нашу муку. Очень жаль, что работа сотрудников маркетплейса отразилась на  оценке нашего продукта. Дело в том что формированием, сборкой и доставкой товара до покупателя занимаются именно сотрудники WB, контролировать и тем более влиять на их работу мы не можем. Проверяйте товар в пунктах выдачи. С Уважением ""Житница здоровья""!"
0,1,,"Обидно семян в колбе не оказалось, что очень расстроило. Рассчитывала вырастить цветы, но увы.","Здравствуйте. Обязательно напишите производителю по контактам, указанным на упаковке. Он восполнит вам недостаток семян!"
0,3,черный,"С виду хорошая кисть, но максимум для растушевки. Наносить ей ничего толком не получится - все осыпается с неё мигом","Алена, добрый день! Сожалеем, что Вам кисть не подошла. Кисть LIMONI Professional используется для прорисовки тонких линий стрелок, межресничного контура и для подведения нижнего века. Позволяет работать с сухими и гелевыми текстурами. Может быть использована для оформления бровей. Удобная эргономичная форма ручки из матового дерева обеспечивает хорошую устойчивость кисти в руке. Ворс кисти выполнен из высококачественного упругого нейлона, который отличается долговечностью, не боится контакта с очистителями и дезинфекции, максимально набирает и отдает продукт, что очень важно при создании идеального макияжа. С уважением, команда LIMONI"
0,5,"розовый, оранжевый",Не плохие кубики,"Здравствуйте! Мы рады, что Вам понравилась наша развивающая игра ""IQ Кубики"". Спасибо."
0,2,белый,Плохой шампунь,"Здравствуйте! Благодарим Вас за выбор натурального шампуня для волос GreenEra. Отзывы отражают ваше мнение о качестве товара и вашем опыте использования, и помогают другим покупателям определится с выбором. По Вашему отзыву не очень понятно,  чем именно Вас не устроил шампунь. Для консультации по продукту, вы можете написать нам на почту vopros@green-era.ru"
10003040,2,черный,"Качество ужасное. Торчащие нитки, кривые швы. На модели- красивая аккуратная горловина-стоечка- в реале непонятная широченный хомут непонятной формы",
0,3,белый,"Нормальный холст, но цена высокая. Есть с доп опорой и более толстым подрамником за эту цену.",
0,5,белый,"мои любимые тени! рекомендую тем у кого жирная кожа.Тени ложатся полупрозрачным слоем, не осыпаются в течении дня.Пользуюсь ими много лет и всегда держу новые в запасе.Спасибо магазину,что поставляете revlon !",
1000329,2,"коралловый, черный","Кофточка яркая и легкая. Брала коралловую на 50 размер 44 - в плечах нормально, внизу как распашонка, при этом голимая синтетика. Воротник не белый, а грязно-серый какой-то и из непонятного материала. Поэтому долго думала, но все же возврат.",
0,3,"черный, белый","Сумочка правда маленькая , но для тех кто любит небольшие сумки ,это не проблема. Я люблю,но эту не поняла . Ткань рюкзачная ,с ребристой фактурой, на сайте выглядит более презентабельно. Почему-то логотип с одной стороны был расположен  вверх ногами . Мелочи ,но не понятный момент . Модель кстати хорошая , как ведёрко . Хотела носить летом с джинсами,полосатой кофточкой и кедами . Но не сложилось. Подумала и решила не брать.",
0,3,,"Ничего не выросло, фигня","Добрый день! Мы стараемся сделать все возможное для всхожести растений: дополняем набор обогащённым грунтом, кладем хорошие семена, но очень многое зависит от условий выращивания и полива, так как это живое растение. Надеемся, что Вы не расстроились, и попробуете вырастить растение ещё раз."
0,5,colorless,"Подходит для глаз и для лица, не вызывает покраснения кожи. Объем как раз подходит, чтобы всегда была под рукой.","Добрый день! Вы приняли отличное решение, заказав нашу натуральную косметику.  SIBERINA признана брендом № 1 в России среди других брендов натуральной косметики по версии портала Ecogolik.ru. Здорово, что вам все понравилось. Обратите внимание на другие продукты в нашем каталоге. Хорошего дня! Будем рады видеть вас в числе постоянных покупателей нашей косметики! С заботой о вас, команда SIBERINA."
0,2,серебристый,"Часы смотрятся очень даже не плохо, но оказались с дефектом-часовая стрелка не фиксируется,находится на 6 часах. Возможно ли заменить часовой механизм? Товар вернуть полностью не возможно,т.к. цифры приклеены к стене.","Мы даём гарантию на нашу продукцию 2 года. Ваш случай, однозначно , гарантийный. В паспорте изделия указан e-mail сервисного центра. Напишите нам и мы все исправим)))"
0,1,синий,"Ребёнок от неё срыгивает много , капризничает , это самая ужасная бутылочка которая у нас только была. Просто не реально много от неё воздуха . ","Добрый день! Благодарим Вас за то, что Вы делитесь с нами своим мнением. Мы с вами категорически не согласны и рекомендуем прочитать приложенную инструкцию и следовать ей. "
0,1,черный,Пришло не то кольцо,"Добрый день! Если при получении вы столкнулись с некачественным товаром, нарушенной упаковкой или неверным вложением, пожалуйста, сообщите нам об этом. Мы примем меры, чтобы данный товар больше не был отправлен другим покупателям. Спасибо.

Для оформления заявки на проверку товара необходимо: выбрать товар, добавить сделанные Вами фотографии товара и написать комментарии.
Подать заявку можно сразу же после отказа от товара.
Обратите внимание: после перехода позиции в статус «Возврат» останется 24 часа на оформление проверки по ней.
Заявка оформляется на брак, истекший срок годности, ненадлежащее качество товара, несоответствие описанию, неправильное или неполное вложение в заказ."
10000361,4,синий,"На рост 102 ,104 впритык и узкая талия на худого ребенка",
0,1,colorless,"Уважаемые, Вы хоть проверяйте свой товар перед продажей. Купил, хотел на даче траву покосить, но не судьба. Вращение происходит против часовой стрелке, по Вашей рекомендации обратился в сервисный центр. ПРИВОЗИТЕ, ПОСМОТРИМ. Вот эти два слова мне будут стоить рублей 500 на дорогу, плюс неудобства, связанные с транспортировкой на дачу. Вопрос, а кто мне это возместит? Более ничего не буду покупать, лучше в магазине купить дороже, но сразу то, ЧТО ТЫ ХОЧЕШЬ, И ЧТО РАБОТАЕТ! Оформляю возврат. Не бизнесмены вы.","Здравствуйте. Сожалеем, что вы столкнулись с такой ситуацией. Перед отправкой товара на склад Вайлдберриз товар проходит первичную проверку, чтобы быть уверенными на 100%, что наши покупатели получат качественный и комплектный товар. Вся техника HUTER проходит три этапа контроля качества, сертифицирована и соответствует всем мировым стандартам качества.  
Не смотря на все действия, иногда возникают ситуации, которые нам не подвластны.Надеемся в будущем у нас появится возможность поменять Ваше мнение о нас в лучшую сторону.
С Уважением, официальный магазин производителя брендов ""Ресанта"", ""Вихрь"", ""Huter"", ""Eurolux"".
"
0,2,colorless,"Прошу не снимать процент, тк пришла книга вся залитая маслом. А я очень её ждала. Деньги поступили на возврат, а товар стал дороже.","Добрый день. Нам очень жаль, что Вы получили поврежденный товар.Это вопрос к транспортировке службы Wildberries- в случае, если Вы недовольны качеством товара, Вы можете его вернуть"
0,2,"синий, молочный","На ощупь как будто в краске. При растягивании видно белое основание ткани.
Не взяла, хотя очень их ждала.
Жаль.",
0,3,"светло-бежевый, серый","Обращение к поставщику! Если вы поставляете товар категории премиум, так упаковывайте его для покупателя соотвественно. Коврик был в сумке-переноске, без пленки, без коробки. Конечно, на складе и при доставке в пункт его могут повредить, помять. С такими вмятинами мы получили наш. Сам коврик отличный, но почему его не уберечь от порчи, я не понимаю. Снимаю звезды за такое отношение к своему товару и покупателю. ","Добрый день! Благодарим Вас за интерес, проявленный к бренду Parklon! Очень сожалеем, что вас расстроила доставка. Уверяем вас, что все наши коврики перед отправкой упаковываются в индивидуальные картонные коробки. Мы очень трепетно относимся к сохранности коврика и его доставке в надлежащем виде до особенного конечного потребителя (малыша). Без необходимой упаковки, а именно картонной коробки, мы не можем отгрузить товар на склад Wildberries согласно требованиям. Возможно, коробка была утеряна или повреждена в процессе доставки со склада маркетплейса. Приносим свои извинения, но мы никак не можем повлиять на такие ситуации. Удачных покупок и растите большими!"
0,1,"малиновый, малиново-красный","Плащик хороший, но опасный ⚠️ Каким-то непонятным образом перетянул шею ребёнку!!! Ребёнок потянул за шнурок один кончик и капюшон просто чуть не задушил ребёнка!","Добрый день!
Мы в срочном порядке расследуем причины возникновения данного инцидента, и при необходимости внесём изменения в конструкцию изделия.  
Руководство бренда МАРВЕЛИН.
"
10003357,1,зеленый,"Мало того пришло оранжевого цвета, но это ладно, но пришо три кармашка, дощечка и верёвка отдельно, собирайте сами как хотите, что совсем не соответствует описанию, и доставка задержалась",
0,5,бежевый,"Качество на высшем уровне! Кожа превосходная. Сумочка легкая, небольшая, но в то же время вместительная и, главное, удобная! Выходила сегодня с ней в первый раз и получила истинное удовольствие. Спасибо производителю.","Добрый день! Благодарим Вас за выбор нашей продукции и оставленный отзыв. Ждем Вас за новыми покупками!С уважением, производитель ТМ ESSE"
0,5,белый,Прислали для холодной воды,
10002632,2,фиолетовый,"Протекает, если брать с собой куда-то, то нужно постоянно класть в пакетик его.Если этого не сделать,то все будет мокрое.
Своих денег не стоит.","Добрый день! Проверьте, что вы верно установили клапан под крышкой. Если вы установили силиконовый клапан верно, проливаться ничего не должно. Несколько капель может быть, например, если после питья они остались внутри самой трубочки. Если что-то не получается или остались вопросы, то напишите в заботливую службу поддержки Twistshake, контакты есть на упаковке, мы все проверим и поможем."
0,5,черный,"Отличная кисточка! То, что нужно, для стрелок тенями. Очень понравилась. Рекомендую!",
0,3,белый,"Хорошая, но очень уж маленькая, как кошелёк. Была бы чуток больше, забрала, а в таком размере очень странно смотрится в качестве клатча.","Здравствуйте. Размеры изделия указаны в карточке товара. Рекомендуем внимательно изучать все характеристики и описание, чтобы не разочаровываться в покупке ( ведь для всех понятие большой/маленький разное). Надеемся, вы подберете себе наш аксессуар по размеру.
С уважением, производитель торговых марок  ESSE  и  R.BLAKE"
0,2,белый,"Не соответствует размерной сетке. По факту см 28 по стельке. И ужасная подошва, думаю, зимой будут скользить как коньки. На вид очень симпотичные. Отказ","Добрый день.В производстве подошвы используется специальный зимний полиуретан, он подготовлен для Русской зимы."
10002981,1,красный,"пришел грязный, как буд-то им уже пользовались",Здравствуйте. Спасибо за Ваш выбор. Сожалеем что Вам попался бракованный товар. Очень редко такое случается. Обратите пожалуйста внимание на все наши товары в магазине по ссылке https://www.wildberries.ru/seller/18651?page=5
0,5,"оранжевый, белый","Качественно, красиво, ярко и самое главное в целости!","Добрый день! Благодарим за высокую оценку качества погремушки и за то, что нашли время оставить отзыв. Нам приятно, что у Вас остались положительные впечатления от покупки. Развивайтесь вместе с Мякишами!"
0,1,красный,"Одноразовый. Прочитала отзывы, попыталась подточить.... Результат на фото. Впервые сталкиваюсь с одноразовым карандашом!!!!! 
Если честно, хочется услышать комментарий компании постаыщика",
10001577,5,белый,"Комплект для внучки заказывала. Очень мягкая ткань,дочка в восторге  будем заказывать его на вырост цена очень приемлемая  да ещё за две штучки так что заказывайте мамочки не пожалеете. Спасибо производителю и за быструю доставку.",
0,3,серый,"Все пишут, что штаны тонкие. Мне так не показалось. Неаккуратные. Резинка широкая. На рост 100 размер 104 очень велики.",
0,4,белый,"Брала сетку на качалку, сетка тоненькая, прошита на скорую руку так сказать, крыша на сетке есть, качели выглядят сразу празднично за счёт белого цвета 😁думаю на сезон два сетка протянет брала в районе 1600р.. Поэтому претензий нет","Добрый день!

Благодарим вас за  отзыв на наш товар.
Рекомендуем вам перейти в каталог нашего магазина по ссылке, чтобы ознакомиться со всем перечнем товаров для дома, пикника, дачи и бани:
https://www.wildberries.ru/seller/11515
Добавляйте наш магазин в избранное, чтобы первым узнавать о новинках и акциях.
Приятных вам покупок!

С уважением, команда Linkgroup!"
10002333,5,черный,В размер. На рост 169 нормально. Спасибо производителю.,"Здравствуйте. Благодарим Вас за отзыв! Рады, что Вы смогли оценить по достоинству наш костюм. "
0,1,белый,Прошу не учитывать процент выкупа,"Добрый день! Примите наши искренние извинения. Нам очень жаль, что рубашка была доставлена Вам в ненадлежащем состоянии. Хотим обратить Ваше внимание, что перерасчет процента выкупа производится только в случае самостоятельного оформления заявки в разделе Профиля ""Проверка товара"" в течение 24 часов после возврата. С нашей стороны обязательно будет проведена работа по улучшению сервиса и приняты соответствующие меры. Надеемся, что  последующие покупки принесут Вам исключительно положительные эмоции. С уважением, Wildberries."
0,1,colorless,"Плохое качество, через минуту начинает тошнить от просмотра😠",
10004020,3,сиреневый,"Слишком жёсткий слайм, мне не зашло😑После перемешки стал ужасного цвета и не возращает форму",
0,5,серый,"Классная футболка, я в восторге 👍","Зоя, здравствуйте. Спасибо, что нашли время оставить свой отзыв о Футболка для беременных и кормления Дэни I love mum. Мы очень рады, что Вы остались довольны покупкой. Хорошего дня. С любовью, I love mum."
10002255,4,,Хорошое масло.,Добрый день! Благодарим за высокую оценку  нашего товара и приятный отзыв. Будем рады видеть Вас снова в нашем магазине!
0,4,"синий, красный","И правда грубоватый хлопок, но если стирать с кондиционером, то мягче становится. А так не плохое качество ",
0,3,розовый,"Заказывала 3 цвета, из всех розовый более менее и то все равно темнее 
Цвета не соответствуют действительности!","Добрый день! Все фотографии нашей продукции реальны. Соответственно то, что на фото, то и приходит Вам) Возможно, на Вашем компьютере другая цветопередача."
0,1,черный,"Беру уже третью сковороду этой фирмы, все было нормально, и вдруг такой кошмар!
Ручка на крышке просто стала плавиться, как кусок масла. Написала претензию, надеюсь, что разберетесь. Очень неприятно.","Здравствуйте! Мы искренне сожалеем о данной ситуации и приносим свои извинения за доставленные неудобства. Благодарим, что не оставили без внимания и сообщили нам о данной проблеме, воспользовавшись сервисом в Профиле ""Проверка товара"". Ваша заявка рассмотрена и подтверждена. Осуществить возврат товара можно в любом фирменном пункте самовывоза или с помощью курьера (услуга выезда курьера платная). Денежные средства будут возвращены и отражены на балансе в личном кабинете сразу же после фактической передачи товара сотруднику пункта самовывоза/курьеру. Если у Вас возникли вопросы о способах и условиях возврата, Вы всегда можете обратиться за консультацией к специалисту компании в разделе Мои обращения Личного кабинета либо по телефону горячей линии. Надеемся, что последующие покупки будут только удачными. Спасибо за обратную связь! С уважением, Wildberrie"
0,4,оранжевый,Хоршее точило . Для балкона горожа коперативного но и для дома . Но точить нанем максемум что можно ножи и топор. Для лопаты я думую не удобно будет . Ну и подточить что либо негоборитное как устроен не знаю не разбирал для первого раза все устраевает работает пока тихо. Севодня зобрал сразу все ножи наточил нагрелся не сильно. Для меня самое то лапату наточу и балгаркой. Взрослая точилка.,
0,2,,"Товар очень плохой.Пробел на клавиатуре сломался сразу же.включается через раз.Не стоит покупать деньги на ветер,а да отправился ей она очень воняла.","Сожалеем, что Вам пришлось столкнуться с неудобствами во время использования нашего товара. Допускаем, что Вам пришло бракованное изделие. Товар можно вернуть, предварительно оформив заявку в личном кабинете «Проверка товара – Возврат после оплаты по браку». Не забудьте приложить к заявлению видео, где видна проблема. Обращение рассматривается в срок до 5 дней. После подтверждения заявки денежные средства возвращаются на баланс сразу же после фактической передачи товара."
0,3,"сиреневый, красный","Товар пришёл запечатанный, но стаканы оба все равно разбиты...",
100006409,3,серый,По мне тоненькие для зимы. А так очень симпатично смотрится. Пришел хорошо упакован и чистый.,
0,5,белый,"Отличные линзы,мне подошли! Раньше акувью покупала.",
0,3,"прозрачный, фуксия, розовый","Тяжело открывался, материал очень тонкий и держаться на прутиках на честном слове.",
0,2,,"Пришёл с подтеками ,грязный весь …ужас",
0,3,серый,Грязный один тапок был,"Александра, нам очень жаль, что вы оценили в целом наши тапочки в три звезды. В свою очередь мы отправляем чистые тапочки в хорошей упаковке. Мы надеемся, что вы перезакажете тапочки и измените свое мнение (удалив этот отзыв). Спасибо за понимание! "
0,3,черный,"Покупала лампу для первоклассника ,светит слабо ! Не понимаю предыдущие отзывы ((( Причем я сказала бы прилично не хватает .Сама по себе ничего ,но только если чисто символически куда то поставить ,но никак не для уроков ....",
0,1,"белый, зеленый, голубой, фиолетовый, красный, розовый, светло-желтый, салатовый","Приходит в непонятном пакете,весь скомкан. Грязный,как будто на складе валялся без упоковки... в одном месте порезан... разочарована ужас как.. внешне безумно красивый!!!","Здравствуйте!
Благодарим Вас, что нашли время оставить отзыв о нашем товаре! Нам жаль, что позиция пришла в поврежденной упаковке, приносим свои извинения за сложившуюся ситуацию! Вероятно, это возвратная единица, и при возврате клиентом упаковка утратила целостность и товар запачкался и был испорчен. Мы поставляем товар в соответствии с требованиями упаковки, в противном случае товар не может быть принят магазином. К сожалению, мы не несем ответственности за процесс доставки, осуществляемый магазином, и не можем проконтролировать качество поставляемого товара клиенту. Вы можете вернуть модель и перезаказать позицию. Надеемся, в будущем, приобретенный товар будет радовать Вас! С уважением, CherryMom.
"
0,2,белый,"К сожалению, кроссовки были плохо проклеены, особенно левый. Вид был вовсе не товарный, учитывая желтоватость возле швов. Отказ.",
0,5,серый,"Хорошая пилочка с мягким абразивом. Не для глянцевой полировки, а для мягкого баффинга, доснятия гель-лакового покрытия и подготовки ногтевой пластины к новому покрытию. Мне понравилась) Упаковка пришла аккуратная, не мятая, до меня никто не открывал.",Добрый день! Благодарим Вас за отзыв )
0,4,желтый,"Сняла звезду за разборную конструкцию. Зачем это нужно было не понятно, придётся склеивать. Саморезы положили серьёзные, хотя тут и двухстороннего скотча вполне хватит. В общем и целом сойдёт",
0,3,"черный, серый","Отказалась по причине непрокраса надписи серого цвета на черном фоне. Надпись в моей сумке была с проплешинами, что очень огрочило. Прошу не учитывать данный заказ в проценте выкупа, т.к. брак налицо.","Здравствуйте. При поступлении возврата, товар был проверен и снят с продажи. Данная позиция не учитывается в проценте Вашего выкупа."
0,5,розовый,"Очень хороший комбинезон. Качество как я и ожидала-отличное! Цвет насыщенный, приятный. Спасибо покупке рада.","Добрый день, Евгения. Благодарим за отзыв, и за высокую оценку.  Мы регулярно обновляем наш ассортимент, и надеемся, что Вы будете нашим постоянным покупателем.  С уважением, компания Lucky Child."
0,1,красный,"Наушники отдали на экспертизу - не работают. Второй месяц ждем возврата денег. В этом магазине невозможно, видимо, вернуть свои деньги за некачественный товар. Видимо только чз суд.",
0,3,,"Мне не понравилось😔 Слишком выраженный аромат кокоса, расслаивается в холодильнике, застывает комком, который долго растапливается при комнатной температуре. Пачку пришлось резать, что бы утром выковырять его в кофе.  Видимо, это плата за отсутсвие эмульгаторов. Лично я буду брать другое, aroy-d.",
10002979,4,фиолетовый,"Лампочки не светятся уже через несколько прыжков, счётчик прыжков считает от любого дерганья ручки, а не самого прыжка… ",
0,5,"темно-синий, молочный","Отличное качество, но как по мне маломерЯт. Сыну 3 месяца, заказала размер 68-74","Добрый день, Амина. Спасибо за Ваш комментарий, нам приятно, что Вы остались довольны качеством нашей продукции.  Если при выборе следующей покупки Вам будет необходима уточняющая информация касательно линейных размеров одежды, то мы всегда готовые ее предоставить по вашему запросу Ждём Вас за новыми покупками.  Команда LuckyChild."
0,3,зеленый,"Сапоги очень широкие голенища, свалились с ноги. отказ","Добрый день , это ботинки"
0,2,коралловый,"Жакет смотрится дёшево и бледный коралловый цвет, на фото алый, лучше добавить и купить более достоиный жакет",
0,1,"салатовый, бежевый, красный",Шар пришол битый с повреждениями,
0,2,белый,"Если честно - ужасный. Скользкий, магнита для закрытия нет. Но самый ужас в том, что он толстенный и из-за этого кнопки громкости и включения-выключения приходится долго ковырять ногтем, чтоб нажать. Очень неудобный.",
0,1,красный,"Заказала один, привезли как на фото. Даже сначала не сообразила, что кошелек другой. С очень резким запахом сырости. Пришлось оставить, но покупка не очень.",
0,3,серый,"Ткань жестковатая, но дышащая. После первой стирки на бережном режиме с минимальными оборотами сбился наполнитель. Нет никаких фиксирующих резинок или завязок. Прорезей для ремней также нет ",
0,5,"светло-синий, белый","Очень удобный , красивый. Брала на подарок и себе!) ",
0,5,colorless,У меня все хорошо! Без подтеков и все целое! Пользуюсь уже 5 лет,"Добрый день, Ирина. 
Позвольте поблагодарить вас за уделенное время на столь приятный для нас отзыв и высокую оценку нашего крема. Мы ценим мнение наших дорогих покупателей. Приходите за новыми покупками на страницы нашего магазина!"
0,3,"черный, золотистый","Шарики пришли целые. Очень красивый и насыщенный цвет, но продержались всего 3 дня и сдулись",
0,3,серый,"Часы были доставлены в очень плачевном состоянии, коробка очень потрёпанная, рваная... и соответственно, при осмотре в комплекте отсутствовала цифра, видимо потерялась, при такой-то упаковке, поэтому, к сожалению, пришлось отказаться, увы(",
0,1,салатовый,"Качество откровенно плохое! После 3-х стирок ткань превратилась в половую тряпку, цвет полинял. Не стоит своих денег!","Добрый день! Нам очень жаль, что Вам пришлось столкнуться с данной ситуацией. При эксплуатации изделия, для сохранения первоначального вида, рекомендуем соблюдать условия по уходу, указанные на этикетке. Надеемся, что в будущем, приобретенные товары оправдают Ваши желания!"
0,3,colorless,"Пришел с отломленной шкалой, заметили дома","Добрый день. Сожалеем, что так произошло. Наша компания поставляет продукцию на склад Wildberries в полной комплектации и в товарном виде. После отгрузки с нашего склада мы уже не можем отслеживать движение товара и его состояние. Пожалуйста, проверяйте товар при получении. По подобным вопросам обращайтесь в службу поддержки Wildberries."
0,4,серо-голубой,"Я не купила, потому что это на высокий рост. И достаточно широкие плечи, эти рюши расширяют верх. С моим ростом 157 см ну никак не вяжется. На высокую девушку с большой грудью подойдёт, качество высокое. Стиль ну совсем не повседневный, даже с джинсами не сочетается.",
0,1,,"Молоко не вкусное, хорошо что на пробу взяли только одну пачку","Добрый день. Напишите нам пожалуйста на электронную почту order@unicatrade.ru, мы поможем решить эту проблему. Спасибо."
0,2,colorless,Кофе на мой вкус никакой. Да ещё разница в упаковке вызывает сомнения...,
0,5,серый,Хороший халат!,
0,4,"светло-бирюзовый, белый",Есть разница в оттенке цвета ,"Вам большое спасибо за отзыв, нам очень приятно, мы стараемся ради Вас! Пользуйтесь с удовольствием!
"
10002940,2,черный,Кружево на шортах лезет со страшной силой уже после первой стирки.,
0,4,colorless,"Хорошая лупа, увеличивает.",
0,3,colorless,"Не могу понять почему он не растворяется. Он как творог мелкий, размешивается быстро на мелкие крупинки. Хоть чем. Может представитель производителя объяснит как его растворять, пить реально невозможно...",
0,5,"зеленый, желтый","Хороший конструктор! Коробка была целая, аккуратная.",
0,3,черный,Слабо увеличивает. Раза в два. Про 6 кратное загнули конечно)),
0,4,,"Неплохие,но особо не впечатлили ,эффект не особо заметен",
0,2,"красный, золотистый","Купальник хороший,пошит хорошо, все швы ровненькие. Мне оказался большой. Хотя смотрела размеры производителя и была уверена,что на мне будет идеально,но нет.",
10004242,1,зеленый,"Ёлочка  - цвет красивый, ветки пушистые, но очень редкие .. Смотрится куцо. Не рекомендую.",
0,2,розовый,"Заказала две футболки одинакового размера, но разного цвета. Совершенно разные !! Розовая оказалась просто огромной.",
10003475,5,белый,"Первый раз брали синюю, потом прочла, что после снега перестаёт работать. Наша выдержала сильные порывы ветра, снегопалги мороз. Заказали вторую, белую, так как синей не было в наличии. Пока все лампочки горят, все режимы работают.",
10000254,2,colorless,"Текстура крема лёгкая, впитывается быстро. Но...абсолютно не матирует, жирный блеск присутствует...",
10004045,2,черный,Колготки в размер. Но не равномерно распределение волокон на ноге. Смотрится так себе,
0,2,голубой,"Товар не соответствует аявленным параметрам. 
Размеры не соответстуют: высота 40см(а не  41) ширина 10, 5см(а не 14), ширина 29( а не 31). Брала дочке в школу, а в результате ни одна бутылка для воды не влезает в боковоц карман и очень узкий для 6 класса рюкзак. Качество отличное, цвет соответствует, но он нам такой маленький  не нужен,😶 надо искать новый рюкзак🙄","Здравствуйте. Очень жаль, что наш рюкзак не подошёл вам по параметрам. Благодарим за отзыв."
0,1,красный,Лопнула через 5 минут после начала занятий,Резинка предназначена для упражнений на верх тела. При использовании на ноги - порвете её.
0,4,"серо-бежевый, коричневый, голубой, светло-бежевый, бежевый","Купила такую же в детском магазине за 207 рублей, здесь цена завышена, чем расстроена","Добрый день, Татьяна! Наши цены рассчитываются исходя из затрат на материалы, производство, логистику, рекламу. Мы очень бережно подходим к расчету цен на игрушки, заботясь и о бюджете покупателей, и стараемся предложить наши товары с выгодой. У нас часто бывают акции, поэтому рекомендуем подписаться на наши странички в соц.сетях, чтобы вовремя отследить лучшее предложение и воспользоваться им! Спасибо, что выбираете ""Мякиши"", доверяя нам заботу и развитие своего малыша."
0,5,синий,"Приятные штанишки, для Сада отличные, резинка не регулируется",
0,4,черный,"Всё хорошо,но шнур короткий",
0,5,бледно-пурпурный,"Плотный хлопок. Цвет приятный. Но не более того. Взяла, так как длинная. Для зимы хорошо.","Здравствуйте! Благодарим вас за высокую оценку нашей продукции! Добавляйте бренд Two Kings в любимые бренды и следите за новинками и новыми скидками. С уважением, команда Two Kings.
"
0,1,,Приехал не тот товар,"Добрый день! Благодарим за информацию. Приносим свои извинения за произошедшее. Проверяйте, пожалуйста, товар в пункте выдачи, либо у курьера. В случае отказа от покупки денежные средства будут отправлены Вам на карту, с которой данный товар был оплачен. К сожалению, при обращениях в отзывах, мы не видим информации о деталях доставки заказов нашим покупателям. Тем не менее, мы и служба логистики Wildberries стремимся к кому, чтобы заказы были доставлены в целостности и в кратчайшие сроки. Просим Вас сообщить о ситуации в разделе Обращения в Личном кабинете, чтобы исправить и избежать повторения. Для нас очень важен и ценен каждый наш клиент и мы надеемся, что Вы останетесь вместе с нашим брендом."
0,4,малиновый,качество очень хорошее. ,
0,4,серый,"Коробка пришла мятой и порванная.
. Брала на подарок, оставила себе... будем пробовать","Здравствуйте! Благодарим Вас за отзыв. Мы огорчены, что Вы столкнулись с такой ситуацией. Мы гарантируем, что отправку в магазин новый товар в закрытой упаковке с полной комплектацией. Надеемся, что это не повлияет на ваше отношение к компании. Желаем удачного дня и хорошего настроения!"
0,3,colorless,"Мед обыкновенный, банка совершенно другая, разлит 30.04.2019... год сбор 2019..Мед до сих пор жидкий","Добрый день! Спасибо, что купили наш мёд и уделили время на отзыв! В ближайшее время мы планируем обновить фото в карточке товара в связи с изменением упаковки. Приносим свои извинения! Мы рады работать для Вас!"
0,4,,"Прислали не тот крем. Тоже с облепихой, но версию essential oil free. Сам крем хороший, но я хотела тот. Увидела слишком поздно. Хотелось бы большей внимательности от сотрудников, ответственных за сборку товара, крем недешевый.",
0,1,светло-серый,"Шапка одинарная , а не двойная, как написано на сайте. Поэтому отказ. Хотели купить двойную.","Добрый день. Шапка выглядит одинарной, но по факту связана в два слоя - это можно увидеть на продольных полосках, на которые нанесены стразы, они двойные."
0,5,серый,"На рост 165, 42 размер заказывала S.отлично подошёл. Внутри довольно толстый флис. Тёплый. ",
0,5,colorless,Все хорошо. Все работает ,"Здравствуйте. Спасибо, что Вы нашли время оставить отзыв. Очень радует, что покупка Вас обрадовала. Уверены, что ее ждет долгий срок эксплуатации. Ждем за новыми покупками!"
0,3,розовый,"рюкзак оказался очень маленький, лямки длинные и не удобные, а главное что пришиты криво , и когда одеваешь рюкзак свисает вкривь! цвет соответствует, очень расстроилась так как понравилось качество! не взяла, буду предсказывать другую модель этой фирмы ! пожалуйста не снимайте % выкупа",
0,2,белый,"Взяла,но очень пожалела.Никакие!к покупке не советую!",
0,3,хаки,"Приобретала в апреле, сразу было понятно, что он для походов, поездок, не для дома. Скользкий, шуршащий. Отдала ребенку в лагерь в июне, нитки разошлись по всему периметру...пришлось прошивать заново.",
10002633,5,черный,Все супер! Отлично для годовалого ребёнка!,"Благодарим за ваш отзыв! Пользуйтесь с удовольствием! 
"
0,2,темно-бежевый,"Тени светлее примерно на два тона чем на картинке,поэтому отказ",
0,2,colorless,"Жаль, что нет функции ""дополнить отзыв"", приходится новый писать. 
Как уже ниже писала, брала для пожилой собаки с проблемами пищеварения. В описании сказано, что для собак с чувствительным пищеварением. Для нашей кавказской овчарки не подошел совсем - постоянно был жидкий стул. Отдали весь мешок в собачий приют. Вернулись к натуральной пище, пересмотрели рацион, наладили пищеварение.",
0,3,colorless,Стекло не понравилось.,
0,2,,Плохая лупа !,"Добрый день. Данная лупа имеет 6 кратное увеличение. Возможно Вам больше подойдет лупа по коду 11054309, которая имеет 8 кратное увеличение и дополнительно есть подсветка. "
0,3,бежевый,Сумка внешне очень понравилась НО сумка выполнена из искусственного материала!!!!!,"Добрый день!Нам очень жаль, что Вы поставили низкую оценку качеству наших изделий. Сумка выполнена из натуральной кожи, при необходимости мы отправим Вам сертификаты, подтверждающие данный факт. Благодарим Вас за отзыв!"
0,4,темно-синий,"Очень хорошие джинсы, аккуратный, качественный пошив, хороший цвет, но сильно большемерят, примерно на 2 размера. Буду перезаказывать на меньший размер.",Добрый день! Спасибо за Ваш комментарий! Хороших Вам покупок и прекрасного настроения!
0,5,серебристый,"Кольцо классное! На размер 21 заказала 21,5 всё подошло","Здравствуйте!Спасибо большое за Ваш отзыв. Добавляйте нас в любимые бренды, чтобы быть в курсе наших новых поступлений и скидок. С уважением компания ""Золотой Меркурий""."
0,3,кремовый,"Коврик выглядит в точности как на картинке, красивый, лёгкий, хорошо складывается, не пахнет. И всё бы отлично, НО: он скользит! Положили около дивана (на совсем не скользкий паркетный пол), и когда ребенок пытается вставать с опорой на диван, ковер просто отъезжает! Какая там защита, ребенок так бухнется с размаху на голый пол, если не успеешь подхватить, приходится придумывать, как предотвратить скольжение. Я в ярости, чем думал производитель, создавая такую подложку?! Подумываю о возврате, за эти же деньги ***можно купить без этого недостатка. ","Здравствуйте! Нам очень жаль, что вам не подошёл наш коврик. В вашем случае рекомендуем рассмотреть коврики из материала PVC они полностью прилегают к полу и не скользят (у них больший вес, в отличии от портативных, которые рассчитаны на удобство при транспортировке) Спасибо!"
0,1,черный,Большемерят!,
0,3,colorless,"Доставка подвела! Упаковано все было даже слишком тщательно, нужно постараться чтоб открыть, но это не спасло, все вытекло(","Добрый день. Сожалеем о данной ситуации. Мы поставляем товар в идеальном состоянии. Наши специалисты проверяют каждую единицу товара. К сожалению, мы не можем контролировать службы доставки и хранения товара до конечного потребителя. Нам искренне жаль, что вы не получили товар в надлежащем виде. Не расстраивайтесь, попробуйте заказать товар еще раз."
0,4,песочный,"Классные, теплые угги. Нога 25 см, по приложенной к описанию размерной сетке - это 38. Не подошли, маломерят. Или таблица не точная.",
0,3,темно-синий,"Треники какие-то в форме брюк. Очень тонкая ткань. Для школьной формы точно не подходит. Ткань такая,что быстро закатается и растянется.","Добрый день! Сожалеем, что Вам не понравилась данная модель. Возможно, другие товары нашего ассортимента подойдут вам больше. Удачных покупок!"
10002054,1,белый,Не соответствует действительности,
0,3,"сиреневый, белый","Не понравилась вообще, цвет бледный вид как после года носки, для роста животика места много, на свой 46-46 заказывала соответствует, но в груди тесно, после родов вообще не войду - грудь у меня не большая. Хорошо что померила, хотела брать!",
0,3,серый,"Жёсткая ткань, после стирки не линяет","Здравствуйте! Спасибо за Ваше мнение.  Для изготовления комплектов постельного белья, в т.ч. детских, применяется традиционная российская бязь, гарантировано выполненная из натурального 100% хлопка. Плотность бязи для постельного белья составляет не менее 120 г/кв.м., при таком показателе вещь считается качественной и долговечной. Для смягчения белья рекомендуем при полоскании добавлять кондиционер.
"
0,2,коричневый,"Это подделка, пока не использовала. Упаковка внешне и по содержимому отличается от оригинала",
0,1,серебристый,Отклеилась через час ( слишком тонкая,
10000791,3,красный,"Такая хорошая куртка. Теплая, лёгкая. Но такой не суразный капюшон, при его застегивании, капюшон весь выворачивается и торчит из под головы. Как я только не застигала, как только не укладывала все равно торчит. Если бы не капюшон взяла не раздумывая. Может мне только такая куртка попалась?",Добрый день! Благодарим за отзыв и обратную связь! Носите с удовольствием. Желаем приятных покупок и ярких впечатлений с MIEGOFCE! Попробуйте отпарить его.
0,4,серебристый,Думала будет покрупнее и протяжение. МАЛОВАТО.,"Добрый день! Мы признательны Вам за обратную связь, нам очень важно знать мнение потребителей, чтобы работать над развитием ассортимента нашей торговой марки и контролировать качественные характеристики товаров.
С любовью и признательностью, 
Ваша ОптимаБизнес 
"
0,3,,"все ингредиенты пришли в пакетиках, а не в баночках, выглядит совсем не презентабельно. покупала в подарок.","Здравствуйте, пожалуйста, обратитесь к производителю. Очень жаль, что вам не понравилось. "
0,3,зеленый,"Пришли разные по размеру,хотя написано 40 на обоих .Маломерят и больше ,как сравнивать не знаю.Отказ.Прошу не учитывать% выкупа.",
0,1,хаки,Прошу уточнить почему в данном палантине отсутствовали кнопки как указано в описании и на упаковке?!,
0,5,серебристый,"конечно за 540 рублей можно брать, но если хочется объема, то это не про нее. Красивая, но плетение на любителя.",
0,4,"бежевый, розовый","Сумочка ооочень маленькая,прям как для игрушечной куколки.. Размером с косметичку.",
0,3,черный,"Платье пришло с браком. Одевается непросто, без замка. Пояса не было. Отказ",
0,3,"синий, молочный","По началу понравились,а расползлась резинка,как и у ползунков этой фирмы.Разочаровалась в этой фирме.",
10003296,5,серый,"Шикарнейшая шапка! Брала для сравнения два цвета (шапка и шарф) - графит и серый. Больше подошел графит (невероятный глубокий цвет!), но удивило различие в качестве - серая шапка плотнее и прилично меньше по размеру, чем графитовая. Чудеса) На фото только графит","Добрый день. Большое спасибо за отзыв. Надеемся, снова увидеть Вас среди наших покупателей.
 С уважением, компания FARGO"
0,1,,Второй раз беру испорченное молоко!верните деньги!,
0,4,синий,"Брюки не взяли, велики. Закажу на размер меньше. Единственное сомнение. Флисовый подклад очень тонок и сбивается, когда одеваешь. Возможно будет не удобно. Цвет ближе к чёрному. И большой плюс - то что брючки на резинке. Подойдут худеньким и плотным девочкам тоже.",
0,5,"шампань, светло-серый",Качество хорошее!,"Елена, Самого доброго дня Вам! Благодарим за самую приятную оценку в 5 звёзд, это мотивирует нас оставаться лучшими для Вас. Да, качество и хороший дизайн это наши приоритеты. Мы заказываем ткань лучшего качества, у проверенных производителей и скрупулёзно прорабатываем лекала под размерную сетку. Спасибо, что выбираете нас. С каждым днём стараемся быть для наших клиентов только лучше, поэтому учитываем все Ваши пожелания и благодарности! С любовью и обнимашками BAYKAR
"
0,1,,"К сожалению не удалось оценить качество товара, так как упаковка была вскрыта и один бальзам из набора отсутствовал. По этой причине возврат. Попробую заказать еще раз","Спасибо за отзыв .Жаль, что низкую оценку Вы поставили продукту, снизив его рейтинг, не оценив продукт в действии. Ведь на работу интернет-магазина мы, как производитель, повлиять не можем."
0,5,"белый, светло-серый","Лёгкие,хорошего качества,но маломерки,на ногу даже не налезли.надо брать на размер больше",
10002254,5,,Отличный продукт) Несколько капель на подушку и хороший сон обеспечен. В спальне запах сохраняется 2 дня),Здравствуйте! Благодарим за высокую оценку нашего товара. Будем рады видеть Вас снова в нашем магазине!
10002625,2,белый,"Дизайн, функционал, сам процесс приготовления, готовая еда, всё отлично, но одно большое НО, ужасный запах","Добрый день! В новом изделии может ощущаться небольшой запах, он быстро проходит. У запаха может быть 2 причины: если вы используете комбайн для приготовления замороженной еды. Это может заблокировать лезвия и повредить механизм. Либо если перед приготовлением неправильно установлена силиконовая прокладка под комбайном. Убедитесь, что используете комбайн в соответствии с инструкцией и придерживаетесь правил по уходу и чистке."
0,4,золотистый,"Не рекомендую, если у вас отросшие корни, два разных цвета получается",
0,4,"красный, черный","купила мужу в подарок. Упаковка не повреждена. Не хватает кисточки. Возможно её выронили предыдущие заказчики при осмотре. Не ловитесь на указанного производителя, на самой бритве указан Китай!!! С бритьём лезвиями - полный контраст, к вечеру появляется небольшая щетина. Вероятно, так и должно быть, муж давно уже электробритвой не пользуется, но для его нежной кожи практичнее электробритва.","Приветствуем!
Благодарим Вас за отзыв и сообщение об этой проблеме.
Мы сожалеем, о том что произошла такая ситуация. Товар поставляется на склад в идеальном состоянии в присутствии представителя компании. К сожалению, при дальнейшей транспортировке такое иногда случается. Вам необходимо сфотографировать товар таким образом, чтобы повреждения были видны, и оформить заявку в личном кабинете. Тогда товар изымут из продажи.
С уважением, клиентский сервис."
0,3,"розовый, синий",Сидит не как на модели. В реальности очень глубокий вырез - и вся грудь наружу. Даже не представляю куда пойти в этом)) потому что реально стыдно,
0,5,"черный, коричневый",Прекрасные толстые плотные шнурки. Подошли на зимние замшевые мужские ботинки. Рекомендую к покупке.,
10003214,2,белый,"Не удобно пользоваться,  быстро сломался пульверизатор","Добрый день! Спасибо за отзыв. Сожалеем, что использование средства не оправдало ваших ожиданий."
10000847,4,черный,"Пиджак неплохой, по плечам сел идеально, а внизу осень свободно. Но это особенности фигуры, т.к. размер большой (у меня не широкие бедра). Но звездочку сняла не за это, а за то, что выглядит простовато и почти ни с чем не комбинируется из моего гардероба. Но это опять очень индивидуально. Пошито качественно, пиджак легкий, без подкладки. Для меня это плюс. Рекомендую обратить на него внимание.","Добрый день! Спасибо Вам за отзыв! С наилучшими пожеланиями, ""Марка Котовых""."
0,2,красный,Сидит плохо. И цвет для меня слишком тёмный. Качество хорошее. Отказ в пользу другой модели.,
0,1,темно-синий,"Вещь перенесла уже три стирки, но продолжает окрашивать соприкасающиеся с ней предметы. Предоставляю новые фото, я испортила с вами ещё одну сумку. Вы что, чернилами что-ли красите вещи?! Возмущена до предела. Вещь на выброс. Никому не рекомендую покупать эту вещь - ужас какой-то.  Прошу вернуть мне деньги и компенсировать моральный ущерб.",
0,2,малиновый,"Наш рост 95, купили 116 размер. Великоваты но не критично.
Но что могу сказать, они промокают(","Вас не смущает запас на 3 размера, с учетом того, что объем и ширина предназначены для надевания на одежду, то есть имеют запас в объеме? Нижние резинки предназанчены на обувь к росту 116, то есть шире, чем резинки для обуви на рост 98. Великоват, и критично, раз промокает."
10003173,1,"серый, голубой, бежевый, белый",Качество белья не понравилось!,
0,5,черный,"Форма огонь🔥. Это мы заказали вторую побольше. Не пригорает, кексы, шарлотки получаются отличные.","Здравствуйте! Спасибо, что выбрали антипригарный противень для духовки Moulin Villa Raspberry RBWP-024. Рады, что вы довольны покупкой. Пользуйтесь с удовольствием! Рекомендуем также наш керамический противень такого же красивого цвета: арт. 110311451. Ждём вас снова!"
0,3,зеленый,"Красивые, но ОООчень хрупкие. Упала чашка на мягкий линолеум и разлетелась в дребезги, поранив детя...",
0,3,"серый, черный","Очень симпатичная, но используем, к сожалению, только для фотографирования, так как материал жёсткий и чехол не снимается, а если все время застилать пеленками, то смысл уже немного теряется.","Добрый день! Благодарим Вас за отзыв и проявленный интерес к нашему бренду. Очень жаль, что ткань Вам не понравилась. Кокон выполнен из бязи российского производства в соответствии со стандартами ГОСТ. Мы надеемся видеть Вас снова в числе наших клиентов!"
0,4,,"Коробка пришла рваная, за это сняла звезду. Можно товар в таких хлипких коробочках упаковывать как-то понадежней? Фильтры могли и высыпаться из такой упаковки.",
0,2,,"Скрепки нормальные , обычные , но не 100 рублей . Не было возможности ходить по магазинам . Красная цена не больше 50 ","Цена скрепок указана на странице товара и не является тайной при заказе, кроме того,  покупка через сайт гораздо комфортнее похода по магазинам, который не всегда возможно реализовать. Жаль, что снизили оценку товару, который полностью соответствует заявленному описанию и нареканий в работе не вызвал. 
"
0,4,,"Товар пришел просроченный. Дата производства -18.03, срок годности -6 месяцев. Получается, срок годности вышел до того, как я получила. Очень любим лукум именно этого производителя, купила в подарок, но такое разочарование! Товар пришел хорошо упакованный, при получении сроки не смотрела.","Добрый день! приносим свои извинения, напишите пожалуйста номер Вашей банковской карты, мы Вам вышлем деньги за полную стоимость"
0,3,"темно-синий, серый","взяла размер 86-92, кофта отлично, а штаны очень маленькие. сыну 1г 1мес",
0,2,"светло-коралловый, коралловый","Блузка непонятного кроя, вероятно для стройняшек. Не подчеркивает фигуру. Отказ.",
0,2,красный,"Эти босоножки я смогла одеть лишь на половину, и то у меня низкий подъем. Поэтому невозможно оценить их соответствие размеру. Я удивляюсь как другие покупательницы смогли натянуть на свои ноги эту обувь","Здравствуйте! Благодарим вас за отзыв. Сожалеем, что пришлось столкнуться с данной ситуацией и заказ не оправдал ваших ожиданий.Приносим вам свои извинения за доставленные неудобства!С уважением, компания TERVOLINA"
0,2,,Кожа после применения сухая и это в жару 34 градуса. Просто выброшены деньги . Чёрный с змеиным ядом этой же фирмы отлично себя зарекомендовал . Не стоило пробовать новый . Не советую к покупке.,"Здравствуйте! Нам очень жаль, что Вам крем не понравился. Как показывает практика и наглядно демонстрируют отзывы, выбор крема – дело очень индивидуальное. Один и тот же крем для кого-то будет идеальной, а кому-то, к сожалению, не подойдёт. Поэтому мы и создали большое кол-во линеек из средств по уходу за кожей. И рады знать, что Антивозрастной крем для лица со змеиным ядом и пептидами Premium Syn-Ake Вам идеально подошел. С уважением, команда LIMONI"
0,1,серебристый,"рамка очень красивая! шикарная! но, пришла со сколом в углу(((( упакована просто в пленку!! жесть, а не упаковка. к сожалению, возврат ","Здравствуйте. На нашем производстве, рамочки проходят тройной контроль качества. На выходе продукт проходит ручную упаковку в плёнку, поэтому каждая рамка осматривается. Увы, повреждения возникают в момент транспортировки магазином, либо не бережным ее хранением. К сожалению, повлиять на сохранность наших изделий, мы не в силах. Желаем приятного дня! С уважением, команда МИРАМ."
0,3,рыжий,"Прислали не тот цвет, поэтому отказ",
0,1,черный,"Пришли не те, что заказывала","Здравствуйте! Нам очень жаль, что произошла данная ситуация. Вам необходимо составить заявку в разделе ""Профиль"" -> ""Обратная связь"" ->""Проверка товара"" ->""Возврат после оплаты по браку"". С уважением, Wildberries."
0,4,серый меланж,"Удобная, хорошо сидит на узкой спине.",
0,3,коричневый,Рюкзак красивый. Лямки очень давят. Очень жалею что купила. ,
0,5,"бирюзовый, белый",Хорошее качество. Рекомендую вообще всю линейку Melissa,
0,2,черный (осн.),"Очень тонкие, ткань жуть но покрой хороший, сидят изумительно.",
0,4,коралловый,"Костюм хороший) Наш рост 100, взяли 110 на вырост. Можно было брать на размер меньше, он достаточно широкий.
Хорошо что есть манжеты, ничего не нужно подворачивать))
Будем ходить года два точно, если не порвём 😁","Спасибо за отзыв! но если хороший, почему 4*)"
0,2,,"Спасибо за просрочку) еще один хороший пример, как борьба за массовость на рынке отражается на изначально хороших продуктах. ","Добрый день.
Благоарим Вас за выбор нашей продукции и обратную связь.
Нам искренне жаль что сервисная служба WB не применят минимальные требования к хранению и доставки товара.
Мы как производитель и поставщик отгружаем продукцию на слад WB с остаточным сроком годности не менее 70%. "
0,3,черный,"Цвет ярко персиковый, ближе к оранжевому, никакого бежевого и рядом не было.",
0,4,черный,"Размеру соответствует, следы клея присутствуют. В целом норм, кроме клея конечно.","Добрый день, спасибо за ваш отзыв. На нашем производстве мы всегда стараемся соблюдать высокие стандарты качества. Если внешний вид товара не оправдал ваших ожиданий, у вас есть возможность оформить возврат. Подробней ознакомиться с правилами вы можете в разделе «Возврат товара»."
0,1,розовый,"Коробка была вскрыта, отсутствовала песочница! Отказ! Прошу не учитывать в проценте выкупа.",
0,4,"персиковый, розовый, белый","Трусы маломерят на рост 98 см и вес 14 кг в самый раз. Но качеству нормальные, но после стирки все стразы отвалились.",
0,3,розовая фуксия,"Цвет чуть ярче.очень маркий материал,следы от пальцев лишь спустя месяц носки так и не отмылись ,пришлось вернуться к старому чехлу",
0,2,черный,"Уважаемые, неужели так сложно открыть коробку с обувью и посмотреть что там внутри прежде чем отправлять заказ. Как можно упаковывать коробку с одной обувью без пары? Вы и вправду сами тоже так носите? Это издевательство над клиентами и безответственное отношение к работе!!! Будьте внимательнее пожалуйста!!!! И надеюсь % выкупа не снимите так как это ваша вина!!!!",
0,1,розовый,не соответствует размеру. мало как минимум на размер,"Алевтина, при первой примерке может показаться, что тапочки маломерят, но это не так. Воздушная стелька быстро обминается и тапочки становятся больше."
10000384,4,горчичный,"Заказала 48 размер, но это никак не 48 , скорее 52-56. 
Позже дополню отзыв, отвезу маме, может ей как раз будет",
0,3,белый,"Густая, при этом цвет не однородный. Ощущение, что в прозрачную капнули белый цвет и не перемешали. На деле ещё не пробовала, но чувствую чуда ждать не стоит🤷‍♀️","Добрый день, Екатерина! Сожалеем, что покупка не принесла должной радости. Всем цветным базам свойственно оседание пигмента на дно флакончика. Оседание пигмента не влияет на качество продукта и относится к естественному процессу. Перед началом использования продукта, воспользуйтесь простыми рекомендациями: 1. Сначала покатайте флакончик между ладоней (трясти не стоит, так как это приведет к образованию пузырьков). 2. Затем откройте флакон и немного перемешайте его содержимое кистью. Надеемся наш ответ будет полезен для Вас. С наилучшими пожеланиями, команда CosmoLac!"
0,3,красный,"Вещь одноразовая, после первой же стирки в машинке разлезлась по ниточкам.",
0,3,изумрудный,"Это не платье, это ужас. Очень толстый трикотаж. Грубая обработка подола и рукавов, будто подшивали вручную, наспех. На ОГ98, ОБ106 и рост 160 платье огромное. Отказ.",
0,2,молочный,"Мне, к сожалению, не так повезло, как предыдущим покупателям. И радость от покупки длилась недолго. Дефекты обнаружились после того, как повесила тюль. 1.Левый край подложен сантиметра на 3 - 4 короче правого.
2.По всему полотну тонкие горизонтальные полосы, особенно выделяются на солнце. Не заломы, а именно полосы на полотне, везде.

Цвет лучше бы взяла белый. Молочный вечером смотрится, как пыльный, несвежий тюль. ",
0,5,черный,"Я женщина, хотя кеды считаются мужскими, мне они на 100%подошли, смотрятся очень аккуратно на ноге, и не смотрятся как мудскик на моих ногах)) Кеды удобные при ходьбе, размер подошел, не тяжелые. И цена очень лояльная, со скидкой, я всем довольна!",
0,1,серый,"Здравствуйте. Заказала серые галошки, а привезли черный ОДИН! Фото приложила. Просьба не снимать процент. Обратите внимание как комплектуется заказ, не первый раз уже(((",
0,1,"розовый, бирюзовый",Разрез на упаковке ! Заказ был на подарок,"Добрый день! Спасибо за Ваш отзыв. Нам очень жаль, что товар был доставлен Вам в ненадлежащем виде. К сожалению, при транспортировке иногда случаются непредвиденные ситуации. Надеемся, что последующие покупки принесут Вам исключительно положительные эмоции."
0,4,бежевый,"Цвет совсем не такой, ближе к хаки, на этикетке указан песочный",
0,4,оранжевый,"Мужу нравится. Пилка не фиксировалась. Пытались оформить  возврат - не приняли. Пришлось съездить в сервис, оказалось просто краска в отверстии застряла. Теперь все хорошо.","Здравствуйте! Мы признательны, что Вы отдаете предпочтение нашей продукции и возвращаетесь с обратной связью для улучшения нашей работы! Спасибо за оценку. Надеемся другие покупки нашей продукции порадуют Вас в полной мере."
0,5,черный,Не подошёл размер.,
0,1,,"Товар пришёл просроченный, аж больше чем на 2 ГОДА! ","Добрый день!
Мы очень сожалеем, что произошла такая ситуация.
Пожалуйста, проверяйте сроки годности при поучении.
Валюбериз видимо переносит склад и нашли наш старый потерянный товар (2 года он лежал у них неизвестно где и сам валбериз на запросы не отвечал).
Списать такой товар у них не хватило мозгов, видимо.
От себя приносим извинения за ситуацию, но контролю со стороны поставщика она не поддается.
Официально заявляем, что компания ""Биопродукты"" поставляет товар произведенный не позднее 1 месяца от даты поставки.
И видимо будем вынуждены подавать в суд на валбериз за порчу репутации.
Просим не ассоциировать некомпетентность работников валбериз с поставщиком."
10002978,4,розовый,"Хороший прыгун, покупала в подарок для дочери подруги. Ребенок был доволен. Снимаю звезду только за помятую коробку и обилие скотча на ней, который невозможно снять без повреждения коробки.","""Здравствуйте! Благодарим Вас за выбор ТМ Moby Kids, за отзыв и высокую оценку. Мы рады, что наша продукция оставила у Вас хорошие впечатления. Желаем его долгого использования и не забывайте о безопасности при прыжках! 
 Мы сожалеем, что произошла неприятная ситуация при получении товара и это испортило Вам впечатление от покупки. Хотим Вас заверить, что у нас строгий входной контроль качества и также мы всегда проверяем товар и его упаковку перед отгрузкой с производства. Дальнейшую ответственность за сервис и сам товар несёт маркетплейс Wildberries.
У нашего бренда Moby Kids есть ещё много отличных товаров для спорта и отдыха для детей!""
"
0,4,"сиреневый, салатовый, белый","Подушка классная,но надо отдельно чехол покупать.","Добрый день. Благодарим за позитивный отзыв на нашу подушку на стул. Изделие полностью готово к эксплуатации и не требует чехлов))). У нас большой выбор, есть и более темные цвета и принты, за которые не придется переживать. Команда Altali "
0,5,синий,"Кроссовки лёгкие, подошва мягкая, удобные. На ноге смотрятся аккуратно.  Недостаток для меня-тонкая ткань, думала, что она будет немного плотнее, и отсутствие жёсткого уплотнителя в пятке, надеюсь, что на эксплуатации это не скажется.",
0,5,белый,Выброшенные деньги.обидно.что поработав 3 дня на первом режиме .перестал греть.прошу вернуть деньги.ТОвар не соответствует заявленной фирме и качеству,
0,3,молочный,"Туфли неплохие,но левый меньше,правый больше.В итоге получился дискомфорт.На правом царапина небольшая,но видимая.В результате отказ",
0,1,голубой,"Уже не первый раз разочарована работой тех, кто упаковывает товары. То очки подкладывают другие (а потом оформляется как возврат и на обращения о не снижении процента выкупа нет реакции), то половину песка из банки отсыпают. Хоть бы камеры видео-наблюдения поставили! Опять курьер пометил брак, но в результате оформят как возврат.","Здравствуйте. Приносим Вам извинения за брак в заказе. При поступлении возврата, товар был проверен и снят с продажи. Данная позиция не учитывается в проценте Вашего выкупа."
10003352,2,белый,"Нету пластинки, чтобы держать крючки",
0,2,серый,После месяца носки весь в затяжках и катышках,
0,5,colorless,Соотношение цены и качества на высшем уровне. Пришла запечатанная плюс ещё в доп пакете. Дата от 27 марта)) я очень довольна товаром👍🏼👍🏼👍🏼,"Добрый день! Благодарим за Ваш выбор и высокую оценку! Очень рады, что смогли оправдать Ваши ожидания! Ждем Вас снова! С уважением, команда Healthy Lifestyle."
0,5,коричневый,"Супер. Качество хорошее, запах отсутствует",
0,5,серый,"Милый и очаровательный шарм. Выполнен аккуратно, отполирован хорошо. Понравился больше чем на фото. Пришел с коробочкой. Рекомендую.","Благодарим за приятный отзыв и высокую оценку! Мы очень рады, что Вам понравился шарм из серебра, который подходит для любого наборного браслета. С уважением, команда Lucente!          ***Пожалуйста, обратите внимание на наши последние НОВИНКИ. Выберите наш бренд, нажав на логотип Lucente и сортировку по обновлению.
"
0,2,хаки,"Получила 2 пледа, в одном сумка доя переноски была, а во втором НЕТ!!!
ПОЧЕМУ???
В комплекте в описании есть!! Не хорошо так делать!!!",Доброго дня! Нам очень жаль за эту досадную ошибку. Примите наши извинения.
0,4,"зеленый, красный, желтый","Кубики хорошие, красочные, ровные, пахнут деревом, но удивил размер, хотя для детских ручек подойдут. Взяла, но надо ещё набор с бОльшим количеством деталей","Добрый день! Благодарим за отзыв. Играйте с удовольствием)) С уважением, команда Томик 
"
0,2,"черный, желтый","Игрушка, детям понравилась. Качество норм, без повреждения",
0,1,,"Второй раз заказываю, первое молоко было хорошо упаковано, в коробке, в этот раз прислали кокосовую воду вместо молока, обмотанную пленкой, возврат!",
0,4,бордовый,"На параметры - 67-88 подошёл 25р. Тянутся хорошо, не сковывают, мягкие и комфортные, но был брак, карман приштампован к клепке заднего кармана, сфоткать не успела, так как забирала заказ перед закрытием. Выкупила другие этой же марки.",
10003156,1,бежевый,Товар не соответствует описанию. Не рекомендую.,"Добрый день! Спасибо за обратную связь! Видно что-то пошло не так, но что именно очень сложно понять из Вашего отзыва. Дорогие покупатели, пожалуйста, оставляйте более подробный отзыв, чтобы мы становились лучше, чтобы другие покупатели понимали, какие вопросы возникают к товару. Мы внимательно следим за качеством ткани на этапе подбора ткани для изделий. также возвращаемся к этому вопросу, если получаем отрицательные отзывы от покупателей. Нам важно Ваше мнение!  При возникновении вопросов к качеству пошива / размерности продукции просим вас сфотографировать вшивку с обратной стороны изделия с номером швеи +штрих-код с заводской упаковки и метку с номером ОТК – по каждому случаю при наличии этих данных мы проводим работу с исполнителями. Вы можете осуществить возврат товара через Профиль на сайте. Срок рассмотрения заявки – 7 рабочих дней. После положительного решения вопроса будет осуществлен возврат средств.  Мы становимся лучше каждый день. Приходите к нам еще! Ваш Buenas Noches"
0,4,"зеленый, желтый","Брали в подарок!
Надеюсь понравиться.",
0,2,colorless,Качество не очень. Ставлю 2,
0,3,темно-синий,Не синий цвет. Серый.,
0,5,,Отлично взошли растут рекомендую,"Добрый день! Спасибо, что выбрали наш продукт. Рады, что вам все понравилось!"
10004026,4,синий,Пожалуйста подскажите как убрать ночной режим,
0,5,"розовая фуксия, ярко-розовый","Цвет насыщенный, сочный, для лета самое то. Хорошо пигментирован, ложится в 2 тоненьких слоя, можно и в один уложить. Просыхает хорошо. Доставка быстрая,упаковано в пупырчатую плёнку и пакетик. Все дошло в целости,ничего не протекло. Всем советую 👍","Добрый день!
Благодарим вас за выбор и положительный отзыв! Пользуйтесь с удовольствием."
0,4,светло-бирюзовый,"Органайзер качественный, стенки плотные, но слишком маленький","Спасибо за ваш отзыв. Все размеры, указанные в описании товара, соответствуют действительности."
0,5,красный (осн.),платье прекрасное!взяли с удовольствием!советую,
0,1,золотистый,Отвратительное качество! По каким причинам непонятно. Срок годности в норме.,"Добрый день! Сожалеем, что вы получили поврежденный товар. Судя по фото в процессе транспортировки контур подвергся воздействию низких температур. Наша продукция содержит антизамерзающие добавки, но если температура опускается ниже - 15С, то высока вероятность, что в пути акрил потеряет свои свойства и поменяет консистенцию. Поэтому мы рекомендуем максимально быстро проверять товар, желательно при получении, и в подобных случаях сразу оформлять возврат по браку. Очень жаль, что у вас сложилась такая ситуация, надеемся площадка оперативно проведёт процедуру возврата оплаты и заменит товар."
0,3,"зеленый, фисташковый","Ну что я могу сказать, с первого раза не получилось покрыть даже типсу, слой средней толщины делать нельзя, лак не успевает просохнуть, а так довольно плотный цвет.
P.s слева на фото это первый раз я пробовала выкрасить типсу","Добрый день! Благодарим вас за положительный отзыв, рады что вы выбрали гель лак для ногтей Beauty Free. С гель лаком для маникюра Beauty Free вы будете в центре внимания.
Рекомендуем попробовать такие продукты как : база для гель лака Beauty Free и топ для ногтей Beauty Free
Приятных покупок! Надеемся увидеть вас снова."
0,1,белый,"Жаль, краска была вскрыта и засохла  сверху.","Добрый день! Уверяем, что краска акриловая отправляется со склада в надлежащем виде. Описанная Вами проблема возникла на этапе транспортировки.  Рекомендуем всегда проверять товар при его получении и отказываться от покупки при обнаружении проблемы, а после совершать повторный заказ, т.к. качество товара вызывает только положительное впечатление."
0,1,зеленый,Прислали совершенно не ту папку,"Здравствуйте! Нам очень жаль, что сложилась подобная ситуация. По вопросам качества доставки просим Вас обратиться на горячую линию Wildberries. "
0,2,"серый, молочный","После стирки окрасился карман. Стирала в чуть- теплой воде пару минут, руками. Ткань хорошая, приятная к телу, но что толку.....вещь испорчена","Добрый день. Нам очень жаль, что товар не оправдал ваших ожиданий. Приложим все усилия, чтобы дальнейшие покупки приносили только радость. С уважением, компания LuckyChild."
0,5,colorless,"Хорошая соль, ранее брали с пихтой","Добрый день! Приятно, что вы сделали выбор в пользу нашей продукции.  Мы рады развиваться и совершенствовать свои продукты вместе с вами! Благодарим за вашу высокую оценку! Советуем вам обратить внимание и на другие наши продукты.  Возвращайтесь за новыми покупками! Ваша SIBERINA."
0,1,серебристый,"пришла фигня какая то , на фото он больше, думаю он дешевле должен стоить!","Здравствуйте!
Спасибо, что выбрали наш товар и рассказали о Вашем впечатлении! Мы ценим мнение каждого.
Ценообразование - сложный и непростой процесс, зависящий от большого количества факторов. Причин низкой цены в том или ином магазине может быть множество: акции, распродажи, ликвидации, особенности логистики и закупок и т.д. Рекомендуем покупать товар у проверенных поставщиков и на том ресурсе (или в магазине), где это доставляет максимальное удовлетворение от покупки.
Со своей стороны мы делаем максимум для того, чтобы клиентов, довольных нашим товаром становилось все больше, а WB развивает логистику и сервис работы с заказами и клиентами. 

С любовью и признательностью, 
Ваша ОптимаБизнес

"
0,1,белый,Сумка выглядит очень и очень дешево....кожа как попиросная бумага....цена очень завышена....пришла мятая..Раннее брала сумочку этого брэнда полная противоположность....,
0,3,черный,"В пятнах клея,увидел когда пришел домой",
0,4,черный,"По рукавам отлично, но длинная и широкая выходит, думаю не критично ",
0,2,,"Пришёл другой кофе - колумбийский. Хотела попробовать именно Индию, поэтому отказ. Да и цена у Колумбии меньше. Заказала снова, очень надеюсь, что не вернётся та же упаковка.","Добрый день!
Нам жаль, что покупка Вас расстроила.
Вкусовые ощущения субъективны и могут отличаться у разных людей.
Благодарим за Ваш отзыв, он будет полезен другим покупателям."
0,5,белый,Классное срество беру уже 3 раз,
0,5,colorless,"Отличная глина! Подсушивает воспаления, очищает и сужает поры.",
1000257,3,красный,"компактная, мягкая, но запах  неприятный(",
0,5,colorless,Хлрошая мука пришло все цело,"Здравствуйте! Благодарим вас за отзыв и за то, что выбираете нашу продукцию. В нашем ассортименте есть рисовая мука 2 кг.-артикул 15055224. Также, в нашем ассортименте вы сможете найти и другую муку, такую как: нутовая мука 2 кг.- артикул 15055225; гречневая мука- артикул 12041219, 15055226;  пшеничная мука- артикул 13193707, 12329799; ржаная мука- артикул 12764695, 12329800 многое другое. Желаем вам крепкого здоровья и удачных покупок. С уважением, Житница здоровья."
0,3,бордовый,Несооответствие размерной сетке! Маломерят на размер. Пришлось вернуть. Прошу не учитывать в проценте выкупа.,
0,5,антрацитовый,Любимые тени! Они единственные не скатываются и не осыпаются! Сухое нанесение.среднепигментированные,
0,5,розовый,"Комплект понравился, спасибо производителю",
0,4,серый,"Качество хорошее,но большемерит.на 180 длиновата,Lна сантиметр длинее чем XL у ASICSа.",
0,5,"салатовый, розовый",Отличные стаканы,
0,5,серебристый,Всё отлично!👍,"Здравствуйте. Спасибо за Ваш отзыв,лопатка обязательно привлечет Удачу!"
0,3,оранжевый,"Рюкзак не удобный. Негде хранить телефон, ничего найти в нем нельзя, если много вещей. Для переноски только ноутбука и документов подходит. ",Спасибо большое за отзыв! Скорее всего вы подобрали модель не учитывая ваши потребности. Желаем удачного выбора в будущем.
0,1,черный,"Качество очень низкое, клей кругом, задники разной высоты, края неровные...","Добрый день, спасибо за ваш отзыв. На нашем производстве мы всегда стараемся соблюдать высокие стандарты качества. Если внешний вид товара не оправдал ваших ожиданий, у вас есть возможность оформить возврат. Подробней ознакомиться с правилами вы можете в разделе «Возврат товара».
"
10001551,4,желтый,"Бледно-желтые кружочки, смотрятся не очень, но доя дома сойдёт. Не нравится слишком большрй вырез на груди. Ткань плотная, как бы тёплая и вдруг этот разрез. Застёгивается на лвух кнопках - удобно. Воланчики на руках будут обмусляканы. Лапки выглядывают очень аппетитно",
0,4,,Не в первый раз заказываю )в этот раз более светлый и менее насыщенный вкус .Видимо раз на раз не приходится хд,"Добрый день, Лилия! Вы совершенно правы! Спасибо за оставленный отзыв и четверочку, приятного чаепития!)"
0,3,,"Не поняла пока эту маску. Повелась на отзывы, где пишут, что восстанавливает обветренные  губы. Мазала на ночь несколько дней. Хм, на утро абсолютно высушенные стянутые обезвоженные губы. Обычная гигиеничка и то за ночь смягчает и подлечивает. В общем не айс. ","Добрый день, спасибо за Ваш отзыв. Возможно, что конкретно в этой ситуации Вам наше средство не подошло. Для обезвоженной кожи мы рекомендуем попробовать Питательную крем-маску для сухой кожи с компонентами NMF и маслом оливы арт. 9843970."
0,5,"персиковый, сиреневый, белый",Отличное качество,"Здраствуйте! Спасибо за высокую оценку.
"
0,3,черный,"Сумка не плохая. но очень жесткая ручка, которая спадает с плеча. Поэтому отказ в пользу другой модели этой же фирмы",
0,4,розовый,Соответствует размеру. Очень красивая) Спасибо),
0,1,бежевый,"Упаковка была разорвана. Товарного вида вообще никакого. Хотела взять на подарок, но увы. Стыдно в таком виде дарить.",
0,5,синий,Красивый набор!,
0,2,colorless,"Стремные какие-то, извините","Здравствуйте! Извиняем) Благодарим за то, что нашли время написать отзыв! Нам очень важно ваше мнение! С уважением, ГК АНДАНТЕ"
10000694,4,бежевый,"Платье хорошее, но меня полнит. Большемерит на один размер. Цвет не бежевый, розоватый. Отказ.","Добрый день! Благодарим Вас за обратную связь! Ваше мнение очень важно для нас! Очень жаль, что эта модель Вам не подошла. Желаем приятных покупок!"
0,5,желтый,"Передник шикарный, свою цену оправдывает👍🏻",
0,1,,"Паста жидкая, упаковка нарушена, паста вытекла,запечатана в полупрозрачный пакет, в связи с чем на пункте выдачи не возможно было это увидеть ","Добрый день. Нам очень жаль, просим проверять товары при выдаче. Мы полностью компенсируем оплаченные товары."
0,2,"черный, розовый","Смотрится очень дёшево, ткань не для занятий спортом, все сползает, светится. Не советую, даже за такие деньги",
0,5,"розовый, молочный","Качество понравилось. Тёпленький, мягкий, но пошит как то странно, нам не сел. Туловище короткое, памперс перетягивает, а рукава и ножки длиные. На фото ребёнок ростом 70см размер 80-86. После стирки чуть сел.","Добрый день, Лада. Мы сожалеем, что комбинезон не подошел вашему малышу. Если при следующей покупке,  вам будет необходима уточняющая информация касательно линейных размеров одежды, то мы всегда готовы ее предоставить по вашему запросу.  С уважением компания Lucky Child."
0,4,"голубой, синий","Для меня ткань очень реденькая, да и рисунок не четкий. Плюс заказала 2 шт. одинаковых, хотела выбрать по упаковке, т.к. думала на подарок. Но 2 из 2 пришли мятые. Забыла указать, есть зацепки на ткани.","Здравствуйте. Приносим Вам извинения за доставленные неудобства. После поступления возврата, товар будет проверен. В случае подтверждения позиция не будет учитываться в расчете процента выкупа."
0,1,,"Причина испорченного молока найдена! Воздух идёт с под крышки, все остальные 3 упаковки молока которые я заказала - заклеены клеем, после того как оно успело испортится! Жду заонка от компании! И возврата денег! Не ожидала такого от этой фирмы! До этого заказывала уже 4 коробки! ",
10004091,1,черный,Вообще прислали другой фирмы и другой формы  бюстгальтер,"Добрый день!
Нам искренне жаль, что вы получили другой товар. К сожалению, у производителя нет возможности контролировать сборку и доставку заказов внутри магазина. Для того, чтобы избежать повторения подобной ситуации, рекомендуем вам проверять товар на месте при получении на ПВЗ.
Желаем только удачных покупок!
С уважением, представитель бренда"
0,2,,От лианейл ожидала большего.. совершенно отвратный топ.. дешевые и малоизвестные марки и то лучше справлялись с задачей своей. Быстро царапается ... и ничего в нем ультраглягцевого нет.. так этой же как и обычные топы ,"Добрый день.
Данный топ необходимо сушить 1 минуту в лампе мощностью 48 Вт, снимать липкость можно только после того как топ остынет, при снятии липкости используйте одну салфетку на один ноготь. Когда снимаете липкость движение должны быть стягивающими вниз. Попробуйте по такой технологии. "
0,5,,"запах реально слабый ((( подойдет тем кто ищем без запаха масло хд 
до этого заказывала с ароматом малины, вот там запах присутствовал хороший очень","Добрый день! 
В данный момент масла выпускаются с умеренной отдушкой. Спасибо за обратную связь!"
0,1,желтый,"получила заказ, в пункте выдачи отказали включить и проверить ночнички. В итоге ночник машинка работает, утёнок НЕТ!!! ВОЗВРАТ! Внучка очень огорчилась! Такое впечатление что это сброс брака, авось за копейки товар не понесут обратно!!!!",
0,5,"салатовый, серый, белый",Шарики хороши,
0,4,"серый, белый","Приятный комплект, взяла. Однако подгибка на простыни не закреплена, придется закреплять вручную, иначе распустится во время стирки.",
0,1,синий,"Всем доброго дня! Внимание! Ни в коем случае не покупайте эти органайзеры. Я, к сожалению, уже не смогу их сдать, но хотя бы предупрежу остальных. 1. Качество очень и очень низкое. 2. Сшито это из трескучего шуршащего материала, который грозит расползтись прямо в ваших руках. 3. Молнии расходятся. 4. Швы расходятся. 5. На фото видно как похабно сшито и что есть даже следы строчек, которых там не должно быть. Цена за это должна быть 15 рублей, а не 1200! Wildberries, я в шоке от того, что вы опускаетесь до продажи этого ***, да еще и за такие деньги. ","Здравствуйте! Сожалеем, что товар не оправдал Ваших ожиданий. Для нас очень важно, чтобы каждый клиент остался доволен покупкой. Будем стараться в дальнейшем только радовать Вас высоким качеством обслуживания и широким ассортиментом товаров. С уважением, интернет - магазин Wildberries."
0,4,colorless,"Упаковка была вскрыта, но не брызгали. Флакон не опрятный, местами в царапхах. Аромат почти как оригинал, в начале сильно пахнет специями, по уже через полчаса специи утихают, и пахнет ванилью. Держится очень хорошо, очень шлейфовый. Пятен на одежде не оставляет, масел нет. За свою цену очень даже!",
0,5,"белый, серебристый, светло-серый, жемчужный, белый матовый, белый мрамор, молочный, слоновая кость","Клёвый конверт, брали на выписку в ноябре, гуляли зимой в нем. Очень нежный и мягкий, только к 4м месяцам стал маловат нам.","Здравствуйте!
Благодарим Вас за оставленный отзыв, нам очень приятно, что наш товар оставил хорошее впечатление! Надеемся и в дальнейшем радовать Вас и Ваших малышей! Спасибо, что выбрали наш бренд!
С уважением, CherryMom. 
"
0,4,"серебристый, серый","Рамка хорошая!
Но приходит без упаковки, тонкую пленку можно не считать! Она вся надорвана и рамка поцарапана. Уже третью покупаю, и всё одно и тоже. Забираю, потому что царапины не большие. Пожалуйста, сделайте лучше упаковку!","Добрый день. В первую очередь, спасибо, что вы не отказываетесь от наших рам. Да, доставка оставляет желать лучшего. Мы думаем над упаковкой, и пытаемся сделать так, чтобы это не повлекло к увеличению стоимости. С уважением, представитель компании ООО ""НРК"" МИРАМ "
0,2,,"Мне полоски вообще не подошли. Делала все по инструкции. В первый раз еле отодрала от носа, но чёрных точек не убавилось. А во второй раз даже отодрать не смогла (см. фото)","Здравствуйте, Анна! Результат от применения полосок напрямую зависит от текущего состояния кожи и соблюдения технологии их применения. Если Вы будете четко следовать рекомендациям, то все получится. Для обеспечения наилучшего результата перед использованием полосок следует тщательно смочить кожу носа водой (после предварительного очищения). Если кожа будет недостаточно влажной, полоска может потерять эффективность. Также после нанесения необходимо разгладить полоску по коже для обеспечения наилучшего контакта с кожей. После того как полоска полностью высохнет и станет жёсткой, следует удалить её по направлению от крыльев носа к спинке. С уважением, команда LIMONI"
0,1,colorless,Просрочена ! Прошу не учитывать в проценте выкупа!,"Добрый день! Примите наши искренние извинения. Нам очень жаль, что Вы столкнулись с такой ситуацией. Хотим обратить Ваше внимание, что перерасчет процента выкупа производится только в случае самостоятельного оформления заявки в разделе Профиля ""Проверка товара"" в течение 24 часов после возврата. С нашей стороны обязательно будет проведена работа по улучшению сервиса и приняты соответствующие меры. Надеемся, что  последующие покупки принесут Вам исключительно положительные эмоции. С уважением, Wildberries."
0,3,серый,"Очень маленький. Не молодёжный, как заявил производитель, а больше похож на детский. На секцию можно. Не для школы. По крайней мере не для средней. Отказ.",
0,5,,"Очень удобный блокнот в дорогу,ребенку нравится ,яркий ,маркер в комплекте,я очень довольна покупкой, спасибо Вам","Здравствуйте! Мы очень рады, что вам понравился наш товар! Спасибо за отзыв и что выбрали нас! Будем рады вам снова !"
0,3,коричневый,"Маленькая, но сделана хорошо.",
0,5,синий,"Понравились. Обхват не мерила,  но ноги у меня худые. Дают небольшую компрессию,  хорошо прогревают.  Во время тренировок коленям комфортнее.",
10000869,3,"серо-голубой, серый","По качеству претензий нет,НО это не тот комплект который я заказала! артикул совсем другой 98844.Пришлось выкупить т.к. заказывала для подарка,а времени не было искать другой!! Будьте внимательны!",
0,2,черный,Норм. Есть трещина на корпусе.,"Здравствуйте! Гарантия на электрические приборы Revyline 2 года. Обратитесь, пожалуйста в сервисный центр по телефону, указанному в гарантийном талоне и упаковке."
10003213,5,белый,"Запах очень понравился! Брала Океан. Такой приятный, лёгкий.  Пришло всё целое, в плотной упаковке.","Добрый день! Спасибо за отзыв и доверие товарам Rossinka. Рекомендуем также попробовать наше увлажняющее жидкое мыло с экстрактом подорожника и разнообразным выбором натуральных ароматов арт. 43223648, 43237744, 43239027,  40658993, 40708735"
0,1,,Коробка порвана все рассыпано но по комплектности норма,"Добрый день!
Со своей стороны мы контролируем целостность ни только товара, но и упаковки. Надеемся, что впредь такого не повториться и Вы поставите оценку выше!
Спасибо!
"
0,1,"светло-бежевый, серый","К сожалению, мне не подошла поверхность коврика, полиэтилен, в процессе возврата, буду перезаказывать на более дорогой с более приятной поверхностью, может кому-то норм.","Верхнее покрытие коврика серии Portable – вспененный пищевой полиэтилен, что указанно в описании к товару. Сожалеем, что данная серия не подошла Вам. Рекомендуем присмотреться к нашим коврикам серии Marshmallow, верхнее покрытие данного коврика выполнено из другого материала - вспененного пвх, которое очень приятное тактильно и более функциональное. Надеемся, что для нового заказа вы снова рассмотрите Parklon!"
0,2,синий,"Пришла с браком, на вороте расшивает шов и дирки",
0,3,черный,Чехол не очень подходит телефону. Материал грубый и по этому краями поднимает защитное стекло. Вырез под камеру не ровный и больше самой камеры смотрица не очень. Чехол с верху над камерой не ровно садиться и похтому чуть выперает. Мне не понравился чехол. Поэтому я не советую.,
0,5,серый меланж,Хорошего качества,"Вероника, здравствуйте. Спасибо, что поделились своим впечатлением о Футболка для беременных и кормления Дэни Домашняя одежда для кормящих Товары для будущих мам на лето I love mum. Мы очень рады, что Вы остались довольны покупкой. Хорошего дня. С любовью, I love mum."
10003294,5,вишневый,"Вместо вишневой прислали серую. Неприятненько, я долго выбирала цвет и фасон, но в итоге что-то пошло не так. К качеству претензий нет.","Добрый день. Спасибо за отзыв и высокую оценку качества нашей продукции. Сожалеем, что так произошло. Вероятнее всего, на складе магазина произошла непреднамеренная ошибка.  Надеемся, что такая ситуация больше  не повторится и последующие заказы принесут Вам только положительные эмоции.
С наилучшими пожеланиями, команда FARGO"
0,2,желтый,"Крепиться только шурупами, двухсторонний скотч не держит. Вмещает очень мало пакетов.",
0,4,серебристый,"Я бы сказала, что платье соответствует фото, но на фото невозможно заметить что платье очень тонкое, совершенно без поделала. Поэтому желательно иметь идеальную спину. Платье для стройных дам, недостатки фигуры оно скрывать не намерено.",
0,2,,"Пользуюсь месяц. Крем не понравился. Не подтягивает, не разглаживает, не устраняет.","Здравствуйте, Марина! Нам очень жаль, что Вы разочарованы покупкой. Для обеспечение заявленного действия крем нужно наносить на очищенную и подготовленную кожу дважды в день на протяжении 28 дней. Как показывает практика, первые положительные изменения будут заметны уже в первую неделю применения в случае регулярного использования. С уважением, команда LIMONI"
10003674,5,colorless,"Обложка твердая, но из-за фактуры и матового желтого цвета может пачкаться. Что касаемо содержания, то читать надо именно ПОСЛЕ просмотра сериала, иначе картина тяжело складывается( а так, читается очень легко); и правда присутствуют сцены, которые не вошли в сам сериал. Прочитать стоит!! очень жду 2 часть :)) ",
10003210,4,белый,Немного горьковатый запах. Больше не закажу однозначно,
0,1,красный,"Купила данные босоножки,маломерки на размер примерно,на ногу без подъёма.А теперь к сути вопроса,одев их на следующий день после покупки буквально на 40 минут,ремешок на одной ноге просто порвался,т.к. пришит он только за велюр (пока жду одобрения возврата по браку,уже пришли ещё одни,точно так же прошито).Жду возврата денег уже 5ый день,как и написано,но босоножки я брала,чтобы носить,а не для того чтобы отдать деньги и неделю ждать возврата.Очень разочарована и качеством обуви,хотя раньше нареканий не было к данному производителю.Сервисом WB разочарована вдвойне.","Здравствуйте! Благодарим вас за отзыв. Сожалеем, что пришлось столкнуться с данной ситуацией и заказ не оправдал ваших ожиданий.Приносим вам свои извинения за доставленные неудобства!С уважением, компания TERVOLINA"
0,2,,Вызвали аллергию. Больше никогда не буду покупать дешёвые патчи на Вайлдберриз.,
0,4,коричневый,Пришел с поломанной ножкой держателя. Прошу не учитывать процент выкупа.перезаказ,"Добрый день! Спасибо за высокую оценку нашего товара.
"
0,5,черный,"Хороший светильник, светит ярко-рекомендую) ","Доброго дня, Татьяна! Спасибо, что нашли время написать хороший отзыв! Мы очень рады, что Вам понравилась настольная лампа от компании Эра. Заглядывайте к нам еще!"
0,3,,"Никакого «вау» не происходит, обычный шампунь, наверное не подходит моим волосам","Спасибо за отзыв!
Наша компания строго следит за качеством производимых продуктов.
Мнение каждого их наших покупателей, крайне важно для нас.
Благодарим Вас!"
0,2,белый,"Сумка не чисто белая, а молочного цвета с блеском. Внутренняя сторона крышки не кожа , а дешевая тряпочка, типа дублерина,  причём уже грязная. Ремешок тоже с одной стороны кожа , а с другой тряпочка.",
0,1,серый,"Пришел не серый, а коричневый! Убедительная просьба при сборке товара быть внимательней!!! Сам чехол суперский!!!",
0,4,"серо-бежевый, коричневый, голубой, светло-бежевый, бежевый","Игрушка пошита хорошо, надёжно, но нам не пригодилась",
0,5,colorless,Быстрая доставка,"Добрый день! Благодарим за отзыв и выбор бада SupHerb израильского производителя. Спешите за покупками, дальнейших поставок данного бада компанией АСНА на маркетплейс не ожидается. Сейчас бад есть в наличии со скидкой, ждем Вас вновь! Не забудьте добавить товар в ""Избранное""! С заботой о Вас, команда АСНА."
0,3,темно-синий,"Кроссовки не соответствуют заявленным размерам. 9 на 42 велики. Отказ, не учитывайте в %",
0,1,прозрачный,"К сожалению из 5 штук, пришла 1 маска. Отказ. Ну просто никуда не годится.",
0,3,темно-синий,"Платье даже мерить не стала, дешевка, шифон как стекло, все прилипшее.А брошь, кстати, была, чем еще больше его дешевит.Отказ",
0,4,бледно-розовый,При росте 85 см размер 86 (86-92)  оказался впритык. И резинка на штанах тугая. Даже у моей стройной дочки на талии остается след от резинки. Только для худых детей. По качеству пошива и к материалу нареканий нет.,
0,1,"белый, синий","Печально! Купили ребенку в подарок,  не проработала и месяца. Включается, горит синий цвет, ни на что больше не реагирует, на кнопки не реагирует....  Качество не соответствует стоимости товара! Не рекомендую!!!!",
0,3,розовый,"Взяла, потому что нужно было, цвет не тот, не такая длинная как на фото на девочке. После второй стирке молния пошла волной, ткань мягкая а молния жёсткая.. По носим, но после выкупа этой, взяла толстовку в Пеликане. Вот там никогда не подводит качество, эту марку больше брать не буду...",
0,1,оранжевый,Пришёл не тоттовар,"Здравствуйте. Благодарим вас за уделённое время. Простите, что доставили вам не ту модель товара. Вы можете вернуть его нам. Рекомендуем при получении проверять заказ и отказаться, если что-то не подошло. Надеемся, что новые покупки будут оставлять только положительные эмоции."
0,1,белый,"Очень ждали подставку, в итоге пришла сломанная! Поэтому возврат! Наверное стоило позаботиться о надлежащей упаковке перед отправкой",
0,5,,"Вкусное,жирное,полезное,но дорого",
10000256,2,colorless,Опять прислали не тот  !!!!!!!,
0,1,черный,Вы издеваетесь? Второе стекло заказываю и ни одно не подошло!!! Самые отрицательная оценка и магазину и товару,
0,5,белый,"Пришел в целости и сохранности.Работает.Смотрится красиво ,необычно.",
0,1,,"Молоко пришло кислое, раслоившееся, до этого заказывала другой фирмы было хорошее, это не рекомендую",
0,3,черный,"Очень узкие. Маломерят. Ребенок не толстый еле натянул. Два раза присел разошлись по шву, но очень теплые.",
0,1,"белый, аметистовый, фиолетовый","Набор пришёл разбитый, прошу не снимать процент выкупа","Здравствуйте! Нам искренне жаль, что произошла ситуация, из-за которой Вы не смогли оценить товар. Спасибо, что воспользовались функционалом сервиса «Проверка товара». Вы помогаете нам улучшать качество обслуживания! Мы обязательно будем стараться, чтобы последующие покупки оставляли у Вас только приятные впечатления. С уважением, Wildberries."
10004020,5,сиреневый,"Отличный слайм, не слишком липкий",
0,5,розовый,"Взяли несколько сандаль, но эти хоть и самые дорогие, но сели идеально по ноге. И дочке удобно. Наша нога 18см, взяли размер 28. Осталось гдето 1,5 см свободных (на вырост), думаю что так и должно быть. Покупкой довольна .",
0,4,colorless,Урбеч пришёл с оторванной этикеткой.Значит кто то его открывал.Обидно.Возврат😕Причем заказала два разных и оба пришли с нарушенной этикеткой☹️,
0,2,синий,"Коробку передали мятой. Обувь вся пошорканная, видно что пытались почистить. На правом ботинке видно, что кожу сшивали из половинок разного оттенка. Дизайн отличный. Вынужден поставить 2 звезды. Не повезло","Здравствуйте! Большое спасибо за отзыв, если не сложно приложите, пожалуйста, фото и возвращайте товар по браку. Мы безусловно проведем соответствующую работу для повышения качества продукции. "
0,5,коричневый,"Товар очень понравился, выбирала по отзывам , этот оказался на мой взгляд лучше всех. Блокираторы супер держатся хорошо, удобные в использовании,пальцы ребёнка в безопасности. Буду заказывать ещё",Добрый день! Спасибо за ваш отзыв. И ваш отзыв кому-то поможет.
0,3,черный,"Не знала, что за такую цену 235 рублей приобрету такой мини-крабик. По качеству вроде неплохой, но никак не подходит для длинных волос. Фото обманчиво. Обращайте внимание на размер заколки при заказе. Дорого. Такой крабик можно купить в пределах 100 рублей.",
10004020,1,сиреневый,Привезли вытекший слайм ,
0,3,colorless,"пахнет вкусно, но пришили открытые, холостых пшиков не было. неприятненько.....",
10004020,1,сиреневый,"Испортился уже в концу дня, засох, хотя хранили в закрытом стакане, ребёнок расстроен. ",
0,1,молочный,При стирке линяют,
10003538,3,зеленый,"Судя по описанию нашей чихуахуа было бы в притык, а пришло размером ""М"" чих проваливается полностью га минималках, ну хоть подошло фр.бульдогу)) размер не соответствует! Реальный размер 43-45+","Здравствуйте, Дмитрий! Благодарим Вас за отзыв. Нам очень жаль, что покупка не полностью удовлетворила Вас. Спасибо, что проверили товар сразу во время получения. Напоминаем, что Вы всегда можете просмотреть наш актуальный каталог. Из него Вы точно сможете найти товар, в пользу которого сделаете выбор!"
0,5,"бронзовый, красный, коричневый","Золотой терракотовый . Много лет им пользуюсь. Ложится и держится прекрасно. Цвет абсолютно соответствует картинке. Кто надеется на яркий, даже не думайте. Хотя, все зависит от ""цвета ""самой женщины.... На бледной женщине может и ярким будет...",
0,4,черный,"Расческа очень легкая, удобно держать в руке. Глянцевая (на фото это не видно). Солидная упаковка с голограммой (черная жестяная коробка с окошком). Для подарка идеально. И просто радует глаз! Но на этом вся прелесть расчески заканчивается. Для полноценного расчесывания сухих волос или придания формы укладке она не подходит, тк зубцы довольно короткие и жесткие. Она, скорее, подойдет для пляжа или расчесывания мокрых волос. Её лучше покупать не как «основную», а «еще одну в коллекцию»:))) Для тех, кому нравится все новое, необычное и блестящее)) Цена, по-моему, на эту модель завышена. Хотя здесь эта расческа стоит дешевле, чем в других магазинах.",
0,5,голубой,Этой фирмы беру уже третий комплект. Всё нравится. Не линяет.,"Добрый день! Мы благодарны, что Вы оценили нашу продукцию. Надеемся, что следующие покупки также принесут Вам положительные эмоции. Подписывайтесь на наши новинки. Ждём Вас снова!"
10002630,5,серый,"Отличная бутылочка, реально не протекает, одной маловато, взяли вторую в другом цвете, рекомендую ! ",Благодарим вас за отзыв и выбор Twistshake!
0,5,темно-зеленый,"Это уже третья сумка данного производителя.я в восторге.цвет бесподобен.очень удобные,практичные модели.такую же годом ранее взяла в бордовом цвете,она у меня в любимчиках.очень классные.качество,исполнение,модель,все в них совершенно.спасибо!я  поклонница сумок вашего бренда!ещё и с хорошей скидкой купила.",Спасибо за выбор аксессуаров ESSE и оставленный отзыв. Добавляйте ESSE в любимые бренды чтобы всегда быть в курсе новинок. Ждём Вас за новыми покупками сумок и аксессуаров ESSE.
10004020,2,сиреневый,"Пришёл раздавленный. Сверху нет шариков. Сразу не заметили, так как был весь замотан скотчем и пленкой, так понимаю, чтобы скрыть, что упаковка сломана. Это уже не первый слайм, который приходит вскрытым или вытекшим. Не рекомендую",
10001599,4,белый,"Мягкий,тёплый ,очень плотный.упакован хорошо,все целое,после первой стирки отлетели цветочки на кофточки ",
0,5,"красный, бордовый, винный, красный бархат, вишнево-красный, малиново-красный, красный каркаде, малиновый, вишневый","Тот самый красный, винный оттенок- на ногтях смотрится красиво. Достаточно 1-2 слоя, держится хорошо. Пришло упаковано в пупырке.","Добрый день!
Благодарим вас за выбор и положительный отзыв! Пользуйтесь с удовольствием."
0,3,черный,"Вроде норм все, но нет гарантийного талона. Если что-то случится, то что мне с ним делать? Игрушка не дешевая","Добрый день, нам искренне жаль, что Вы столкнулись с такой ситуацией. Вам необходимо сохранить товарный чек. При обращении в сервисный центр AQUAEL, Вам достаточно будет предъявить его. "
0,5,черный,"Отличный комбинезон, выгодно подчёркивает все изгибы тела. Размер в размер. На мой 44 - взяла 44(S). Комбинезон для идеальной фигуры, т. к. очень обтягивает. Немного жаркая ткань на мой взгляд. Для вечернего отдыха на море - супер! Рекомендую. У меня отказ - в пользу другой модели.",
0,5,голубой,Классный свишот,
10004048,5,темно-коричневый,Удобный. Комфортный. Красивый бюстгалтер.мой размер 75 С. Заказала по отзывам 75 Д. Подошел. Выкупила. Очень довольна.,
0,2,colorless,Самая бесполезная моя покупка!,"Здравствуйте, Снежана! Мы сожалеем, что Вы не в полной мере довольны покупкой. Для обеспечения наилучшего результата следует тщательно смочить кожу носа водой (после предварительного очищения). Если кожа будет недостаточно влажной, полоска может потерять эффективность. Также после нанесения необходимо разгладить полоску по коже для обеспечения наилучшего контакта с кожей. После того как полоска полностью высохнет и станет жёсткой, следует удалить её по направлению от крыльев носа к спинке. С уважением, команда LIMONI"
0,3,красный,Цвет немного отличается от фото. Сохнет очень долго,
0,3,colorless,"Немного осветляют и освежают зону вокруг глаз. С мимическими морщинками и припухлостями справляются на какое-то время, спустя которое все возвращается. Во время использования есть небольшое покалывание. Могут съезжать вниз, нужно поправлять",Благодарим за Ваш отзыв. Рекомендуем попробовать и другие продукты бренда. Данные патчи вызывают покалывание в рамках нормы - обеспечивается лимфодренажный эффект. Оказывают накопительное действие. Приятного использования и удачных покупок!
0,5,colorless,"Вкусняшкааааа!рада,что заказала!вкус шоколада 👍😋🔥я в восторге",
0,4,,"Вот даже не знаю кто это ВБ или поставщик… товар в двух запаянных пакетах, но обе пломбы надорванны и в пакете одна таблетка","Благодарим Вас за покупку и лояльность к товарам нашего бренда. Приносим свои извинения за произошедшее. Проверяйте, пожалуйста, товар в пункте выдачи, либо у курьера. В случае отказа от покупки денежные средства будут отправлены Вам на карту, с которой данный товар был оплачен. Мы дорожим мнением каждого покупателя о нашем товаре, поэтому контролируем качество наших товаров и постоянно ведём работу по поддержанию их высокого качества. В случае, если на этапе доставки у товара были утрачены его свойства, были обнаружены его повреждения, дефекты, ошибки комплектации, Вы можете сообщить о ситуации в разделе Обращения в Личном кабинете, чтобы исправить и избежать повторения. Для нас очень важен и ценен каждый наш клиент и мы надеемся, что Вы останетесь вместе с нашим брендом. "
10003191,3,"коричневый, хаки","Синтетика чувствуется, яркий красивый.",
0,3,,"Упаковано хорошо, а когда распечатали, то на самом пакете дырка:(",
10004214,5,черный,"Очень тёплая, только немного колется, думаю это пройдёт",
0,5,"livery"":fals",Приехала быстро и качество хорошее,"Добрый день! Очень рады, что Вам понравилась наша продукция. Спасибо, что нашли время написать отзыв, надеемся в дальнейшем видеть Вас нашим клиентом. С уважением, команда Барс!"
0,5,"серебристый, серый","Шапка очень красивая, глубокая, думаю, тёплая. Мех шикарный. Спасибо производителю за изделие и за ответы на вопросы!","          Здравствуйте, Елена! Благодарим Вас за отзыв  и оценку в 5 звезд! Мы очень рады, что Вы остались довольный качеством и стилем меховой шапки! Нам очень важно Ваше мнение, ведь мы стараемся для Вас. Рады, что смогли помочь Вам в выборе женской шапки для зимы.
          Чтобы следить за новинками нашего бренда, рекомендуем сохранить его в любимые, для этого нажмите на сердечко в правом верхнем углу! Приятных покупок и хорошего дня! С Уважением, Команда  SLAVA FURS
"
0,5,colorless,"Приятная расчёска с чудесным ароматом дерева.
Ранее была такой же формы «с любовью из Сибири» за 50 руб. 
Это дороже намного, но я не жалею о покупке. Расчёсывать волосы ей приятно. Может и ещё какой положительный эффект случится 😉","Добрый день! Большое спасибо за отзыв! Нам очень приятно, что Вы остались довольны товаром. Добавляйте нас в любимые бренды и узнавайте первыми  о появлении в нашем ассортименте новинок. Будем стараться и дальше радовать Вас качественными товарами по приятным ценам!

С любовью и признательностью, 
Ваша ОптимаБизнес
"
0,5,синий (осн.),"тоже понравились, взяла их. пуговиц конечно многова-то, но к этому привыкаешь.",
10002632,3,фиолетовый,"После поильника Avent решила попробовать этот и разочаровалась. Ребёнок привык поднимать поильник вверх, чтобы попить, а с этим так не получится. Трубочка жесткая и прямая, в отличии от авентовского (где трубочка мягкая и гнущуюся, что позволяет поступать воде при любых положениях поильника). Через 2 месяца использования появились желтые пятна (хотя сок туда я не наливала). Есть труднодоступные места, отчего крайне неудобно убрать грязь. В общем, нам не понравилось.","Добрый день! Спасибо, что поделились впечатлениями. Трубочка-носик силиконовая, нежёсткая, она сгибается и при закрытии крышки складывается под задвижку. Рекомендации по уходу есть на этикетке поильника. Очень важно после каждого применения промывать все части, а также всё тщательно просушить. Промывать можно в тёплой воде, в труднодоступных местах использовать ёршик, также можно стерилизовать паром или кипячением. Не собирайте поильник обратно, пока не убедитесь, что все части высохли. "
0,3,бежевый,"Купила за 5.74 бел. Руб. 
Хотела для ребенка, но после первого же использования покраснели полностью губы и вокруг - аллергия.  Теперь пользуюсь сама - всё отлично, но очень малый объем.",
0,4,коричневый (осн.),"Неплохой купальник, верх очень красивый. А вот низ: трусы очень высокие, и постоянно надо подворачивать пояс. На свой 44 брала 32.",
10002337,2,серый,Прислали не тот товар,
0,3,,"Сначала решила, что пропало обоняние, но потом выяснилось, что все в порядке, просто аромат ванили присутствует только в названии.",Добрый день! В данный момент масла выпускаются с умеренной отдушкой. Спасибо за обратную связь!
0,2,розовый,"А мне комбинезон не очень понравился, какой то затертый и присутствует запах",
0,4,colorless,"Набор неплохой, но одноразовый). все пришло целое. пушистый кристалл(на фото) растет быстро на глазах))), но рушится, к сожалению от малейшего прикосновения пальцем. поликристаллы получились интересными на ниточках, но тоже рассыпаются прям в руках на кристаллики. монокристалл с первого раза не получился, переделать пока не пробовали. Сыну 6 лет, очень просил набор этот, делала, конечно, все только я, он смотрел и удивлялся)).",
0,5,,"Сироп пришёл целый, упакован в коробочку и плёнку, немного повреждена крышка, слегка, но это никак не повлияло на целостность, сироп на вкус приятный, спасибо. ",Добрый день! Спасибо за отзыв! 
0,4,"молочный, мятный","Девочки, платье очень красивое, хорошо пошито. Но! Как писали предыдущие отзывы на очень худеньких девочек. На девочку ростом 130, весом 32 кг размер 146 не сошёлся вообще, очень узкое. А так супер красивое.",
0,2,серый,Тёплый но через 2 недели носки весь в скатался выглядит просто ужасно….,"Добрый день. Очень жаль, что Вам не понравилась покупка."
0,4,хаки,"Хороший комбез,на 44-46 взяла 44. Ткань практически не мнется. На рост 165 сел идеально, выше щиколотки на 3 см. Но цена завышена. Оставила. С аксессуарами выглядит нарядно.","Добрый день!Спасибо за ваши добрые слова! Будем ждать ваших новых заказов. Носите с удовольствием!Хорошего дня, "
0,2,голубой,"Комплект упакован, претензий нет, но качество - полное разочарование. Это не поплин, больше похоже на марлевку. Рисунок размыт. Такое впечатление, что пришла какая то подделка.",
0,4,"белый, розовый","Упаковка грязная и порвана в нескольких местах ,на подарок не подойдёт , поэтому отказ ","Здравствуйте! Благодарим Вас за оставленный отзыв. Мы очень сожалеем, что Вы вынуждены были отказаться от покупки по причине получения товара с упаковкой ненадлежащего качества. Мы передаем на склад комплекты исключительно в целых и чистых упаковках, возможно упаковка повредилась во время транспортировки. Надеемся видеть Вас снова в числе наших клиентов!"
0,3,"коричневый, темно-коричневый",Сумка красивая приятная на ощупь НО она Очень и Очень тяжелая как кирпич...а уж если в нее кошелёк да еще и ключи да еще и обед на работу... в общем отказалась(,
0,5,черный,"Неплохие кеды ,заказывал 9 размер 42 ,все четко по размеру ,за свои деньги очень достойные .Спасибо продавцу ",
0,2,colorless,Ужасно. Один крахмал. Не рекомендую,"Здравствуйте. Спасибо за обратную связь. Состав наших продуктов не содержит крахмала, В данном конфитюре одни ягоды."
0,1,черный,качество ужасное,
0,4,"салатовый, серый, белый","Шарики хорошие, но одного не хватает, всего 49",
0,2,colorless,"Похоже на подделку - очень плотные, мало влажные, с задачей, в отличие от других собратьев, не справились","Здравствуйте, благодарим вас за отзыв! Нам очень жаль, что товар не оправдал ваших ожиданий! Товар оригинальный. На данную продукцию оформлена Декларация о соответствии ЕАЭС № RU Д-KR.PA01.В.83452/21  от 02.04.2021. Проверить можно на сайте https://pub.fsa.gov.ru/rds/declaration."
10003003,5,белый,"Хороший наматрасник ,на матрац 100/70 подошёл отлично 👍 ",
0,3,белый,"Ниже, чем на фото, хотя размер соответствует. Мне такие сейчас неудобны.",
0,3,"белый, серый",Стирают плохо.," Добрый день! Данный набор очень популярен, что подтверждает  масса положительных отзывов покупателей. Жаль, что Вам товар не подошел. "
0,3,colorless,"линза вся в царапинках, обидно",
0,4,розовый,"Очень тяжело гладить, материал грубый",
0,1,colorless,Очень густой. Как База. После обезжиривания не блестит.,"Здравствуйте! Возможно недосушили топ. Попробуйте просушить непрерывно 1 минуту. Обратите внимание, если ваша лампа служит вам больше года, то она уже не даёт прежнюю мощность. Следует увеличивать время полимеризации."
0,2,синий,Запаха ноль.,Добрый день!Спасибо за Ваш отзыв и выбор BREF! На сайте WILDBERRIES доступны к заказу BREF Perfume Switch с более выраженным ароматом.С наступающими праздниками!
0,3,"бордовый, розовый","Ткань тонкая , швы кривые , после стирки местами разошлись . Так что перед стиркой лучше прошить еще разок на машинке.","Добрый день, спасибо за Ваш отзыв! Нам очень важно, чтобы товары для дома Letto приносили только положительные эмоции. Хочется отметить, что при соблюдении рекомендаций по уходу, ткань долго не снашивается и не линяет. Желаем Вам хорошего настроения и удачных покупок!"
0,3,,"Рваная упаковка, вес неизвестен",приложите пожалуйста фотографии
0,2,зеленый,Первый сильный ветер и градусник упал. Не помог даже двойной скотч.,
0,3,"черный, белый","Складывается такое ощущение, что эта фирма -подделка,белье делают где то в подвале,швы не ровные, нитки запутаны,ткань мятая,раньше белье этой фирмы было отличное,а теперь какой то ужас.","Здравствуйте! Спасибо за отзыв, Ваше мнение для нас очень ценно! Сожалеем о данной ситуации и приносим свои извинения. Мы обязательно учтем Ваши замечания и будем стараться в дальнейшем только радовать Вас отличным качеством обслуживания. С уважением, интернет - магазин Wildberries. "
0,5,светло-желтый,"Паста просто бомбически вкусная! Перепробовала много арахисовых паст, а главное всегда смотрю на состав. Здесь се идеально, кроме одного - уж очень быстро заканчивается так как баночка маленькая 😁",
10003003,5,белый,Отличный наматрасник. Спасибо.,
0,4,темно-синий,"На небольшую грудь. Ношу 46-48 (рост 164, 3 размер груди) мне оказалось тесно. Длина в пол,под каблук.",
0,3,розовый,Среднее качество,"Добрый день! Мы сожалеем, что постельное белье не оправдало Ваших ожиданий. Очень надеемся, что следующие покупки принесут Вам больше радости."
0,3,colorless,"Дополняю свой вчерашний отзыв. Данный кисель в готовом виде менее ароматный, косточек от ягоды малины практически нет. При открытии упаковки резкий запах кислоты (скорее всего лимонной), малиной как у ""Фабрика ягод"" и не пахнет. Цвет при растворении более бледный (скорее всего, крахмальной части продукта больше чем натурального экструдированного малинового сока). Качество киселя уступает по многим параметрам по сравнению с торговой маркой ""Фабрика ягод"". Товар был приобретен за 758 рублей за 1 кг. Цена очень завышена, и не соответствует качеству именно той торговой марки, которую прислали. К покупке данный товар не рекомендую.","Благодарим, что уделили время! Технология киселей одна, и в нашей компетенции ее охранять и контролировать. Мы не используем экструдированные соки, у нас даже нет такого оборудования. Мы используем натуральные измельченные ягоды. Лимонная кислота это только регулятор кислотности продукта, она соответствует ТР ТС 029/2012. Норма закладки  менее 0.1%. Лимонная кислота не имеет запаха. Приятных Вам покупок! Пробуйте также арт. 12216078, и новинку арт. 12989076. "
0,4,зеленый,"Босоножки, конечно красивые и на высокий подъем подойдут и в размер, но на узкую ногу и за 4000 они должны быть безупречны, а каблуки какие то как помыты мокрой тряпкой, разводы от воды и повреждения, хоть и незначительные, отказ","Добрый день! Большое спасибо за оставленный отзыв - для нас это очень важно! Но по вопросам брака и % выкупа, обращайтесь пожалуйста в раздел ""Проверка товара"" В личном кабинете. С уважение, Milana."
0,3,черный,"Две линзы в комплекте, хотя на упаковке написано три. Качество исполнения среднее.",
0,3,бордовый,"К сожалению, как бумага на ощупь ( хотя размер мне понравился",
0,1,,"Банка, как и у многих, пришла разбитая. К сожалению, обнаружили это уже придя домой. Вкус оценивать не рискнули, так есть мелкие осколки стекла. Поставщику, очевидно, следует продумать более надежную упаковку, учитывая ""бережное"" отношение к посылкам службы доставки.","Алексей, добрый день! Жаль, что баночка была повреждена во время транспортировки(. Мы очень хотим, чтобы заказы продукции ""Иван-поле"" радовали покупателей, поэтому хотим выслать вам целую баночку этого десерта бесплатно! Пожалуйста, напишите на нашу почту (вы можете найти ее на сайте нашего интернет-магазина) или позвоните по телефону горячей линии (указан на каждой упаковке), будем ждать. Надеемся, что продукт в итоге заслужит вашу высокую оценку! 
Мы работаем над тем, чтобы сделать упаковку более крепкой и надежной, очень надеемся, что совсем скоро таких проблем больше не будет возникать."
0,3,прозрачный,"Не самые лучшие патчи, которые я пробовала. Очень тонкие, рвутся. С отеками справляются, мелкие морщинки разглаживают. Храню в холодильнике. Упаковка была хорошая, имеется лопаточка. За эти деньги можно купить патчи лучше.","Добрый день. Спасибо за Ваш отзыв. Толщина патчей сделана для Вашего комфорта, чтобы Вы могли нанести их, и заниматься своими делами, не ощущая дискомфорта при носке. Для того, чтобы удобнее было извлекать из баночки, в комплекте есть удобная лопатка. Приятного применения Вам."
0,2,"белый, розовый","Жесткая и грубая, не понравилась","Здравствуйте!Спасибо, что нашли время и поделились с нами своим впечатлением!Для изготовления комплектов постельного белья и простыней применяется  традиционная российская бязь, выполненная из натурального хлопка, плетение нитей происходит полотняным способом( крест-накрест). Плотность бязи для изделий составляет не менее 120 г/кв м, при таком  показателе вещь считается качественной и долговечной. Для смягчения ткани рекомендуем при полоскании добавлять кондиционер. Возможно Вам больше подойдет постельное белье из сатина. Эта ткань считается более мягкой и приятной на ощупь за счет того, что при ее плетении используются более тонкие нити."
0,2,,"Очень термоядерная, после неё нужно отмывать ванну и себя хорошенько.","Благодарим Вас за обратную связь. Эфирные масла мяты и эвкалипта имеют сильный аромат и чтобы привыкнуть к нему, требуется немного времени."
0,4,фиолетовый,Упаковка вскрыта.,"Добрый день! Спасибо за выбор нашей игрушки подушки и обратную связь. Приносим Вам свои извинения за состояние упаковки. Надеемся, игрушка принесёт массу положительных эмоций! С уважением, Фабрика детского счастья Мякиши."
0,4,белый,"Укулеле пришла в челости, но с маленькими чарапинами и не докрашена в одном месте. А так давольна, играю каждый день.",
0,4,желтый,"3 раза заказывала 38 размер и 3 раза привозили 39! Хотя на сайте 39 размер распродан. Так вот он есть и его много! Ботинки хорошие (брала такие красные и хотела взять еще жёлтые) и им 5, а сборщикам заказа 1.",
10000707,3,коричневый,"Сомнение, что это кожа, как заявлено. Выкупила.","Добрый вечер!
Вы наверное не достаточно внимательно ознакомились с описанием к данному товару, все наши изделия изготовлены из искусственного материала премиального качества.
Вам не стоит переживать за качество изделия, так как все наши изделия проходят многоступенчатый контроль качества на прочность и износостойкость.
Будем рады Вас видеть в числе наших постоянных клиентов.
С наилучшими пожеланиями, VICUNA POLO ."
0,1,белый,Прислали для холодной,
0,1,"серый меланж, белый, черный","Бабушкины трусы.красная цена 50 руб.Указан 42 размер,но по факту все разные,на белых выемка для ног маленькая,из-за этого врезаются в попу.не советую.",Добрый день.Все трусы выглядят именно так на фото.42 размер производителя соответствует 48 российскому размеру.Покупатели трусы хвалят.
0,4,черный,"С виду не плохие, НО очень большемерит. У меня четко стопа 26 см.","Здравствуйте, спасибо за ваш отзыв. Досадно, что кроссовки не подошли. Чтобы определиться с размером, рекомендуем при оформлении заказа свериться с размерной сеткой на странице товара, посмотреть размер на вашей паре обуви adidas или изучить комментарии других покупателей.
"
0,1,colorless,"Не удалось попробовать... Заказала 500 грамм, а прислали 100 грамм, и это при покупке онлайн! Прикольно, за 700 рублей получить шоколадку 100 грамм.",
0,4,серебристый,Красивое колечко,"Здравствуйте, большое спасибо за отзыв, очень рады, что Вы довольны покупкой! И спасибо за то, что своим отзывом Вы помогаете делать выбор другим покупателям! "
0,1,серебристый,"Пришла другая цепь весом меньше , 8 грамм ?! Хотя заявлено минимальный вес 12 грамм в размере 40 ! ",
10002627,2,белый,"Очень красивый и стильный, ребенку понравился,на этом плюсы закончились... Течет ручьями. Столько будешь держать,столько будет капать. Брала специально непроливайку,чтобы пить компот,по итогу всё в лужах и липнет, брала с собой в рюкзак и там лужа. Собираю правильно,всё проверила,вставляю силиконовые части плотно.","Добрый день! Напишите в заботливую службу поддержки Twistshake, контакты есть на упаковке или VK Twistshake | Детская посуда мы все проверим, думаем, что точно сможем Вам помочь и вы сможете исправить вашу оценку. "
0,1,черный,"Вот так так вчера ещё 890 рублей... Краска хороша, только с ценой не согласна.",
10002333,2,черный,Пришёл весь грязный. Отказ ,"Здравствуйте. Благодарим вас за отзыв. Просим в таких случаях обращаться к оператору пункта выдачи, чтобы мы могли своевременно изъять из оборота такой костюм. Просим наших покупателей относиться бережно к вещам во время примерки!"
0,2,ярко-красный,"К сожалению товар пришел как-то странно упакован: в картонной коробке! Продукт внутри какой-то неестественно жидкий, как сок с мякотью((  на пасту совсем не похож! Отказ!",
0,2,зеленый,"Для дома это платье самое то, но не за эту цену,  за 200 рублей да, но не за 660(( Очень тонкое,  без форменное,  и только зайца по бокам немного украшают. Цвет ну оочень бледный.","Здравствуйте,Илона. Детская одежда нашего бренда изготовлена из 100% хлопкового полотна. Детские платья отвечают всем модным тенденциям 2022 года. Наша компания знает, как одеть ребенка. Летнее платье миди можно носить как  платье для отдыха на море, так и повседневное в садик.  Купить детское платье можно в нашем магазине IVASHKA. Рекомендуем рассмотреть артикулы 34529264 и 52472985 в качестве летней одежды в летний лагерь или дачу. 
С уважением, бренд IVASHKA
"
0,4,,"База приятно пахнет,вроде плотная (в работе ещё не пробовала). Но! Уже кем то была открыта,при том зубами. Мелочь,но неприятно)","Добрый день. Благодарим Вас за обратную связь. Мы рады, что Вы довольны нашей базой. Со своего склада мы отправляем все в целости и полной комплектации, возможно, крышка флакона была повреждена при транспортировке."
0,4,colorless,"Даже как-то обидно, всем нравится, а мы с мамой чувствуем вкус рыбы, очень неприятно есть. Когда только открыла крышку сразу бросился запах рыбы
Но придётся есть ложечку в день так как он полезен. ",
0,3,голубой,"Не плохая сумка,но по размеру большевата. Присутствует перламутр в оттенке. Цену конечно задрали,я заказывала за 2700,сейчас 4500.
Не стоит она 4500. Кожа грубая.","Нам очень не хочется "" Задирать цену"", но цена на кожу с марта выросла на 15%, на фурнитуру на 60%. А доставка в вб к заказчику, за которую платит поставщик, за последний год увеличилась в пять раз... Увы, мы вынуждены повышать цены"
0,4,голубой,Товар соответствует всем пораметрам.,
0,5,,"Хорошая миллиметровка, цвет ""глаза не   режет"", спасибо!",
10003214,2,белый,"Запах чувствуется только когда  брызгаешь, как только капли осели никакого аромата не остаётся. Бесполезная вещь","Добрый день! Спасибо за отзыв. Сожалеем, что использование средства не оправдало ваших ожиданий."
10002975,1,зеленый,Отличный товар в качественной упаковке,"Большое Вам спасибо за Ваш отзыв. Мы рады, что Вашему ребёнку понравился наш тренажёр . Желаем его долгого использования Вашими детьми  и не забывайте о безопасности при прыжках))!  У нашего бренда Moby Kids есть ещё самокаты и другие товары для спорта и отдыха для детей))
"
0,1,,"Пришли наклейки с литл пони,вместо татуировок!!завтра их хотели использовать на Хэллуин. Ещё раз убеждаюсь,что надо перестать заказывать что-либо на этом сайте. Очень много раз приходил или не тот товар,или товар ненадлежащего качества...",
0,4,,"На самом деле, книга не про древний мир в целом, а про Древний Египет + немного о мифах других древних цивилизаций. Сын, 6,5, заказал, но мне кажется, для такого возраста сложновато.","Здравствуйте! Для того, чтобы Вам определиться с целесообразностью приобретения данной книги, мы размещаем содержание и развороты."
0,4,colorless,"Ребята, честно... Надоело засохший брать))
Мне нравится свежий, до этого заказывал 4 банки. 
Когда свежий беру) Не свежий, возращаю)",Благодарим за обратную связь)
0,2,белый,"После того как кастрюльки  постоят в холодильнике с едой, или в них что-то покипит на плите, появляются вот такие странные разводы. 😱Есть подозрение что это окисление. Легко отмывается пемолюксом и водой. НО , непонятно, несёт ли это какой-то вред для здоровья?… 😨Сами кастрюли красивые, когда чистые и пустые… А так, – страшно.! Может кто-то подскажет что это может быть?","Здравствуйте! 
Разводы возникают из-за пара, который возникает во время варки. Пар может удерживаться на рельефной поверхности кастрюли.
Пар остается на рельефной поверхности кастрюли  и виден из-за белого цвета кастрюли.

Налет, который образуется из-за пара, абсолютно безопасен для здоровья. Турецкий производитель “AVSAR EMAYE” гарантирует безопасность изделий для здоровья.
Налет легко смывается .
"
0,2,серый,"Заказала кофту Lucky Child, арт. 756116, к сожалению доставили абсолютно другую - тонкую, больше похожую на распашонку, поэтому оценить качество товара не представилось возможным(((",
0,1,,"Отклеена защитная мембрана,количество таблеток не соответствуют указанному на флаконе количеству.","Добрый день, Ольга! Спасибо за Ваше сообщение. Мы очень сожалеем, что Вам пришлось столкнуться с подобной ситуацией. Проблема могла возникнуть в связи с ошибкой при перевозке заказа со склада WILDBERRIES. По вопросам возврата денежных средств или обмена мы рекомендуем обратиться в службу поддержки клиентов WILDBERRIES. С уважением, команда АСНА."
10002270,3,,Истекающий срок годности!,"Добрый день. Мы сожалеем, что вам достался набор с малым остаточным сроком годности. Но масло может храниться и дольше, указанный срок- законное требование, необходимое для реализации подобных продуктов."
10004020,1,сиреневый,"Слайм приятный для рук и ""жмяканья"" действительно как ""масло"". Но при покупке был разноцветным, а когда дочь начала играть, стал серым за считанные минуты. Не советую, если цвет ребенку принципиален.👎👎👎👎👎",
0,3,синий,"Платье идёт в размер, цвет не совпадает. Не понятно зачем в заде платья разрез если сверху накидка идёт. Вместо цветка пришла непонятная маленькая брошка. Расстроены, поэтому отказ. ",
0,4,"серый, розовый","Комбинезон хороший)но я заказывал размер 50-56,а пришёл 56-62(((но все ровно оставила на вырост)",
0,3,голубой,Качество хорошее но швы неровные. Для такой цены нужно контролировать все это(((. Доставка хорошо работает ,
0,2,,"Не смогла оценить по достоинству, ибо пришли протекшие.возврат",
0,3,бежевый,"Качество среднее. Маломерит. Если сомневаетесь в размере берите на размер больше. Печально, что нельзя примерить, т.к. он запечатан и оклеен «стерильно». Не понятно зачем вообще ",
0,1,темно-синий,"Заказывала как зимнюю обувь. Внутри только кожа. Это совсем не зима. Жалко процент выкупа из-за неточного описания!! В остальном - цвет как на фото, носок круглый, идут на широкую стопу. Одна звезда за неточное описание - для покупок в интернет магазине это очень важно, особенно, когда это отражается на проценте выкупа.",
0,4,пудровый,"Боди чё то прям сильно маломерит, и разница месту 74 и 80 в сантиметр 🙄 выкупила все таки 80, и какого было моё удивление, что 80 р на 6,5 мес и 72 см  был почти в притык. В рукавах 0.5 см, под попой так же могу оттянуть пол сантиметра. А вот с горловиной мне не совсем понятно, вырез должен быть почти на плечах что ль? 😂 Или в горловине большой? Кароч, как не крутила его, как не вертела, не поняла 💁‍♀️ и да, надеюсь что после стирок никаких разводов и пятен не окажется",
0,5,черный,"Хороший телефон! Легкий, шустрый) Для ребёнка за такую сумму идеальный! ",
0,2,colorless,"Треть банки кости, попалась часть спинки с хвостом. По вкусу сьедобно. Желе мутное. Брала на пробу, больше брать не стану","Добрый день! Благодарим вас за отзыв и обратную связь. Сожалеем, что вам не понравился продукт. Мы стараемся, чтобы наш товар становился лучше и учитываем каждый комментарий. Желаем Вам приятных покупок!"
0,5,черный,"Отличная кисть, чуть сплюснута. Не уверена, что подойдет для тушевки, если только что-то немного подтушевать, а вот наносить тени ей вообше кайф, рекомендую","Здравствуйте! Благодарим Вас за отзыв и высокую оценку! Нам очень важно, чтоб покупатели получали удовольствие от использования продуктов LIMONI. Надеемся, что и все последующие покупки будут полностью оправдывать Ваши ожидания, например  Карандаш для глаз Precision Eyeliner (арт. 6984760). С уважением, команда LIMONI"
10001392,3,бежевый,"Пудра не понравилась, плохо ложится, не понимаю восторженных отзывов, несмотря на 2 тон-белая как мел","Здравствуйте. Нам искренне жаль, что товар вам не подошел и покупка не принесла вам самых положительных эмоций. В нашем каталоге присутствует большой ассортимент аналогичного товара, и вы всегда можете подобрать что-то именно для себя. Если вы сомневаетесь в том, подойдет ли конкретный продукт именно вам, вы можете задать вопрос касательно его свойств в разделе ""Отзывы и вопросы"". Представитель бренда ответит вам в самые короткие сроки. Спасибо за ваш отзыв: он поможет нам в будущем оправдывать ваши ожидания касательно качества товара или сервиса."
0,1,"серый, коричневый, голубой",Второй раз приходит комплект с дефектом. Сейчас вообще с порезом упаковки и ткани. Слов нет...,"Добрый день! Спасибо за Ваш отзыв. Нам очень жаль, что полученный товар был доставлен Вам в ненадлежащем виде. Данный инцидент мог произойти во время вскрытия партии товара на складе магазина. Магазин обещал взять под контроль данную проблему. Надеемся, что вновь заказанные товары будут соответствовать всем параметрам качества. Ваш отзыв был передан для проведения разбирательств."
0,4,серый,"Тапки крутые, но пришли с бумбонами на разном расстоянии:(","Юлия, такое очень редко, но случается, когда помпоны могут быть пришиты не симметрично. Просим проверять тапочки перед покупкой. Приносим свои извинения."
0,1,черный,Не рекомендую!!! Заказали в прошлом году в конце сезона. После месяца носки треснула подошва.,
0,1,,Прислали какой-то чай который я не заказывала,"Здравствуйте! Приносим извинения за предоставленные неудобства. К сожалению, в разделе отзывы личные заказы не отображаются, и мы не можем уточнить детали Вашего заказа и доставки. Благодарим, что сообщили нам об этом. Перед каждой отправкой товара на склад, мы контролируем сроки годности и тщательно проверяем комплектацию и целостность упаковки товара. Мы понимаем, что Вы были огорчены, получив продукт не верной комплектации и рекомендуем Вам проверять  товар в пункте выдачи заказов. Просим Вас сообщить о ситуации в разделе Обращения в Личном кабинете. Мы и служба логистики Wildberries стремимся к тому, чтобы заказы были доставлены в целостности и в кратчайшие сроки. Благодарим за понимание! "
0,3,"красный, белый","Пришел розовый-- не красный, перекошенный.","Органайзер доставляется в сложенном виде и ему нужно время, чтобы расправиться. После того, как вы заполните его лекарствами, он примет нормальную форму. "
0,2,синий,"Тапочки классные,но,что ж за безобразие такое,за немалую стоимость для домашней обуви приходит бракованый товар.Судя по отзывам,не одна я столкнулась с такой проблемой.Очень жаль...",Приносим свои извинения за данную ситуацию! Такое случается из-за сложности прошива натурального пера.
0,3,темно-синий,"Слишком широкий, большемерка, рукава длинные, материал тонкий, пришёл пиджак весь мятый, не стали выкупать",
0,4,бежевый,Маломерит на 2 размера,"Добрый день, Юлия. Спасибо за мнение. Для нас это очень важно. Мы сожалеем о том, что вашей девочке не подошла толстовка по размеру.  Все дети разные, у каждого из них свои индивидуальные особенности. Обращаем внимание, что размер подбирается исходя из физиологических особенностей ребенка. Если у Вас возникают сомнения по выбору размера, Вы всегда можете обратиться к нам в разделе «Вопросы», и мы предоставим более детальную информацию замеров каждого изделия. С уважением компания Lucky Child"
0,2,синий,"размер 40 подходит на 58-60.  при ношении джинсов происходит окраска синей краской белой обуви  и все что  к ним прикасается :сумка ,куртка. это плохо",Добрый день! С данной ситуацией разбираемся. Приносим свои извинения! Хорошего Вам дня!
0,5,красный,Отличные трусики.,
0,4,белый,"Коврик сильно пупыристый. По всей поверхности как звездочки. У трехмесячного малыша, одетого  в бодик на голых ножках остались следы от коврика. Складки/бороздки глубокие, из-за этого поверхность очень неровная. Брала для начала ползанья, но в покупке разочаровалась. Возможно будет удобен для деток постарше. Из плюсов нет никакого запаха. ",
10000390,4,черный,"В составе нет хлопка, 70% вискоза. Размер Л реально на 52 и высокий рост. На мой 46-48 и рост 162 просто огромный мешок с длиннющими рукавами. Хотя я люблю оверсайз, но это не тот случай .","Спасибо за внимательность! Состав исправили. С уважением, modify."
10000508,5,черный,"Сумка хорошая, немного габаритные.  По качеству хорошая. Мне понравилась. Буду носить с удовольствием.","Здравствуйте! Благодарим вас за отзыв и желаем вам долгого и приятного пользования! Для получения информации о наших новинках, вы можете поставить отметку ""Нравится"" бренду Dizzolino, для этого необходимо перейти на страницу бренда, кликнув на логотип Dizzolino в карточке товара и нажать на сердечко. У нас очень много стильных, модных и интересных сумок и рюкзаков Российского производства, будем вам очень рады!"
0,4,,Брала много разных вкусов..банан так себе...,"Спасибо за отзыв,Бананы мы сами сушим и по качеству они лучше получаются  , ну видимо не ваш вкус)"
0,1,молочный,"Пришёл не того размера, который заказывала.",
0,1,синий,Вообще не пахнет!,
0,3,"прозрачный, черный","Зонтик большой и симпатичный, но отказ из за царапин, которые скоро могут порваться. Прошу не учитывать в процент выкупа.",
10003212,2,белый,"Аромат лаванды приятный, но еле уловимый и выветривается за 5 минут, сколько ни распыляй","Добрый день! Спасибо за отзыв. Сожалеем, что использование средства не оправдало ваших ожиданий."
0,5,"молочный, темно-коричневый","Нормальная кофта. Материал достаточно тонкий, как на фуфайках. Размер 110-116 на рост 110 с совсем маленьким запасом. Так что слегка маломерит. Рукава из более бежевого материала, чем на фото. Оставили, т.к. со скидкой вышло дешево. Но думаю, что не стоит составлять из нее комплект со штанами; может смотреться как пижама",
0,5,красный,Отличный костюм. Очень тёплый.,"Спасибо Вам за ваш отзыв, очень рады, что Вам все понравилось! Носите с удовольствием!"
0,1,"прозрачный, черный",Я в шоке. У меня такое впервый раз. Распоковою зонт а он сломон просто сломанная трость и дырка большая в зонте. Ужасное качество,"Здравствуйте! Мы искренне сожалеем, что товар был доставлен  в ненадлежащем состоянии, и приносим свои извинения. . Благодарим, что не оставили без внимания и сообщили нам. Будем стараться, чтобы впредь подобного не происходило, и Вы всегда оставались довольны покупкой и качеством обслуживания. С уважением, Wildberries."
10004091,5,черный,"Уже лет 12 покупаю бюстгалтеры только этой фирмы. Так как грудь большая, модель подобрать тяжело. У Инканто идеальные лекало и отменное качество, им нет сноса!!! Грудь всегда смотрится в них шикарно!!! И вот сейчас, когда беременна, встал вопрос о покупке бюста большего размера. На параметры 84/104 заказала 5D. Модель села идеально, грудь держит просто супер. Но на лямке есть дефект, заводской брак(((( Буду перезаказывать точно такой же!!! Прошу не снимать процент выкупа.",
0,3,"серый, розовый",Узкие гчень,"Лиана, при первой примерке может показаться, что тапочки очень узкие. Но они быстро разнашиваются и становятся больше. "
0,2,черный,Очень понравилась лампа. Но прослужила меньше месяца( очень обидноШтекер слабенький,
0,5,,"Упаковка не большая, думала чуть больше будет, ну так тоже не плохо, чай не пробовали, так как для подарка, все целое, пришло быстро","Здравствуйте. Спасибо за Ваш отзыв, мы его очень ценим. Очень рады, что наш продукт Вам понравился и Вы получили удовольствие."
0,3,розовый,"Постельное белье хорошее. Но в описании наволочка 50*70, а прислали 70*70. Отказываться не стала, но придется подшивать. За это сняла звезды.","Добрый день. Благодарим вас за отзыв. Нам очень важна обратная связь от покупателей. Информация  в магазине будет проверена и скорректирована. Если вы обнаружили брак, вы можете отказаться от покупки или сдать товар."
0,1,бирюзовый,"Браслет просто отвратительный, приложение к нему очень плохо работает и порой не понятно, что это за настройка, фазы сна не фиксирует, очень пожалела, что взяла ",
0,1,белый,"Струны говно откровенное,не поддаётся настрою,краска и качество покраски сплошные слезы ",
0,2,бежевый,"Простынь несоответствунт заявленным размерам, еле натянула на матрас, при заявленной высоте матраса 20см высота бортов по швам 18！остальные размеры тоже удивили 190х165 （возможно и меньше просто на матрасе растянулась） - в боках швы сьехали еще и сильно в натяжку, качество материала тоже не особо, оттенок желтоватый",
0,3,оранжевый,На фото результат после первой носки. Отвратительно сшит. Нитки вытянулись между ног. И это его еще не стирали! В общем качество оставляет желать лучшего...,
0,2,белый,Пришёл не такой как на картинке вообще на другой планшет,
0,5,,"Не описать, в каком я восторге от этих штук! Использовала раз в неделю. За пять ""сеансов"" полностью избавилась от черных точек",
10003930,1,черный,Тонкий и с запахом химиката,
10003617,3,"черный, красный","Хлопка там меньше, чем заявлено",
0,1,красный,"Сумка маленькая,прямо как детская))",
0,3,черный,"Возврат , неправильные размеры , прошу не учитывать процент выкупа очень обидно ",
0,4,"красный, бордовый, винный, красный бархат, вишнево-красный, малиново-красный, красный каркаде, малиновый, вишневый","Цвет не соответствует фото , ждала красный , пришёл бардо . Расстроена","Добрый день! Благодарим вас за положительный отзыв, рады что вы выбрали гель лак для ногтей LIANAIL. С гель лаком для маникюра LIANAIL вы будете в центре внимания.
Рекомендуем попробовать такие продукты как : база для гель лака LIANAIL и топ для ногтей LIANAIL
Приятных покупок! Надеемся увидеть вас снова."
0,3,темно-голубой,"Цвет не соответствует вообще!!! Пишут, что пыльно синий, а по факту голубого цвета да ещё и с перламутром. Поэтому отказ. Но к качеству нареканий нет. И ещё... Лямки на рост 175см по длине малы. Реально см 10 не хватает.",
0,5,коричневый,"Отличный держатель!Очень удобный,вешается элементарно,не мешает закрыванию дверцы у шкафчика.Всем рекомендую.",
0,2,,"Не очень довольна. Плохо смывается водой, остаётся жирная плёнка. Думаю, для такого товара это недопустимо. Требует дополнительного смывания водой. Косметику вообще не растворяет.","Здравствуйте. При использовании гидрофильных масел необходимо учитывать следующие моменты: 1. Предварительное снятие макияжа необходимо, т.к. очищающее масло направлено на глубокое, а не поверхностное очищение кожи. 2. Обязательно смывать гидрофильное масло теплой водой. 3. После очищения гидрофильным маслом, рекомендуется умыться средством для умывания. Особенно, если кожа жирная или склонная к жирности и появлениям прыщей. "
0,5,colorless,"Впервые заказываю этот крем.Решила попробовать.Еще и цена за 100мл.привлекательная.У меня возрастная и очень сухая кожа.Сегодня утром нанесла на кожу.Крем плотный,хорошо ложится на кожу,неплохо впитывается.По ощущениям кожа шелковистая и,главное,не сухая.Рекомендую для сухой и очень сухой кожи.","Добрый день, Татьяна. 
Большое спасибо за такие теплые слова в адрес нашей продукции. Ваш отзыв — это отличный стимул для новых свершений и дальнейшего профессионального роста. Обещаем и впредь оправдывать ваши самые высокие ожидания и радовать интересными товарами. "
0,3,"бронзовый, золотистый, серебристый",Очень громоздкое с необпаботанеыми стыками. Абсолютно одноразовое.,"Добрый день! Жаль, что вам не понравилась эта модель как другим покупателям. В любом случае, благодарим вас за отзыв!"
0,4,белый,"Мне понравилось, не скажу что средство не оставляет разводов,присутствует лёгкая блёклость, но какая то другая чистота зеркала получилась, понравилось",
0,1,,"Какой персик? Какая груша и ваниль? Обсиканный кошачий лоток, который не мыли месяца два. Мускус. Животный мускус от которого глаза слезятся, как от нашатыря и сопли текут. А ведь был у меня два года назад махонький отливантик Кирке, который лежал в шкатулке, и не смотря на это завонял всю комнату. Наносила буквально два намаза кончиком палочки на крышке, а вонища стояла такая, что у сотрудницы на работе аж нос ""пробило"" и насморк прошёл. Все сказали, что духи капец какие вонючие. А тут пшики...Ну пшикнула, как получила и пошла  в Магнит, люди в масках обходили меня стороной, это ж какая вонь стояла**... Ума не приложу зачем купила эту вонючку ещё раз? Тем более тот отливант выбросила, вызывал рвотный рефлекс, а шкатулка до сих пор кошачей мочой воняет. Не понимаю хвалебных отзывов. ""В люди"" с таким ""амбрэ"" нельзя, объявят газовую атаку.",
0,4,антрацитовый,"Супер костюм. Хорошо сшит, тёплый, уютный. На рост 175 сел отлично. Но не понравились боковые вставки на брюках, которых не видно, потому что модель стоит к нам только передом. По мне они не украшают ножки. Только поэтому отказ.",
0,3,colorless,"Так себе. Сам кофе не вкусный, даже ароматизаторы не спасают ","Добрый день! Спасибо, что нашли время поделиться своими впечатлениями. Грустно, что этот продукт не впечатлил Вас. У каждого свои вкусовые предпочтения. Надеемся, что в нашем большом ассортименте Вы сможете подобрать для себя что-то более подходящее.  А мы будем стараться изо всех сил радовать Вас! С уважением, команда MAGICGROUP!
"
0,2,,Не очень вкусно. ,"Наталья, добрый день! Жаль, что этот десерт не оправдал ожиданий, ведь более 5 тысяч покупателей поставили ему высокую оценку и отметили насыщенный шоколадный вкус) Но на вкус и цвет...))) Спешим обрадовать вас - среди ассортимента ""Иван-поле"" есть две потрясающие шоколадные пасты - шоколадно-ореховая паста без сахара TobeNut и веганская ""Наэма"" и мы хотим отправить вам одну из них бесплатно! Пожалуйста, позвоните по телефону горячей линии или напишите на нашу почту! Надеемся, что выбранная паста вас порадует!)"
10003965,4,черный," Сапоги сами по себе очень хороши, и удобные и теплые и по ноге сидят красиво и аккуратно ,единственное ""но"" Это- Отслойка материала на каблуке, за это снимаю одну звезду, через неделю нОски облезли , отнесла в ремонт , сняли материал - покрасили теперь как новенькие , если будете брать лучше сразу сносить на снятие материала на каблуке и покраску ,чтоб неожиданных неприятностей не случилось","Здравствуйте! Спасибо за отзыв! Сожалеем, что сапоги не оправдали Ваших ожиданий в полной мере. Для нас очень важно, чтобы каждый клиент остался доволен покупкой. Будем стараться в дальнейшем только радовать Вас, высоким качеством и широким ассортиментом. Всего Вам доброго!
"
10000810,2,черный,"Только для документов и телефона,но цена ей рублей 700, легкая,запах к.зама,очень дешево выглядит,не на 2000р.","Добрый день.Все изделия модели Планшет рассчитаны исключительно под мелкие аксессуары (документы, телефон, визитницу и пр.), которые необходимы каждый день. Если вам требуется изделие с большим литражом, то можете рассмотреть модели рюкзаков или сумок делового стиля с короткой ручкой из нашей коллекции.Все наши изделия, выполненные из искусственной кожи, не имеют неприятного запаха. Та технология, по которой они изготавливаются, полностью это исключает. С уважением, Polo Vicuna."
0,3,,"Я пробовала настоящий женьшень улун. Должен быть сладковатый вкус на языке, как послевкусие. Этого вкуса нет, на деле просто хороший зеленый чай. ","Добрый день,Яна! В основном все отзывы на наш Улун Женьшень Премиум положительные, вам не понравился вкус и такое бывает, ничего не поделаешь) Рекомендуем вам попробовать другие товары из нашей линейки, уверенны - вы найдёте чай по душе!"
0,3,"золотистый, белый",Золотые шарики осень блеклые. Отказ,
0,1,черный,Отломался замок почти сразу,"Здравствуйте, пришлите, пожалуйста фотографии сломавшегося замка"
10003586,1,"синий, темно-бежевый","Пришел не тот товар, что указан.",
0,5,"темно-синий, молочный","Классные трусики. Качество ткани и пошива хорошее. Есть место под памперс. Неоднократно покупала вещи этой фирмы, качество всегда радует. ","Здравствуйте, Екатерина! Спасибо за доверие и за отзыв о нашей продукции. Мы очень рады,что Вы остались довольны.Для нас это очень важно. С уважением, команда LuckyChild."
0,2,"синий, сиреневый","В комплекте оказалось одна наволочка. Но во-первых, вскрывать до поеупки нельзя, а во-вторых я сразу в машинеу засунула...","Здравствуйте. Приносим Вам извинения за неполную комплектацию товара в заказе. При получении товара Вы можете проверить его. При обнаружении неполной комплектации, его можно вернуть сразу при доставке, уточнив причину возврата. По остальной партии товара будет проведена проверка."
0,4,"серый, синий","По качеству понравился тёмный боди,  серый пришёл  почему-то короче на 3см и шире,рукав тоже короче на 3см,ткань более рыхлая не понравился, жаль пришлось отказаться,если бы размеры совпадали забрала бы.","Благодарим Вас за покупку боди  и отзыв! Ждем Вас снова!

 Детская одежда LEO-лучше только мама!"
10000122,1,"розовый, серый",Дополняю отзыв. После стирки пятна так и не отстирались. 👎👎👎,
0,4,белый,"Светильник,  в целом мне понравился, внешний вид меня устраивал, но сломанный разъем меня не устроил, поэтому был оформлен возврат","Добрый день! Благодарим Вас за Ваш отзыв! Вероятно патрон поломался при доставке люстры со склада Вайлдберриз до пункта выдачи заказов. Мы никак не можем контролировать этот процесс. Но мы всегда готовы направить Вам новый патрон, если Вы обратитесь к нам напрямую. Наши контакты Вы можете найти на нашем сайте ""Северный свет""."
0,5,розовый,"Балетки, действительно, очень удобные, мягкие, сзади кантик мягкий. При моей длине стопы 24,5 и широкой ноге 38 размер впритык, как будто не хватает полразмера((. На кожу материал верха не похож. Изнутри на сгибе ""кожа"" немножко отслаивается и морщинится, т.е. слой там явно не один, как у натуральной кожи. Стелька кожаная. Запах приятный у туфелек. Подойдут для повседневной носки.",Уважаемый покупатель ! Выражаем Вам большую благодарность за хороший отзыв.
0,2,colorless,"Сделала тест на аллергию, пошла сильная реакция. Оценить не смогла, все индивидуально, но аллергигам точно не подойдёт.","Добрый день. Спасибо за Ваш отзыв. Нам искренне жаль, что товар не оправдал Ваших ожиданий. Не расстраивайтесь, в нашем бренде есть товары других категорий, которые вам могут быть по душе. Приятных покупок."
0,3,зеленый,"Колючая, жёсткая наволочка- даже после нескольких стирок","Добрый день. Для нас крайне важна обратная связь от покупателей. Для производства этих наволочек используется ткань производства Испании с высоким содержанием хлопка. Хлопковые ткани отличаются экологичностью, дышащими свойствами, высокой гигроскопичностью. У всех людей разные потребности и тактильное восприятие. Очень жаль, что наша продукция вызвала у вас негативные эмоции."
0,5,красный,"Хороший стойкий лак, мне очень понравился ❤️ и ещё он быстро высыхает большой ➕ спасибо за быструю доставку!❤️","Здравствуйте! Благодарим Вас за положительный отзыв и высокую оценку. Ваши приятные эмоции - лучшая награда для нас! С уважением, команда 14948537"
0,2,,"Не покупайте, просто химозная химия. Мне не понравился. Лучше тогда брать в аптеке, в стеклянной бутылочке, тогда есть эффект черники. А это для глаз ни о чем, да сахар с химозой, тоже ничего хорошего.  Повелась на цену и литраж.","Здравствуйте. Сожалеем, что Вам не понравилось. У нас есть много других сиропов, надеемся Вы сможете подобрать подходящий для Вас вкус!"
0,3,голубой,"Вчера получила комбинезон, качество хорошее, но он реально маломерит!!! сегодня померила, получается  до 58см.,  а не на 56-62р. очень плохо, т.к. брала в подарок,  наверно придется вернуть и покупать новый другого размера! очень неудобно! Брала со скидкой за 590руб. по обычной цене покупать бы не стала!",
0,5,черный,Необычайно красивые и удобные.,
10002977,1,морской зеленый,"Добрый день! Заказывала тренажёр для прыжков за 895р, пришёл набор машинок (фото прилагается). Сделала возврат, пришло сообщение деньги будут возвращены 795р. (фото прилагается), удержали 100р. за возврат. Почему? Безобразие, ошибка Ваша, а оплата за счёт покупателя? Прошу вернуть полную сумму или выслать соответствующий заказ.","Добрый день! Сожалеем, что произошла неприятная ситуация но, в данном разделе вам отвечает представитель бренда Moby Kids по качеству и характеристикам самого товара, а не сотрудник Wildberries. И тут Вы оценивает  сам товара, а  не сервис данной торговой площадки. Спасибо. Для того, чтобы оформить возврат, вам необходимо в вашем личном кабинете оформить заявку на проверку товара.
"
10000741,3,розово-коричневый,"Спустя неделю стали появляться катошки, подклад какой-то непонятный, тяжелое, на ощупь не очень приятное(колется), цвет на картинке темнее чем Реале. единственное что понравилось - силуэт. ",
0,4,синий,"Очень сильный запах, не выветривается",
0,5,синий,"Купила за 13500. Спасибо магазину за скидку. Пришел запечатанный, по доставке нареканий нет. В комплекте зарядка, бампер, иголка, на самом телефоне наклеена пленка, стеклом не назову, надо дополнительно покупать. Наушников нет. Телефон пока радует, легкий, шустрый, не тупит, камера хорошая ( хотя с чем сравнивать)) Хуже, чем у Айфона 7+, но гораздо лучше, чем у Xiaomi Redmi Note 4), делали снимки ночью - видно)). Есть распознавание лица, отпечаток пальца. Пока не очень привыкла, что он без кнопки.",
0,1,,Ничего не взошло. Не рекомендую!,"Добрый день. Некоторым растениям требуется больше времени на всхожесть. Если семена не взошли через несколько недель, то рекомендуем все же продолжить уход за растением и подождать еще немного. Также очень многое зависит от условий выращивания и полива, так как это живое растение. "
0,5,"серый, розовый","Мне видимо очень повезло,заказывала в 2016году сыночку,относили с удовольствием,практически не снимая,очень удобный,не линяет,стираем в машинке со всеми вещами,сносу нет😊.Более того мы отдали  комбинезон моей племяннице,а потом и сестренке,комбез как новый!Спасибо WB и Lucky child!",
0,2,белый,"Расстроилась , стекло не покрывает весь экран, оно меньше чем экран телефона! И обе салфетки были сухие",
0,5,серый,Купила обрезать пасынки и усы огурцов.,"Добрый день! Спасибо за отзыв, обратите также внимание на перчатки: GARDEN SHOW / Перчатки садовые нейлоновые с латексным покр, модель ""Мастер"", р9. Артикул: 11793491, GARDEN SHOW / Перчатки садовые с нитриловым покрытием ""Пушистики"", р8 Артикул: 12589077, GARDEN SHOW / Перчатки садовые с нитриловым покрытием ""Ягоды"", р9 Артикул: 12589080, GARDEN SHOW / Перчатки садовые с нитриловым покрытием ""Пушистики"", р9 Артикул: 12589078. Хороших покупок!"
0,2,, И правда звёздочка в носу стоит ... ,
0,1,"черный, прозрачный","Стекло хорошее, а чехол пришёл прозрачный...                                                           Заказывал из за чехла, поэтому 1 звезда.","Здравствуйте! Благодарим Вас за отзыв и положительную оценку нашего товара. Судя по описанию, при сборке Вашего заказа произошла ошибка, за что мы приносим свои извинения. Советуем Вам обязательно проверять любые товары на предмет наличия каких-либо несоответствий или брака сразу во время получения. Мы благодарим Вас, что несмотря на это недоразумение, Вы оценили качество нашего чехла. С уважением к Вам и Вашему вкусу, команда UVOO."
0,4,ярко-розовый,"Упаковка конечно легкая, ожидала, что будет тяжелее.Цвет приятный, если и брать то только по скидке)","Анастасия, добрый день! Благодарим за Ваш отзыв, фотографии и интерес к марке Limoni!"
0,4,красный,"Пазл отличный. Но, к сожалению, когда собрали, заметили, что не хватает одной детали. Очень жалко.","Добрый день! Мы сожалеем, что Вам пришлось столкнуться с данной ситуацией. Для получения частей пазла можете обратиться по email: care@unidragon.com"
0,4,молочный,"Отличная тюль за такую цену! Вот такая красота получилась в детской, только ещё не отпарили! Вообщем советую!",
10003297,5,"синий, серый меланж","Прекрасная шапочка. Мягкая, удобная.Заказала с шарфом, получился комплект",
10003059,3,розовый,"Пришел чуток слома с боков, пришлось забрать так как прошлый заказ был утерян",
0,5,голубой,Норм. за такую цену 580 р,"Добрый день, дорогой покупатель! Спасибо за положительный отзыв. Будем счастливы и в дальнейшем радовать вас нашей продукцией. Ждем новых покупок!"
0,4,,"Пишу отзыв спустя год полу-активного пользования 6 камуфлирующих баз данного производителя.😊 Какие-то базы более востребованные и уже закончились, розовая и молочная пока ещё есть в таре. Так вот, они расслоились на фракции: прозрачка мутная+пигмент. Я их мешаю палочкой внутри, наношу клиентке, они все равно небольшими разводами, убираю, через пару дней опять тоже самое. Хранятся все в одинаковых условиях гель-лаки и базы с гелями в рабочем кабинете. Особенно новенькие клиентки очень ""ценят"" размешивание, для них это в новинку в основном. 😂",Добрый день. Благодарим Вас за отзыв. Будем рады видеть Вас снова!
